d,o,c
2015-10-01,12.013333,11.966667
2015-10-02,11.850000,12.163333
2015-10-05,12.233333,12.396667
2015-10-06,12.413333,12.426667
2015-10-07,12.496667,12.540000
2015-10-08,12.510000,12.676667
2015-10-09,12.683333,12.676667
2015-10-12,12.660000,12.650000
2015-10-13,12.603333,12.583333
2015-10-14,12.563333,12.540000
2015-10-15,12.570000,12.663333
2015-10-16,12.690000,12.733333
2015-10-19,12.696667,12.713333
2015-10-20,12.676667,12.690000
2015-10-21,12.703333,12.656667
2015-10-22,12.740000,12.966667
2015-10-23,13.080000,13.090000
2015-10-26,13.070000,13.056667
2015-10-27,13.006667,13.006667
2015-10-28,13.030000,13.123333
2015-10-29,13.090000,13.086667
2015-10-30,13.103333,13.033333
2015-11-02,13.053333,13.173333
2015-11-03,13.156667,13.216667
2015-11-04,13.240000,13.173333
2015-11-05,13.156667,13.113333
2015-11-06,13.063333,13.080000
2015-11-09,13.036667,12.940000
2015-11-10,12.903333,12.953333
2015-11-11,12.983333,12.946667
2015-11-12,12.866667,12.766667
2015-11-13,12.746667,12.653333
2015-11-16,12.656667,12.860000
2015-11-17,12.910000,12.866667
2015-11-18,12.886667,12.993333
2015-11-19,12.993333,13.023333
2015-11-20,13.090000,13.030000
2015-11-23,13.033333,13.050000
2015-11-24,12.986667,13.106667
2015-11-25,13.090000,13.090000
2015-11-27,13.090000,13.100000
2015-11-30,13.126667,13.070000
2015-12-01,13.103333,13.180000
2015-12-02,13.186667,13.063333
2015-12-03,13.086667,12.906667
2015-12-04,12.923333,13.140000
2015-12-07,13.096667,13.076667
2015-12-08,12.956667,12.956667
2015-12-09,12.946667,12.916667
2015-12-10,12.930000,12.960000
2015-12-11,12.803333,12.750000
2015-12-14,12.760000,12.846667
2015-12-15,12.926667,12.966667
2015-12-16,13.020000,13.113333
2015-12-17,13.133333,12.930000
2015-12-18,12.883333,12.710000
2015-12-21,12.690000,12.716667
2015-12-22,12.783333,12.850000
2015-12-23,12.930000,13.013333
2015-12-24,13.003333,12.980000
2015-12-28,12.923333,12.943333
2015-12-29,13.006667,13.073333
2015-12-30,13.043333,13.000000
2015-12-31,12.946667,12.853333
2016-01-04,12.686667,12.706667
2016-01-05,12.733333,12.780000
2016-01-06,12.613333,12.626667
2016-01-07,12.420000,12.363333
2016-01-08,12.440000,12.230000
2016-01-11,12.296667,12.253333
2016-01-12,12.356667,12.326667
2016-01-13,12.380000,12.090000
2016-01-14,12.126667,12.293333
2016-01-15,11.966667,12.036667
2016-01-19,12.156667,12.050000
2016-01-20,11.853333,11.866667
2016-01-21,11.896667,11.970000
2016-01-22,12.176667,12.193333
2016-01-25,12.156667,12.060000
2016-01-26,12.110000,12.263300
2016-01-27,12.216667,12.193333
2016-01-28,12.280000,12.280000
2016-01-29,12.353333,12.560000
2016-02-01,12.460000,12.553333
2016-02-02,12.430000,12.353333
2016-02-03,12.433333,12.460000
2016-02-04,12.433333,12.463333
2016-02-05,12.436667,12.330000
2016-02-08,12.210000,12.306667
2016-02-09,12.196667,12.286667
2016-02-10,12.346667,12.220000
2016-02-11,12.036667,12.093333
2016-02-12,12.180000,12.286667
2016-02-16,12.406667,12.436667
2016-02-17,12.506667,12.616667
2016-02-18,12.636667,12.620000
2016-02-19,12.570000,12.600000
2016-02-22,12.713333,12.740000
2016-02-23,12.723333,12.636667
2016-02-24,12.533333,12.693333
2016-02-25,12.723333,12.836667
2016-02-26,12.913333,12.753333
2016-02-29,12.760000,12.653333
2016-03-01,12.743333,12.880000
2016-03-02,12.843333,12.943333
2016-03-03,12.930000,12.973333
2016-03-04,12.963333,13.023333
2016-03-07,12.976667,13.066667
2016-03-08,13.013333,12.986667
2016-03-09,13.066667,13.076667
2016-03-10,13.113333,13.076667
2016-03-11,13.176667,13.216667
2016-03-14,13.173333,13.193333
2016-03-15,13.136667,13.196667
2016-03-16,13.173333,13.270000
2016-03-17,13.276667,13.386667
2016-03-18,13.420000,13.410000
2016-03-21,13.286667,13.330000
2016-03-22,13.290000,13.303333
2016-03-23,13.276667,13.230000
2016-03-24,13.153333,13.238333
2016-03-28,13.270000,13.243333
2016-03-29,13.226667,13.360000
2016-03-30,13.413333,13.388333
2016-03-31,13.383333,13.363333
2016-04-01,13.280000,13.416667
2016-04-04,13.413333,13.383333
2016-04-05,13.333333,13.320000
2016-04-06,13.326667,13.426667
2016-04-07,13.333333,13.303333
2016-04-08,13.373333,13.353333
2016-04-11,13.403333,13.303333
2016-04-12,13.326667,13.413333
2016-04-13,13.463333,13.470000
2016-04-14,13.470000,13.446667
2016-04-15,13.446667,13.450000
2016-04-18,13.420000,13.540000
2016-04-19,13.560000,13.560000
2016-04-20,13.536667,13.516667
2016-04-21,13.500000,13.430000
2016-04-22,13.413333,13.426667
2016-04-25,13.400000,13.433333
2016-04-26,13.470000,13.453333
2016-04-27,13.460000,13.543333
2016-04-28,13.476667,13.423333
2016-04-29,13.386667,13.340000
2016-05-02,13.373333,13.420000
2016-05-03,13.366667,13.350000
2016-05-04,13.296667,13.300000
2016-05-05,13.320000,13.306667
2016-05-06,13.273333,13.380000
2016-05-09,13.390000,13.380000
2016-05-10,13.426667,13.529967
2016-05-11,13.500000,13.426667
2016-05-12,13.483333,13.463333
2016-05-13,13.446667,13.326667
2016-05-16,13.333333,13.446667
2016-05-17,13.440000,13.316667
2016-05-18,13.266667,13.236667
2016-05-19,13.196667,13.223333
2016-05-20,13.270000,13.273333
2016-05-23,13.273333,13.260000
2016-05-24,13.323333,13.416667
2016-05-25,13.456667,13.500000
2016-05-26,13.516667,13.516667
2016-05-27,13.536667,13.553333
2016-05-31,13.586667,13.526667
2016-06-01,13.490000,13.556667
2016-06-02,13.530000,13.570000
2016-06-03,13.563333,13.590000
2016-06-06,13.630000,13.666667
2016-06-07,13.693333,13.716667
2016-06-08,13.723333,13.760000
2016-06-09,13.710000,13.766667
2016-06-10,13.693333,13.706667
2016-06-13,13.663333,13.600000
2016-06-14,13.576667,13.606667
2016-06-15,13.640000,13.583333
2016-06-16,13.536667,13.660000
2016-06-17,13.653333,13.630000
2016-06-20,13.653333,13.626667
2016-06-21,13.650000,13.660000
2016-06-22,13.670000,13.626667
2016-06-23,13.733333,13.790000
2016-06-24,13.416667,13.400000
2016-06-27,13.316667,13.223333
2016-06-28,13.323333,13.390000
2016-06-29,13.483333,13.580000
2016-06-30,13.613333,13.813333
2016-07-01,13.806667,13.826667
2016-07-05,13.766667,13.780000
2016-07-06,13.766667,13.826667
2016-07-07,13.850000,13.806667
2016-07-08,13.876667,13.990000
2016-07-11,14.006667,14.053333
2016-07-12,14.086667,14.126667
2016-07-13,14.150000,14.160000
2016-07-14,14.240000,14.216667
2016-07-15,14.243333,14.210000
2016-07-18,14.226667,14.223333
2016-07-19,14.223333,14.226667
2016-07-20,14.280000,14.276667
2016-07-21,14.260000,14.226667
2016-07-22,14.240000,14.310000
2016-07-25,14.296667,14.280000
2016-07-26,14.273333,14.290000
2016-07-27,14.283333,14.213333
2016-07-28,14.190000,14.183333
2016-07-29,14.150000,14.206667
2016-08-01,14.210000,14.163333
2016-08-02,14.150000,14.073333
2016-08-03,14.070000,14.080000
2016-08-04,14.096667,14.103333
2016-08-05,14.153333,14.183333
2016-08-08,14.213333,14.183333
2016-08-09,14.196667,14.190000
2016-08-10,14.210000,14.186667
2016-08-11,14.236667,14.263333
2016-08-12,14.260000,14.253333
2016-08-15,14.286667,14.293333
2016-08-16,14.260000,14.210000
2016-08-17,14.200000,14.233333
2016-08-18,14.233333,14.276667
2016-08-19,14.243333,14.226667
2016-08-22,14.216667,14.210000
2016-08-23,14.260000,14.243333
2016-08-24,14.243333,14.206667
2016-08-25,14.193333,14.200000
2016-08-26,14.213333,14.160000
2016-08-29,14.170000,14.240000
2016-08-30,14.250000,14.186667
2016-08-31,14.180000,14.160000
2016-09-01,14.150000,14.186667
2016-09-02,14.250000,14.246667
2016-09-06,14.270000,14.286667
2016-09-07,14.283333,14.263333
2016-09-08,14.250000,14.233333
2016-09-09,14.150000,13.880000
2016-09-12,13.836667,14.076667
2016-09-13,13.980000,13.883300
2016-09-14,13.890000,13.850000
2016-09-15,13.843333,13.993333
2016-09-16,13.970000,13.953333
2016-09-19,13.920000,13.870000
2016-09-20,13.930000,13.863333
2016-09-21,13.893333,14.003333
2016-09-22,14.086667,14.070000
2016-09-23,14.060000,13.996667
2016-09-26,13.956667,13.883333
2016-09-27,13.883333,13.990000
2016-09-28,14.016667,14.066667
2016-09-29,14.056667,13.990000
2016-09-30,14.063333,14.103333
2016-10-03,14.083333,14.051667
2016-10-04,14.073333,13.943333
2016-10-05,13.996667,14.003333
2016-10-06,13.990000,14.013333
2016-10-07,14.040000,13.986667
2016-10-10,14.050000,14.006667
2016-10-11,13.996667,13.866667
2016-10-12,13.866667,13.876667
2016-10-13,13.750000,13.833333
2016-10-14,13.870000,13.853333
2016-10-17,13.846667,13.816667
2016-10-18,13.893333,13.826667
2016-10-19,13.833333,13.796667
2016-10-20,13.773333,13.750000
2016-10-21,13.770000,13.796667
2016-10-24,13.853333,13.866667
2016-10-25,13.880000,13.873333
2016-10-26,13.836667,13.896667
2016-10-27,13.936667,13.853333
2016-10-28,13.866667,13.866667
2016-10-31,13.900000,13.883333
2016-11-01,13.893333,13.790000
2016-11-02,13.780000,13.738767
2016-11-03,13.770000,13.700000
2016-11-04,13.693333,13.646667
2016-11-07,13.823333,13.903333
2016-11-08,13.906667,13.983333
2016-11-09,13.846667,14.110000
2016-11-10,14.176667,14.093333
2016-11-11,14.056667,14.083333
2016-11-14,14.123333,14.063333
2016-11-15,14.110000,14.176667
2016-11-16,14.190000,14.176667
2016-11-17,14.183333,14.190000
2016-11-18,14.200000,14.173333
2016-11-21,14.206667,14.270000
2016-11-22,14.306667,14.343333
2016-11-23,14.340000,14.350000
2016-11-25,14.373333,14.413333
2016-11-28,14.403333,14.393333
2016-11-29,14.386667,14.390000
2016-11-30,14.420000,14.336667
2016-12-01,14.360000,14.240000
2016-12-02,14.240000,14.286667
2016-12-05,14.346667,14.346667
2016-12-06,14.360000,14.386667
2016-12-07,14.393333,14.590000
2016-12-08,14.590000,14.596667
2016-12-09,14.616667,14.676667
2016-12-12,14.696667,14.750000
2016-12-13,14.810000,14.843333
2016-12-14,14.840000,14.693333
2016-12-15,14.683333,14.736667
2016-12-16,14.773333,14.743333
2016-12-19,14.590000,14.646667
2016-12-20,14.676667,14.683333
2016-12-21,14.676667,14.650000
2016-12-22,14.653333,14.636667
2016-12-23,14.640000,14.646667
2016-12-27,14.670000,14.670000
2016-12-28,14.680000,14.560000
2016-12-29,14.570000,14.573333
2016-12-30,14.590000,14.523333
2017-01-03,14.600000,14.600000
2017-01-04,14.626667,14.623333
2017-01-05,14.606667,14.610000
2017-01-06,14.613333,14.610000
2017-01-09,14.590000,14.533333
2017-01-10,14.533333,14.483333
2017-01-11,14.483333,14.523333
2017-01-12,14.500000,14.493333
2017-01-13,14.503333,14.503333
2017-01-17,14.483333,14.503333
2017-01-18,14.513333,14.510000
2017-01-19,14.513333,14.456667
2017-01-20,14.503333,14.533333
2017-01-23,14.500000,14.470000
2017-01-24,14.453333,14.556667
2017-01-25,14.623333,14.653333
2017-01-26,14.636667,14.600000
2017-01-27,14.610000,14.603333
2017-01-30,14.563333,14.523333
2017-01-31,14.483333,14.453333
2017-02-01,14.456667,14.386667
2017-02-02,14.366667,14.403333
2017-02-03,14.450000,14.470000
2017-02-06,14.463333,14.453333
2017-02-07,14.486667,14.483333
2017-02-08,14.483333,14.503333
2017-02-09,14.513333,14.563333
2017-02-10,14.580000,14.596667
2017-02-13,14.636667,14.670000
2017-02-14,14.663333,14.700000
2017-02-15,14.693333,14.783333
2017-02-16,14.783333,14.810000
2017-02-17,14.773333,14.830000
2017-02-21,14.863333,14.910000
2017-02-22,14.886667,14.896667
2017-02-23,14.940000,14.960000
2017-02-24,14.930000,15.000000
2017-02-27,15.000000,15.003333
2017-02-28,14.956667,14.946667
2017-03-01,15.016667,15.103333
2017-03-02,15.096667,15.053333
2017-03-03,15.056667,15.036667
2017-03-06,14.990000,15.013333
2017-03-07,14.983333,14.966667
2017-03-08,14.966667,14.950000
2017-03-09,14.940000,14.956667
2017-03-10,15.026667,15.016667
2017-03-13,15.016667,15.010000
2017-03-14,14.980000,14.963333
2017-03-15,14.980000,15.076667
2017-03-16,15.083333,15.063333
2017-03-17,15.070000,15.073333
2017-03-20,14.963333,14.947800
2017-03-21,14.990000,14.833333
2017-03-22,14.836667,14.846667
2017-03-23,14.833333,14.826667
2017-03-24,14.850000,14.793333
2017-03-27,14.720000,14.780000
2017-03-28,14.760000,14.856667
2017-03-29,14.840000,14.853333
2017-03-30,14.846667,14.873333
2017-03-31,14.866667,14.860000
2017-04-03,14.866667,14.816667
2017-04-04,14.813333,14.853333
2017-04-05,14.883333,14.813333
2017-04-06,14.826667,14.820000
2017-04-07,14.823333,14.826667
2017-04-10,14.833333,14.826667
2017-04-11,14.813333,14.830000
2017-04-12,14.816667,14.786667
2017-04-13,14.766667,14.696667
2017-04-17,14.726667,14.793333
2017-04-18,14.750000,14.790000
2017-04-19,14.803333,14.730000
2017-04-20,14.750000,14.803333
2017-04-21,14.763333,14.780000
2017-04-24,14.893333,14.910000
2017-04-25,14.956667,14.990000
2017-04-26,14.976667,14.956667
2017-04-27,14.976667,14.966667
2017-04-28,14.953333,14.896667
2017-05-01,14.916667,14.873333
2017-05-02,14.876667,14.880000
2017-05-03,14.880000,14.890000
2017-05-04,14.906667,14.903333
2017-05-05,14.906667,14.956667
2017-05-08,14.933333,14.940000
2017-05-09,14.946667,14.926667
2017-05-10,14.920000,14.936667
2017-05-11,14.893333,14.873333
2017-05-12,14.856667,14.846667
2017-05-15,14.873333,14.926667
2017-05-16,14.946667,14.940000
2017-05-17,14.860000,14.756667
2017-05-18,14.743333,14.773333
2017-05-19,14.810000,14.886667
2017-05-22,14.920000,14.963333
2017-05-23,14.970000,14.953333
2017-05-24,14.963333,14.983333
2017-05-25,15.036667,15.083333
2017-05-26,15.073333,15.076667
2017-05-30,15.063333,15.113333
2017-05-31,15.146667,15.156667
2017-06-01,15.166667,15.233333
2017-06-02,15.256667,15.260000
2017-06-05,15.253333,15.266667
2017-06-06,15.236667,15.223333
2017-06-07,15.230000,15.210000
2017-06-08,15.213333,15.200000
2017-06-09,15.213333,15.233333
2017-06-12,15.220000,15.260000
2017-06-13,15.280000,15.306667
2017-06-14,15.330000,15.326667
2017-06-15,15.256667,15.323333
2017-06-16,15.323333,15.350000
2017-06-19,15.290000,15.323333
2017-06-20,15.303333,15.240000
2017-06-21,15.253333,15.180000
2017-06-22,15.183333,15.163333
2017-06-23,15.160000,15.193333
2017-06-26,15.220000,15.180000
2017-06-27,15.166667,15.076667
2017-06-28,15.126667,15.143333
2017-06-29,15.126667,14.986667
2017-06-30,15.043333,15.033333
2017-07-03,15.070000,15.070000
2017-07-05,15.083333,15.080000
2017-07-06,15.040000,14.966667
2017-07-07,14.990000,15.033333
2017-07-10,15.030000,15.000000
2017-07-11,15.000000,14.986667
2017-07-12,15.053333,15.086667
2017-07-13,15.096667,15.100000
2017-07-14,15.123333,15.186667
2017-07-17,15.180000,15.180000
2017-07-18,15.153333,15.156667
2017-07-19,15.170000,15.206667
2017-07-20,15.213333,15.206667
2017-07-21,15.150000,15.186667
2017-07-24,15.176667,15.093333
2017-07-25,15.153333,15.173333
2017-07-26,15.213333,15.200000
2017-07-27,15.236667,15.323333
2017-07-28,15.296667,15.250000
2017-07-31,15.256667,15.283333
2017-08-01,15.310000,15.293333
2017-08-02,15.276667,15.280000
2017-08-03,15.286667,15.306667
2017-08-04,15.330000,15.326667
2017-08-07,15.330000,15.353333
2017-08-08,15.340000,15.316667
2017-08-09,15.300000,15.323333
2017-08-10,15.273333,15.220000
2017-08-11,15.220000,15.213333
2017-08-14,15.283333,15.326667
2017-08-15,15.353333,15.326667
2017-08-16,15.350000,15.363333
2017-08-17,15.323333,15.150000
2017-08-18,15.143333,15.096667
2017-08-21,15.100000,15.146667
2017-08-22,15.170000,15.233333
2017-08-23,15.193333,15.180000
2017-08-24,15.210000,15.156667
2017-08-25,15.200000,15.200000
2017-08-28,15.226667,15.183333
2017-08-29,15.130000,15.200000
2017-08-30,15.200000,15.230000
2017-08-31,15.263333,15.280000
2017-09-01,15.300000,15.303333
2017-09-05,15.276667,15.236667
2017-09-06,15.283333,15.303333
2017-09-07,15.326667,15.326667
2017-09-08,15.310000,15.303333
2017-09-11,15.363333,15.433333
2017-09-12,15.466667,15.506667
2017-09-13,15.493333,15.540000
2017-09-14,15.520000,15.586667
2017-09-15,15.593333,15.646667
2017-09-18,15.546667,15.566667
2017-09-19,15.580000,15.583333
2017-09-20,15.590000,15.586667
2017-09-21,15.580000,15.526667
2017-09-22,15.523333,15.556667
2017-09-25,15.553333,15.573333
2017-09-26,15.583333,15.553333
2017-09-27,15.580000,15.550000
2017-09-28,15.510000,15.590000
2017-09-29,15.586667,15.600000
2017-10-02,15.610000,15.666667
2017-10-03,15.683333,15.716667
2017-10-04,15.710000,15.756667
2017-10-05,15.770000,15.823333
2017-10-06,15.790000,15.800000
2017-10-09,15.813333,15.823333
2017-10-10,15.886667,15.913333
2017-10-11,15.906667,15.950000
2017-10-12,15.930000,15.970000
2017-10-13,16.010000,16.003333
2017-10-16,16.016667,16.003333
2017-10-17,15.996667,16.010000
2017-10-18,16.063333,16.063333
2017-10-19,16.043333,16.100000
2017-10-20,16.143333,16.153333
2017-10-23,16.183333,16.166667
2017-10-24,16.210000,16.186667
2017-10-25,16.163333,16.110000
2017-10-26,16.173333,16.163333
2017-10-27,16.223333,16.270000
2017-10-30,16.243333,16.156667
2017-10-31,16.176667,16.163333
2017-11-01,16.213333,16.223333
2017-11-02,16.223333,16.236667
2017-11-03,16.250000,16.256667
2017-11-06,16.270000,16.206667
2017-11-07,16.216667,16.246667
2017-11-08,16.240000,16.296667
2017-11-09,16.223333,16.223333
2017-11-10,16.200000,16.226667
2017-11-13,16.213333,16.290000
2017-11-14,16.246667,16.310000
2017-11-15,16.243333,16.186667
2017-11-16,16.263333,16.350000
2017-11-17,16.316667,16.290000
2017-11-20,16.303333,16.343333
2017-11-21,16.403333,16.436667
2017-11-22,16.436667,16.400000
2017-11-24,16.430000,16.430000
2017-11-27,16.436667,16.446667
2017-11-28,16.480000,16.620000
2017-11-29,16.633333,16.686667
2017-11-30,16.723333,16.843333
2017-12-01,16.823333,16.816667
2017-12-04,16.936667,16.883333
2017-12-05,16.920000,16.810000
2017-12-06,16.786667,16.823333
2017-12-07,16.806667,16.813333
2017-12-08,16.863333,16.873333
2017-12-11,16.876667,16.923333
2017-12-12,16.960000,16.943333
2017-12-13,16.953333,16.996667
2017-12-14,17.016667,16.926667
2017-12-15,17.013333,17.053333
2017-12-18,17.020000,17.056667
2017-12-19,17.110000,17.066667
2017-12-20,17.133333,17.066667
2017-12-21,17.096667,17.036667
2017-12-22,17.053333,17.056667
2017-12-26,17.050000,17.066667
2017-12-27,17.083333,17.090000
2017-12-28,17.130000,17.100000
2017-12-29,17.130000,17.056667
2018-01-02,17.120000,17.110000
2018-01-03,17.106667,17.160000
2018-01-04,17.173333,17.243333
2018-01-05,17.283333,17.350000
2018-01-08,17.340000,17.386667
2018-01-09,17.410000,17.390000
2018-01-10,17.346667,17.340000
2018-01-11,17.376667,17.463333
2018-01-12,17.506667,17.563333
2018-01-16,17.646667,17.533333
2018-01-17,17.626667,17.796667
2018-01-18,17.813333,17.746667
2018-01-19,17.790000,17.803333
2018-01-22,17.793333,17.946667
2018-01-23,17.933333,17.903333
2018-01-24,17.913333,17.860000
2018-01-25,17.926667,17.890000
2018-01-26,17.976667,18.193333
2018-01-29,18.160000,18.063333
2018-01-30,17.960000,17.833333
2018-01-31,17.930000,17.833333
2018-02-01,17.733333,17.776667
2018-02-02,17.660000,17.390000
2018-02-05,17.270000,16.633333
2018-02-06,16.333333,16.913333
2018-02-07,16.866667,16.876667
2018-02-08,16.883333,16.260000
2018-02-09,16.423333,16.480000
2018-02-12,16.633333,16.706667
2018-02-13,16.643333,16.720000
2018-02-14,16.633333,16.816667
2018-02-15,16.920000,17.013333
2018-02-16,16.973333,17.033333
2018-02-20,16.916667,16.833333
2018-02-21,16.850000,16.683333
2018-02-22,16.733333,16.750000
2018-02-23,16.836667,16.990000
2018-02-26,17.060000,17.223333
2018-02-27,17.250000,17.046667
2018-02-28,17.133333,16.830000
2018-03-01,16.836667,16.623333
2018-03-02,16.486667,16.673333
2018-03-05,16.583333,16.846667
2018-03-06,16.906667,16.860000
2018-03-07,16.690000,16.823333
2018-03-08,16.866667,16.893333
2018-03-09,17.000000,17.133333
2018-03-12,17.156667,17.036667
2018-03-13,17.106667,16.970000
2018-03-14,17.036667,16.813333
2018-03-15,16.853333,16.820000
2018-03-16,16.753333,16.796667
2018-03-19,16.753333,16.590000
2018-03-20,16.633333,16.593333
2018-03-21,16.570000,16.533333
2018-03-22,16.413333,16.173333
2018-03-23,16.193333,15.860000
2018-03-26,16.080000,16.246667
2018-03-27,16.296667,16.083333
2018-03-28,16.113333,16.140000
2018-03-29,16.230000,16.343333
2018-04-02,16.316667,15.956667
2018-04-03,16.033333,16.176667
2018-04-04,15.953333,16.366667
2018-04-05,16.420000,16.450000
2018-04-06,16.350000,16.120000
2018-04-09,16.183333,16.123333
2018-04-10,16.333333,16.363333
2018-04-11,16.273333,16.310000
2018-04-12,16.393333,16.400000
2018-04-13,16.500000,16.380000
2018-04-16,16.473333,16.546667
2018-04-17,16.646667,16.646667
2018-04-18,16.636667,16.590000
2018-04-19,16.516667,16.376667
2018-04-20,16.360000,16.216667
2018-04-23,16.253333,16.226667
2018-04-24,16.290000,16.070000
2018-04-25,16.070000,16.153333
2018-04-26,16.180000,16.286667
2018-04-27,16.280000,16.313333
2018-04-30,16.343333,16.160000
2018-05-01,16.096667,16.073333
2018-05-02,16.033333,15.910000
2018-05-03,15.853333,15.870000
2018-05-04,15.816667,16.080000
2018-05-07,16.123333,16.060000
2018-05-08,16.033333,16.060000
2018-05-09,16.076667,16.166667
2018-05-10,16.240000,16.330000
2018-05-11,16.360000,16.400000
2018-05-14,16.473333,16.466667
2018-05-15,16.393333,16.366667
2018-05-16,16.386667,16.483333
2018-05-17,16.490000,16.513333
2018-05-18,16.493333,16.463333
2018-05-21,16.543333,16.616667
2018-05-22,16.653333,16.533333
2018-05-23,16.456667,16.566667
2018-05-24,16.536667,16.546667
2018-05-25,16.513333,16.533333
2018-05-29,16.433333,16.406667
2018-05-30,16.493333,16.640000
2018-05-31,16.610000,16.450000
2018-06-01,16.546667,16.606667
2018-06-04,16.663333,16.693333
2018-06-05,16.706667,16.733333
2018-06-06,16.773333,16.836667
2018-06-07,16.863333,16.883333
2018-06-08,16.853333,16.960000
2018-06-11,16.970000,16.993333
2018-06-12,17.020000,17.003333
2018-06-13,17.016667,16.913333
2018-06-14,16.966667,16.913333
2018-06-15,16.866667,16.973333
2018-06-18,16.876667,16.826667
2018-06-19,16.690000,16.783333
2018-06-20,16.830000,16.780000
2018-06-21,16.793333,16.703333
2018-06-22,16.800000,16.780000
2018-06-25,16.720000,16.653333
2018-06-26,16.520000,16.480000
2018-06-27,16.496667,16.360000
2018-06-28,16.323333,16.423333
2018-06-29,16.466667,16.430000
2018-07-02,16.330000,16.403333
2018-07-03,16.460000,16.373333
2018-07-05,16.443333,16.546667
2018-07-06,16.540000,16.616667
2018-07-09,16.676667,16.720000
2018-07-10,16.770000,16.856667
2018-07-11,16.783333,16.706667
2018-07-12,16.790000,16.790000
2018-07-13,16.793333,16.860000
2018-07-16,16.860000,16.813333
2018-07-17,16.783333,16.863333
2018-07-18,16.856667,16.880000
2018-07-19,16.843333,16.890000
2018-07-20,16.850000,16.866667
2018-07-23,16.863333,16.856667
2018-07-24,16.906667,16.910000
2018-07-25,16.886667,17.010000
2018-07-26,17.060000,17.113333
2018-07-27,17.050000,17.033333
2018-07-30,17.026667,17.023333
2018-07-31,17.093333,17.176667
2018-08-01,17.126667,17.033333
2018-08-02,16.966667,17.113333
2018-08-03,17.126667,17.240000
2018-08-06,17.236667,17.266667
2018-08-07,17.306667,17.323333
2018-08-08,17.336667,17.310000
2018-08-09,17.330000,17.266667
2018-08-10,17.183333,17.156667
2018-08-13,17.176667,17.083333
2018-08-14,17.123333,17.183333
2018-08-15,17.093333,17.160000
2018-08-16,17.293333,17.360000
2018-08-17,17.343333,17.453333
2018-08-20,17.493333,17.496667
2018-08-21,17.510000,17.533333
2018-08-22,17.520000,17.473333
2018-08-23,17.453333,17.460000
2018-08-24,17.460000,17.520000
2018-08-27,17.576667,17.610000
2018-08-28,17.643333,17.613333
2018-08-29,17.616667,17.643333
2018-08-30,17.596667,17.550000
2018-08-31,17.520000,17.570000
2018-09-04,17.543333,17.563333
2018-09-05,17.523333,17.696667
2018-09-06,17.706667,17.700000
2018-09-07,17.653333,17.653333
2018-09-10,17.716667,17.720000
2018-09-11,17.703333,17.693333
2018-09-12,17.673333,17.733333
2018-09-13,17.803333,17.800000
2018-09-14,17.810000,17.820000
2018-09-17,17.826667,17.806667
2018-09-18,17.846667,17.896667
2018-09-19,17.896667,17.880000
2018-09-20,17.940000,18.013333
2018-09-21,18.076667,18.050000
2018-09-24,18.023333,17.903333
2018-09-25,17.796667,17.666667
2018-09-26,17.710000,17.643333
2018-09-27,17.660000,17.636667
2018-09-28,17.613333,17.666667
2018-10-01,17.720000,17.716667
2018-10-02,17.713333,17.770000
2018-10-03,17.843333,17.760000
2018-10-04,17.720000,17.673333
2018-10-05,17.666667,17.563333
2018-10-08,17.533333,17.650000
2018-10-09,17.650000,17.586667
2018-10-10,17.536667,17.146667
2018-10-11,17.116667,16.710000
2018-10-12,16.923333,16.833333
2018-10-15,16.806667,16.813333
2018-10-16,16.896667,17.080000
2018-10-17,17.023333,16.996667
2018-10-18,16.936667,16.813333
2018-10-19,16.856667,16.853333
2018-10-22,16.880000,16.803333
2018-10-23,16.576667,16.733333
2018-10-24,16.686667,16.350000
2018-10-25,16.423333,16.520000
2018-10-26,16.403333,16.323333
2018-10-29,16.476667,16.366667
2018-10-30,16.393333,16.690000
2018-10-31,16.773333,16.623333
2018-11-01,16.663333,16.816667
2018-11-02,16.920000,16.763333
2018-11-05,16.796667,16.953333
2018-11-06,16.943333,17.066667
2018-11-07,17.200000,17.280000
2018-11-08,17.203333,17.273333
2018-11-09,17.230000,17.173333
2018-11-12,17.146667,16.936667
2018-11-13,16.970000,16.923333
2018-11-14,17.033333,16.843333
2018-11-15,16.766667,16.963333
2018-11-16,16.883333,17.010000
2018-11-19,16.993333,16.866667
2018-11-20,16.676667,16.526667
2018-11-21,16.580000,16.546667
2018-11-23,16.456667,16.470000
2018-11-26,16.583333,16.646667
2018-11-27,16.603333,16.770000
2018-11-28,16.816667,17.033333
2018-11-29,17.006667,17.000000
2018-11-30,16.996667,17.183333
2018-12-03,17.356667,17.266667
2018-12-04,17.233333,16.806667
2018-12-06,16.586667,16.743333
2018-12-07,16.733333,16.413333
2018-12-10,16.433333,16.440000
2018-12-11,16.620000,16.466667
2018-12-12,16.520000,16.346667
2018-12-13,16.393333,16.370000
2018-12-14,16.256667,16.156667
2018-12-17,16.110000,15.816667
2018-12-18,15.910000,15.793333
2018-12-19,15.810000,15.553333
2018-12-20,15.486667,15.346667
2018-12-21,15.343333,15.170000
2018-12-24,15.070000,14.743333
2018-12-26,14.806667,15.376667
2018-12-27,15.203333,15.563333
2018-12-28,15.626667,15.526667
2018-12-31,15.606667,15.656667
2019-01-02,15.446667,15.656667
2019-01-03,15.566667,15.350000
2019-01-04,15.536667,15.773333
2019-01-07,15.793333,15.880000
2019-01-08,16.053333,16.030000
2019-01-09,16.083333,16.043333
2019-01-10,15.976667,16.113333
2019-01-11,16.050000,16.133333
2019-01-14,16.050000,16.060000
2019-01-15,16.066667,16.090000
2019-01-16,16.093333,16.033333
2019-01-17,15.983333,16.146667
2019-01-18,16.293333,16.413333
2019-01-22,16.336667,16.193333
2019-01-23,16.283333,16.256667
2019-01-24,16.280000,16.306667
2019-01-25,16.376667,16.366667
2019-01-28,16.246667,16.273333
2019-01-29,16.276667,16.293333
2019-01-30,16.356667,16.446667
2019-01-31,16.460000,16.603333
2019-02-01,16.640000,16.643333
2019-02-04,16.643333,16.740000
2019-02-05,16.756667,16.783333
2019-02-06,16.776667,16.843333
2019-02-07,16.750000,16.726667
2019-02-08,16.653333,16.726667
2019-02-11,16.776667,16.760000
2019-02-12,16.876667,17.000000
2019-02-13,17.053333,17.096667
2019-02-14,17.043333,17.043333
2019-02-15,17.156667,17.240000
2019-02-19,17.220000,17.306667
2019-02-20,17.276667,17.303333
2019-02-21,17.273333,17.240000
2019-02-22,17.300000,17.363333
2019-02-25,17.450000,17.363333
2019-02-26,17.336667,17.323333
2019-02-27,17.293333,17.280000
2019-02-28,17.280000,17.276667
2019-03-01,17.390000,17.346667
2019-03-04,17.406667,17.280000
2019-03-05,17.286667,17.240000
2019-03-06,17.250000,17.173333
2019-03-07,17.143333,17.056667
2019-03-08,16.953333,17.006667
2019-03-11,17.070000,17.246667
2019-03-12,17.280000,17.270000
2019-03-13,17.323333,17.380000
2019-03-14,17.393333,17.330000
2019-03-15,17.366667,17.423333
2019-03-18,17.443333,17.510000
2019-03-19,17.566667,17.490000
2019-03-20,17.360000,17.263333
2019-03-21,17.213333,17.453333
2019-03-22,17.396667,17.203333
2019-03-25,17.163333,17.166667
2019-03-26,17.280000,17.363333
2019-03-27,17.363333,17.296667
2019-03-28,17.326667,17.333333
2019-03-29,17.400000,17.426667
2019-04-01,17.530000,17.626667
2019-04-02,17.620000,17.573333
2019-04-03,17.633333,17.603333
2019-04-04,17.616667,17.700000
2019-04-05,17.726667,17.766667
2019-04-08,17.743333,17.830000
2019-04-09,17.760000,17.676667
2019-04-10,17.690000,17.700000
2019-04-11,17.740000,17.753333
2019-04-12,17.833333,17.866667
2019-04-15,17.886667,17.883333
2019-04-16,17.933333,18.023333
2019-04-17,18.110000,18.073333
2019-04-18,18.116667,18.070000
2019-04-22,18.036667,18.076667
2019-04-23,18.120000,18.200000
2019-04-24,18.196667,18.183333
2019-04-25,18.020000,17.906667
2019-04-26,17.830000,17.913333
2019-04-29,17.910000,17.883333
2019-04-30,17.923333,17.986667
2019-05-01,18.023333,17.830000
2019-05-02,17.820000,17.850000
2019-05-03,17.933333,17.996667
2019-05-06,17.720000,17.886667
2019-05-07,17.733333,17.590000
2019-05-08,17.580000,17.553333
2019-05-09,17.400000,17.463333
2019-05-10,17.403333,17.556667
2019-05-13,17.290000,17.183333
2019-05-14,17.250000,17.303333
2019-05-15,17.240000,17.393333
2019-05-16,17.406667,17.443333
2019-05-17,17.303333,17.346667
2019-05-20,17.243333,17.250000
2019-05-21,17.340000,17.376667
2019-05-22,17.303333,17.310000
2019-05-23,17.190000,17.143333
2019-05-24,17.210000,17.133333
2019-05-28,17.160000,16.866667
2019-05-29,16.786667,16.826667
2019-05-30,16.853333,16.863333
2019-05-31,16.706667,16.620000
2019-06-03,16.653333,16.813333
2019-06-04,16.980000,17.156667
2019-06-05,17.243333,17.223333
2019-06-06,17.266667,17.350000
2019-06-07,17.413333,17.463333
2019-06-10,17.550000,17.530000
2019-06-11,17.630000,17.566667
2019-06-12,17.543333,17.516667
2019-06-13,17.583333,17.633333
2019-06-14,17.576667,17.573333
2019-06-17,17.586667,17.526667
2019-06-18,17.610000,17.686667
2019-06-19,17.700000,17.723333
2019-06-20,17.873333,17.900000
2019-06-21,17.880000,17.880000
2019-06-24,17.870000,17.816667
2019-06-25,17.826667,17.716667
2019-06-26,17.613333,17.576667
2019-06-27,17.610000,17.623333
2019-06-28,17.683333,17.690000
2019-07-01,17.910000,17.836667
2019-07-02,17.836667,17.830000
2019-07-03,17.866667,17.970000
2019-07-05,17.886667,17.916667
2019-07-08,17.853333,17.846667
2019-07-09,17.773333,17.770000
2019-07-10,17.826667,17.820000
2019-07-11,17.863333,17.873333
2019-07-12,17.916667,18.023333
2019-07-15,18.050000,18.050000
2019-07-16,18.036667,18.040000
2019-07-17,18.066667,17.896667
2019-07-18,17.860000,17.956667
2019-07-19,18.000000,17.916667
2019-07-22,17.930000,17.906667
2019-07-23,18.013333,18.100000
2019-07-24,18.130000,18.280000
2019-07-25,18.280000,18.260000
2019-07-26,18.283333,18.346667
2019-07-29,18.320000,18.340000
2019-07-30,18.266667,18.270000
2019-07-31,18.246667,17.983333
2019-08-01,17.970000,17.726667
2019-08-02,17.693333,17.633333
2019-08-05,17.423333,17.136667
2019-08-06,17.250000,17.283333
2019-08-07,17.140000,17.336667
2019-08-08,17.406667,17.636667
2019-08-09,17.580000,17.433333
2019-08-12,17.360000,17.250000
2019-08-13,17.223333,17.486667
2019-08-14,17.246667,17.043333
2019-08-15,17.100000,17.080000
2019-08-16,17.193333,17.380000
2019-08-19,17.570000,17.606667
2019-08-20,17.596667,17.500000
2019-08-21,17.666667,17.656667
2019-08-22,17.710000,17.710000
2019-08-23,17.633333,17.236667
2019-08-26,17.393333,17.403333
2019-08-27,17.533333,17.350000
2019-08-28,17.313333,17.533333
2019-08-29,17.683333,17.710000
2019-08-30,17.800000,17.750000
2019-09-03,17.663333,17.653333
2019-09-04,17.783333,17.866667
2019-09-05,18.023333,18.093333
2019-09-06,18.143333,18.156667
2019-09-09,18.226667,18.276667
2019-09-10,18.230000,18.386667
2019-09-11,18.416667,18.513333
2019-09-12,18.580000,18.586667
2019-09-13,18.610000,18.550000
2019-09-16,18.473333,18.436667
2019-09-17,18.410000,18.443333
2019-09-18,18.426667,18.433333
2019-09-19,18.453333,18.380000
2019-09-20,18.423333,18.290000
2019-09-23,18.256667,18.336667
2019-09-24,18.403333,18.206667
2019-09-25,18.050000,18.130000
2019-09-26,18.150000,18.143333
2019-09-27,18.193333,18.170000
2019-09-30,18.203333,18.260000
2019-10-01,18.320000,18.023333
2019-10-02,17.900000,17.656667
2019-10-03,17.680000,17.796667
2019-10-04,17.843333,18.043333
2019-10-07,18.003333,17.910000
2019-10-08,17.806667,17.623333
2019-10-09,17.746667,17.776667
2019-10-10,17.776667,17.920000
2019-10-11,18.116667,18.156667
2019-10-14,18.133333,18.116667
2019-10-15,18.173333,18.250000
2019-10-16,18.236667,18.206667
2019-10-17,18.243333,18.253333
2019-10-18,18.226667,18.246667
2019-10-21,18.333333,18.373333
2019-10-22,18.420000,18.403333
2019-10-23,18.303333,18.376667
2019-10-24,18.416667,18.360000
2019-10-25,18.376667,18.500000
2019-10-28,18.560000,18.593333
2019-10-29,18.573333,18.596667
2019-10-30,18.620000,18.626667
2019-10-31,18.603333,18.506667
2019-11-01,18.610000,18.696667
2019-11-04,18.780000,18.800000
2019-11-05,18.806667,18.793333
2019-11-06,18.813333,18.853333
2019-11-07,18.986667,18.946667
2019-11-08,18.916667,18.983333
2019-11-11,18.886667,18.883333
2019-11-12,18.920000,18.886667
2019-11-13,18.843333,18.863333
2019-11-14,18.863333,18.893333
2019-11-15,18.993333,19.003333
2019-11-18,18.990000,19.003333
2019-11-19,19.016667,18.886667
2019-11-20,18.883333,18.823333
2019-11-21,18.826667,18.826667
2019-11-22,18.873333,18.870000
2019-11-25,18.933333,18.983333
2019-11-26,19.000000,19.040000
2019-11-27,19.086667,19.110000
2019-11-29,19.083333,19.030000
2019-12-02,19.070000,18.943333
2019-12-03,18.776667,18.760000
2019-12-04,18.843333,18.913333
2019-12-05,18.953333,18.936667
2019-12-06,19.056667,19.113333
2019-12-09,19.096667,19.140000
2019-12-10,19.140000,19.076667
2019-12-11,19.086667,19.136667
2019-12-12,18.986667,19.170000
2019-12-13,19.163333,19.126667
2019-12-16,19.226667,19.193333
2019-12-17,19.233333,19.196667
2019-12-18,19.233333,19.160000
2019-12-19,19.180000,19.190000
2019-12-20,19.273333,19.353333
2019-12-23,19.386667,19.336667
2019-12-24,19.356667,19.323333
2019-12-26,19.350000,19.360000
2019-12-27,19.406667,19.383333
2019-12-30,19.383333,19.263333
2019-12-31,19.226667,19.306667
2020-01-02,19.396667,19.356667
2020-01-03,19.186667,19.216667
2020-01-06,19.123333,19.213333
2020-01-07,19.193333,19.186667
2020-01-08,19.183333,19.260000
2020-01-09,19.326667,19.383333
2020-01-10,19.420000,19.330000
2020-01-13,19.376667,19.473333
2020-01-14,19.456667,19.466667
2020-01-15,19.456667,19.500000
2020-01-16,19.583333,19.643333
2020-01-17,19.683333,19.716667
2020-01-21,19.680000,19.663333
2020-01-22,19.733333,19.736667
2020-01-23,19.680000,19.760000
2020-01-24,19.840000,19.613333
2020-01-27,19.333333,19.336667
2020-01-28,19.413333,19.440000
2020-01-29,19.496667,19.303333
2020-01-30,19.170000,19.313333
2020-01-31,19.260000,18.966667
2020-02-03,19.043333,19.020000
2020-02-04,19.246667,19.250000
2020-02-05,19.440000,19.626667
2020-02-06,19.706667,19.660000
2020-02-07,19.603333,19.493333
2020-02-10,19.446667,19.583333
2020-02-11,19.666667,19.653333
2020-02-12,19.733333,19.706667
2020-02-13,19.646667,19.643333
2020-02-14,19.663333,19.616667
2020-02-18,19.553333,19.500000
2020-02-19,19.556667,19.583333
2020-02-20,19.543333,19.540000
2020-02-21,19.463333,19.400000
2020-02-24,18.953333,18.800000
2020-02-25,18.900000,18.270000
2020-02-26,18.360000,18.176667
2020-02-27,17.896667,17.396667
2020-02-28,16.910000,17.193333
2020-03-02,17.300000,17.936667
2020-03-03,17.996667,17.486667
2020-03-04,17.833333,18.276667
2020-03-05,17.803333,17.703333
2020-03-06,17.156667,17.406667
2020-03-09,16.240000,16.153333
2020-03-10,16.710000,16.896667
2020-03-11,16.440000,16.120000
2020-03-12,15.020000,14.516667
2020-03-13,15.300000,15.793333
2020-03-16,14.110000,14.223333
2020-03-17,14.506667,15.353333
2020-03-18,14.366667,14.616667
2020-03-19,14.396667,14.313333
2020-03-20,14.396667,13.513333
2020-03-23,13.433333,13.166667
2020-03-24,13.906667,14.223333
2020-03-25,14.226667,14.206667
2020-03-26,14.370000,15.156667
2020-03-27,14.666667,14.803333
2020-03-30,14.876667,15.246667
2020-03-31,15.180000,14.993333
2020-04-01,14.470000,14.520000
2020-04-02,14.461800,14.926667
2020-04-03,14.863333,14.766667
2020-04-06,15.283333,15.590000
2020-04-07,16.120000,15.600000
2020-04-08,15.800000,16.083333
2020-04-09,16.313333,16.240000
2020-04-13,16.233333,16.076667
2020-04-14,16.363333,16.530000
2020-04-15,16.196667,16.066667
2020-04-16,16.133333,16.130000
2020-04-17,16.500000,16.633333
2020-04-20,16.366667,16.310000
2020-04-21,16.006667,15.916667
2020-04-22,16.260000,16.206667
2020-04-23,16.246667,16.216667
2020-04-24,16.306667,16.503333
2020-04-27,16.616667,16.806667
2020-04-28,17.070000,16.933333
2020-04-29,17.160000,17.210000
2020-04-30,17.100000,16.883333
2020-05-01,16.636667,16.440000
2020-05-04,16.336667,16.470000
2020-05-05,16.656667,16.606667
2020-05-06,16.713333,16.480000
2020-05-07,16.683333,16.546667
2020-05-08,16.756667,16.936667
2020-05-11,16.830000,16.926667
2020-05-12,16.983333,16.586667
2020-05-13,16.546667,16.290000
2020-05-14,16.156667,16.486667
2020-05-15,16.356667,16.520000
2020-05-18,16.950000,17.096667
2020-05-19,17.063333,16.820000
2020-05-20,17.013333,17.026667
2020-05-21,16.993333,16.883333
2020-05-22,16.876667,16.903333
2020-05-26,17.286667,17.203333
2020-05-27,17.416667,17.580000
2020-05-28,17.693333,17.483333
2020-05-29,17.446667,17.506667
2020-06-01,17.440000,17.486667
2020-06-02,17.563333,17.746667
2020-06-03,17.896667,18.033333
2020-06-04,17.956667,18.086667
2020-06-05,18.466667,18.566667
2020-06-08,18.646667,18.833333
2020-06-09,18.650000,18.590000
2020-06-10,18.603333,18.353333
2020-06-11,17.916667,17.226667
2020-06-12,17.656667,17.386667
2020-06-15,17.013333,17.513333
2020-06-16,18.023333,17.866667
2020-06-17,17.923333,17.773333
2020-06-18,17.680000,17.756667
2020-06-19,17.986667,17.646667
2020-06-22,17.580000,17.543333
2020-06-23,17.726667,17.596667
2020-06-24,17.290000,16.890000
2020-06-25,16.833333,17.113333
2020-06-26,17.033333,16.676667
2020-06-29,16.823333,17.030000
2020-06-30,16.983333,17.250000
2020-07-01,17.343333,17.086667
2020-07-02,17.370000,17.230000
2020-07-06,17.470000,17.403333
2020-07-07,17.263333,17.126667
2020-07-08,17.153333,17.156667
2020-07-09,17.126667,16.790000
2020-07-10,16.790000,17.163333
2020-07-13,17.320000,17.233333
2020-07-14,17.183333,17.443333
2020-07-15,17.706667,17.776667
2020-07-16,17.710000,17.810000
2020-07-17,17.873333,17.783333
2020-07-20,17.766667,17.626667
2020-07-21,17.786667,17.893333
2020-07-22,17.900000,18.006667
2020-07-23,18.023333,18.026667
2020-07-24,18.023333,17.946667
2020-07-27,17.940000,18.073333
2020-07-28,18.026667,17.966667
2020-07-29,18.040000,18.230000
2020-07-30,18.170000,18.220000
2020-07-31,18.136667,18.163333
2020-08-03,18.236667,18.240000
2020-08-04,18.196667,18.306667
2020-08-05,18.393333,18.506667
2020-08-06,18.483333,18.480000
2020-08-07,18.430000,18.746667
2020-08-10,18.770000,18.986667
2020-08-11,19.190000,19.086667
2020-08-12,19.263333,19.196667
2020-08-13,19.110000,19.070000
2020-08-14,19.013333,19.143333
2020-08-17,19.153333,19.056667
2020-08-18,19.093333,18.973333
2020-08-19,19.010000,18.916667
2020-08-20,18.800000,18.800000
2020-08-21,18.776667,18.783333
2020-08-24,18.893333,19.173333
2020-08-25,19.216667,19.073333
2020-08-26,19.056667,19.006667
2020-08-27,19.063333,19.123333
2020-08-28,19.173333,19.290000
2020-08-31,19.273333,19.093333
2020-09-01,19.093333,19.153333
2020-09-02,19.226667,19.513333
2020-09-03,19.493333,19.076667
2020-09-04,19.223333,19.110000
2020-09-08,18.983333,18.646667
2020-09-09,18.816667,18.866667
2020-09-10,18.923333,18.586667
2020-09-11,18.663333,18.716667
2020-09-14,18.890000,18.996667
2020-09-15,19.083333,18.966667
2020-09-16,19.090000,19.086667
2020-09-17,18.870000,19.040000
2020-09-18,19.070000,18.866667
2020-09-21,18.596667,18.380000
2020-09-22,18.406667,18.380000
2020-09-23,18.266667,17.843333
2020-09-24,17.816667,17.903333
2020-09-25,17.810000,18.090000
2020-09-28,18.333333,18.486667
2020-09-29,18.493333,18.306667
2020-09-30,18.363333,18.433333
2020-10-01,18.526667,18.423333
2020-10-02,18.146667,18.506667
2020-10-05,18.673333,18.910000
2020-10-06,18.983333,18.786667
2020-10-07,18.960000,19.170000
2020-10-08,19.333333,19.456667
2020-10-09,19.590000,19.493333
2020-10-12,19.566667,19.616667
2020-10-13,19.606667,19.453333
2020-10-14,19.496667,19.443333
2020-10-15,19.260000,19.543333
2020-10-16,19.630000,19.576667
2020-10-19,19.623333,19.326667
2020-10-20,19.430000,19.380000
2020-10-21,19.366667,19.240000
2020-10-22,19.270000,19.460000
2020-10-23,19.563333,19.566667
2020-10-26,19.350000,19.120000
2020-10-27,19.136667,18.846667
2020-10-28,18.500000,18.266667
2020-10-29,18.226667,18.506667
2020-10-30,18.393333,18.503333
2020-11-02,18.750000,18.916667
2020-11-03,19.140000,19.253333
2020-11-04,19.250000,19.023333
2020-11-05,19.346667,19.476667
2020-11-06,19.523333,19.343333
2020-11-09,20.263333,20.263333
2020-11-10,20.346667,20.476667
2020-11-11,20.666667,20.473333
2020-11-12,20.360000,20.120000
2020-11-13,20.243333,20.503333
2020-11-16,20.843333,20.960000
2020-11-17,20.826667,20.916667
2020-11-18,20.986667,20.700000
2020-11-19,20.660000,20.763333
2020-11-20,20.733333,20.620000
2020-11-23,20.756667,20.950000
2020-11-24,21.176667,21.470000
2020-11-25,21.396667,21.270000
2020-11-27,21.320000,21.226667
2020-11-30,21.180000,20.940000
2020-12-01,21.230000,21.213333
2020-12-02,21.176667,21.310000
2020-12-03,21.340000,21.356667
2020-12-04,21.430000,21.706667
2020-12-07,21.666667,21.563333
2020-12-08,21.476667,21.700000
2020-12-09,21.783333,21.720000
2020-12-10,21.440000,21.420000
2020-12-11,21.276667,21.300000
2020-12-14,21.500000,21.026667
2020-12-15,21.200000,21.306667
2020-12-16,21.336667,21.330000
2020-12-17,21.423333,21.376667
2020-12-18,21.386667,21.313333
2020-12-21,21.080000,21.166667
2020-12-22,21.166667,21.050000
2020-12-23,21.167767,21.240000
2020-12-24,21.276667,21.276667
2020-12-28,21.410000,21.286667
2020-12-29,21.370000,21.163333
2020-12-30,21.203333,21.256667
2020-12-31,21.250000,21.380000
2021-01-04,21.463333,21.076667
2021-01-05,21.063333,21.246667
2021-01-06,21.380000,21.833333
2021-01-07,21.953333,21.980000
2021-01-08,22.050000,21.913333
2021-01-11,21.773333,22.003333
2021-01-12,22.036667,22.200000
2021-01-13,22.176667,22.116667
2021-01-14,22.156667,22.223333
2021-01-15,22.076667,21.956667
2021-01-19,22.093333,22.100000
2021-01-20,22.160000,22.130000
2021-01-21,22.163333,22.070000
2021-01-22,21.876667,21.906667
2021-01-25,21.856667,21.946667
2021-01-26,22.013333,21.920000
2021-01-27,21.686667,21.500000
2021-01-28,21.630000,21.660000
2021-01-29,21.616667,21.186667
2021-02-01,21.356667,21.410000
2021-02-02,21.620000,21.640000
2021-02-03,21.646667,21.723333
2021-02-04,21.720000,21.906667
2021-02-05,22.040000,22.010000
2021-02-08,22.126667,22.273333
2021-02-09,22.260000,22.296667
2021-02-10,22.413333,22.313333
2021-02-11,22.383333,22.233333
2021-02-12,22.190000,22.340000
2021-02-16,22.453333,22.456667
2021-02-17,22.403333,22.486667
2021-02-18,22.396667,22.410000
2021-02-19,22.490000,22.596667
2021-02-22,22.530000,22.786667
2021-02-23,22.826667,22.840000
2021-02-24,22.863333,23.233333
2021-02-25,23.213333,22.763333
2021-02-26,22.766667,22.470000
2021-03-01,22.760000,23.033333
2021-03-02,23.043333,22.950000
2021-03-03,22.966667,23.010000
2021-03-04,23.026667,22.780000
2021-03-05,23.033333,23.390000
2021-03-08,23.506667,23.700000
2021-03-09,23.803333,23.566667
2021-03-10,23.693333,23.956667
2021-03-11,24.043333,23.960000
2021-03-12,24.050000,24.183333
2021-03-15,24.223333,24.210000
2021-03-16,24.193333,24.010000
2021-03-17,24.000000,24.116667
2021-03-18,24.116667,24.083333
2021-03-19,24.070000,23.993333
2021-03-22,23.980000,24.076667
2021-03-23,24.033333,23.810000
2021-03-24,23.703333,23.690000
2021-03-25,23.680000,24.000000
2021-03-26,24.096667,24.556667
2021-03-29,24.400033,24.513333
2021-03-30,24.480000,24.400000
2021-03-31,24.400000,24.306667
2021-04-01,24.360000,24.440000
2021-04-05,24.620000,24.750000
2021-04-06,24.713333,24.660000
2021-04-07,24.650000,24.603333
2021-04-08,24.633333,24.613333
2021-04-09,24.636667,24.753333
2021-04-12,24.746667,24.820000
2021-04-13,24.780000,24.680000
2021-04-14,24.680000,24.743333
2021-04-15,24.843333,24.856667
2021-04-16,25.000000,25.063333
2021-04-19,25.003333,24.950000
2021-04-20,24.850000,24.800000
2021-04-21,24.816667,25.080000
2021-04-22,25.066667,24.763333
2021-04-23,24.786667,24.986667
2021-04-26,25.013333,24.940000
2021-04-27,24.933333,24.910000
2021-04-28,24.856667,24.760000
2021-04-29,24.846667,24.970000
2021-04-30,24.883333,24.843333
2021-05-03,24.980000,25.096667
2021-05-04,25.070000,25.250000
2021-05-05,25.293333,25.373333
2021-05-06,25.396667,25.693333
2021-05-07,25.666667,25.803333
2021-05-10,25.916667,25.830000
2021-05-11,25.653333,25.563333
2021-05-12,25.460000,25.110000
2021-05-13,25.133333,25.553333
2021-05-14,25.686667,25.786667
2021-05-17,25.766667,25.803333
2021-05-18,25.776667,25.520000
2021-05-19,25.276667,25.416667
2021-05-20,25.413333,25.566667
2021-05-21,25.663333,25.603333
2021-05-24,25.750000,25.683333
2021-05-25,25.746667,25.503333
2021-05-26,25.520000,25.500000
2021-05-27,25.583333,25.600000
2021-05-28,25.683333,25.643333
2021-06-01,25.823333,25.660000
2021-06-02,25.683333,25.736667
2021-06-03,25.633333,25.720000
2021-06-04,25.816667,25.883333
2021-06-07,25.896667,25.770000
2021-06-08,25.793333,25.743333
2021-06-09,25.770000,25.663333
2021-06-10,25.773333,25.736667
2021-06-11,25.796667,25.776667
2021-06-14,25.760000,25.650000
2021-06-15,25.656667,25.636667
2021-06-16,25.636667,25.443333
2021-06-17,25.423333,25.106667
2021-06-18,24.923333,24.656667
2021-06-21,24.836667,25.103333
2021-06-22,25.110000,25.136667
2021-06-23,24.973333,24.843333
2021-06-24,24.973333,25.010000
2021-06-25,25.051233,25.173333
2021-06-28,25.200000,25.100000
2021-06-29,25.153333,25.073333
2021-06-30,25.063333,25.206667
2021-07-01,25.270000,25.323333
2021-07-02,25.390000,25.356667
2021-07-06,25.320000,25.086667
2021-07-07,25.070000,25.200000
2021-07-08,24.940000,24.973333
2021-07-09,25.130000,25.343333
2021-07-12,25.276667,25.403333
2021-07-13,25.386667,25.266667
2021-07-14,25.310000,25.296667
2021-07-15,25.196667,25.346667
2021-07-16,25.410000,25.150000
2021-07-19,24.880000,24.743333
2021-07-20,24.826667,25.073333
2021-07-21,25.190000,25.266667
2021-07-22,25.240000,25.073333
2021-07-23,25.166667,25.270000
2021-07-26,25.233333,25.333333
2021-07-27,25.253333,25.313333
2021-07-28,25.343333,25.280000
2021-07-29,25.400000,25.436667
2021-07-30,25.400000,25.370000
2021-08-02,25.480000,25.326667
2021-08-03,25.386667,25.623333
2021-08-04,25.490000,25.300000
2021-08-05,25.383333,25.440000
2021-08-06,25.480000,25.520000
2021-08-09,25.520000,25.500000
2021-08-10,25.530000,25.730000
2021-08-11,25.783333,25.866667
2021-08-12,25.866667,25.890000
2021-08-13,25.913333,25.943333
2021-08-16,25.883333,26.043333
2021-08-17,25.910000,25.866667
2021-08-18,25.786667,25.496667
2021-08-19,25.306667,25.500000
2021-08-20,25.503333,25.640000
2021-08-23,25.760000,25.800000
2021-08-24,25.833333,25.780000
2021-08-25,25.783333,25.830000
2021-08-26,25.833333,25.700000
2021-08-27,25.760000,25.913333
2021-08-30,25.956667,25.880000
2021-08-31,25.886667,25.900000
2021-09-01,25.916667,25.780000
2021-09-02,25.856667,25.943333
2021-09-03,25.926667,25.930000
2021-09-07,25.886667,25.586667
2021-09-08,25.553333,25.600000
2021-09-09,25.570000,25.463333
2021-09-10,25.563333,25.343333
2021-09-13,25.503333,25.466667
2021-09-14,25.546667,25.290000
2021-09-15,25.300000,25.516667
2021-09-16,25.526667,25.346667
2021-09-17,25.290000,25.183333
2021-09-20,24.840000,24.833333
2021-09-21,24.956667,24.743333
2021-09-22,24.746667,24.763333
2021-09-23,24.886667,25.096667
2021-09-24,25.053333,25.146667
2021-09-27,25.160000,25.310000
2021-09-28,25.236667,25.010000
2021-09-29,25.066667,25.130000
2021-09-30,25.236667,24.746667
2021-10-01,24.900000,25.076667
2021-10-04,25.060000,24.976667
2021-10-05,25.026667,25.126667
2021-10-06,24.966667,25.166667
2021-10-07,25.323333,25.356667
2021-10-08,25.353333,25.350000
2021-10-11,25.363333,25.226667
2021-10-12,25.260000,25.103333
2021-10-13,25.133333,25.166667
2021-10-14,25.323333,25.553333
2021-10-15,25.666667,25.666667
2021-10-18,25.553333,25.583333
2021-10-19,25.673333,25.810000
2021-10-20,25.823333,26.060000
2021-10-21,26.003333,25.930000
2021-10-22,25.960000,26.000000
2021-10-25,26.036667,26.063333
2021-10-26,26.063333,25.993333
2021-10-27,25.970000,25.636667
2021-10-28,25.683333,25.846667
2021-10-29,25.810000,25.836667
2021-11-01,25.900000,25.893333
2021-11-02,25.940000,26.070000
2021-11-03,25.960000,26.223333
2021-11-04,26.266667,26.136667
2021-11-05,26.266667,26.296667
2021-11-08,26.343333,26.276667
2021-11-09,26.273333,26.226667
2021-11-10,26.226667,26.260000
2021-11-11,26.320000,26.306667
2021-11-12,26.363333,26.380000
2021-11-15,26.453333,26.396667
2021-11-16,26.443333,26.426667
2021-11-17,26.393333,26.323333
2021-11-18,26.270000,26.220000
2021-11-19,26.186667,26.053333
2021-11-22,26.110000,26.176667
2021-11-23,26.153333,26.323333
2021-11-24,26.270000,26.243333
2021-11-26,25.926667,25.763333
2021-11-29,25.953333,25.850000
2021-11-30,25.700000,25.306667
2021-12-01,25.570000,25.190000
2021-12-02,25.270000,25.566667
2021-12-03,25.673333,25.613333
2021-12-06,25.830000,25.866667
2021-12-07,26.003333,26.143333
2021-12-08,25.980000,25.876667
2021-12-09,25.783333,25.820000
2021-12-10,26.013333,26.093333
2021-12-13,26.103333,26.006667
2021-12-14,25.900000,25.990000
2021-12-15,26.030000,26.330000
2021-12-16,26.410000,26.520000
2021-12-17,26.456667,26.203333
2021-12-20,25.976667,26.030000
2021-12-21,26.140000,26.236667
2021-12-22,26.226667,26.383333
2021-12-23,26.460000,26.533333
2021-12-27,26.586667,26.846667
2021-12-28,26.840000,26.900000
2021-12-29,26.880000,26.953333
2021-12-30,26.990000,26.903333
2021-12-31,26.886667,26.943333
2022-01-03,26.966667,26.936667
2022-01-04,27.026667,27.263333
2022-01-05,27.316667,27.090000
2022-01-06,27.153333,27.170000
2022-01-07,27.120000,27.216667
2022-01-10,27.193333,27.216667
2022-01-11,27.203333,27.313333
2022-01-12,27.343333,27.300000
2022-01-13,27.350000,27.263333
2022-01-14,27.070000,27.236667
2022-01-18,27.040000,26.920000
2022-01-19,26.890000,26.610000
2022-01-20,26.623333,26.236667
2022-01-21,26.243333,25.886667
2022-01-24,25.666667,25.993333
2022-01-25,25.713333,26.010000
2022-01-26,26.116667,25.803333
2022-01-27,25.980000,25.700000
2022-01-28,25.650000,26.023333
2022-01-31,25.890000,26.206667
2022-02-01,26.233333,26.363333
2022-02-02,26.363333,26.576667
2022-02-03,26.483333,26.283333
2022-02-04,26.156667,26.180000
2022-02-07,26.223333,26.246667
2022-02-08,26.313333,26.460000
2022-02-09,26.616667,26.583333
2022-02-10,26.333333,26.136667
2022-02-11,26.120000,25.956667
2022-02-14,25.943333,25.756667
2022-02-15,25.956667,26.013333
2022-02-16,25.930000,26.046667
2022-02-17,25.926667,25.756667
2022-02-18,25.730000,25.780000
2022-02-22,25.730000,25.546667
2022-02-23,25.660000,25.223333
2022-02-24,24.790000,25.046667
2022-02-25,25.166667,25.806667
2022-02-28,25.463333,25.700000
2022-03-01,25.583333,25.243333
2022-03-02,25.370000,25.833333
2022-03-03,25.923333,25.930000
2022-03-04,25.666667,25.880000
2022-03-07,25.783333,25.420000
2022-03-08,25.500000,25.160000
2022-03-09,25.573333,25.546667
2022-03-10,25.316667,25.376667
2022-03-11,25.490000,25.233333
2022-03-14,25.413333,25.376667
2022-03-15,25.520000,25.706667
2022-03-16,25.830000,25.966667
2022-03-17,25.883333,26.196667
2022-03-18,26.186667,26.253333
2022-03-21,26.336667,26.296667
2022-03-22,26.393333,26.480000
2022-03-23,26.260000,25.986667
2022-03-24,26.100000,26.233333
2022-03-25,26.266667,26.486667
2022-03-28,26.403333,26.433333
2022-03-29,26.560000,26.686667
2022-03-30,26.676667,26.616667
2022-03-31,26.566667,26.296667
2022-04-01,26.406667,26.410000
2022-04-04,26.403333,26.446667
2022-04-05,26.366667,26.290000
2022-04-06,26.170000,26.323333
2022-04-07,26.296667,26.430000
2022-04-08,26.413333,26.486667
2022-04-11,26.466667,26.300000
2022-04-12,26.363333,26.223333
2022-04-13,26.203333,26.383333
2022-04-14,26.440000,26.233333
2022-04-18,26.213333,26.190000
2022-04-19,26.166667,26.476667
2022-04-20,26.643333,26.746667
2022-04-21,26.860000,26.516667
2022-04-22,26.400000,25.920000
2022-04-25,25.786667,25.973333
2022-04-26,25.833333,25.530000
2022-04-27,25.503333,25.570000
2022-04-28,25.650000,25.933333
2022-04-29,25.836667,25.213333
2022-05-02,25.216667,25.310000
2022-05-03,25.366667,25.500000
2022-05-04,25.513333,26.270000
2022-05-05,26.050000,25.616667
2022-05-06,25.506667,25.676667
2022-05-09,25.393333,25.330000
2022-05-10,25.550000,25.203333
2022-05-11,25.206667,25.003333
2022-05-12,24.970000,25.153333
2022-05-13,25.323333,25.433333
2022-05-16,25.383333,25.520000
2022-05-17,25.826667,25.983333
2022-05-18,25.803333,25.173333
2022-05-19,24.873333,24.800000
2022-05-20,24.940000,24.910000
2022-05-23,25.133333,25.223333
2022-05-24,25.133333,25.370000
2022-05-25,25.330000,25.623333
2022-05-26,25.753333,25.970000
2022-05-27,26.073333,26.373333
2022-05-31,26.236667,26.196667
2022-06-01,26.290000,25.976667
2022-06-02,26.023333,26.196667
2022-06-03,26.040000,26.016667
2022-06-06,26.190000,26.043333
2022-06-07,25.883333,26.293333
2022-06-08,26.166667,25.896667
2022-06-09,25.850000,25.423333
2022-06-10,25.086667,24.900000
2022-06-13,24.436667,24.193333
2022-06-14,24.253333,24.050000
2022-06-15,24.216667,24.130000
2022-06-16,23.710000,23.530000
2022-06-17,23.536667,23.436667
2022-06-21,23.793333,23.990000
2022-06-22,23.476667,23.633333
2022-06-23,23.683333,23.703333
2022-06-24,23.943333,24.336667
2022-06-27,24.406667,24.340000
2022-06-28,24.500000,24.086667
2022-06-29,24.083333,23.950000
2022-06-30,23.733333,23.876667
2022-07-01,23.840000,24.056667
2022-07-05,23.750000,23.883333
2022-07-06,23.910000,23.946667
2022-07-07,24.083333,24.213333
2022-07-08,24.186667,24.166667
2022-07-11,24.063333,24.033333
2022-07-12,24.003333,23.936667
2022-07-13,23.673333,23.760000
2022-07-14,23.416667,23.596667
2022-07-15,23.823333,23.936667
2022-07-18,24.083333,23.750000
2022-07-19,23.883333,24.200000
2022-07-20,24.170000,24.143333
2022-07-21,24.040000,24.163333
2022-07-22,24.203333,24.060000
2022-07-25,24.123333,24.173333
2022-07-26,24.156667,24.103333
2022-07-27,24.160000,24.446667
2022-07-28,24.473333,24.610000
2022-07-29,24.613333,24.810000
2022-08-01,24.693333,24.833333
2022-08-02,24.803333,24.610000
2022-08-03,24.723333,24.866667
2022-08-04,24.843333,24.800000
2022-08-05,24.640000,24.870000
2022-08-08,24.951300,24.896667
2022-08-09,24.900000,24.886667
2022-08-10,25.160000,25.316667
2022-08-11,25.416667,25.363333
2022-08-12,25.446667,25.746667
2022-08-15,25.586667,25.800000
2022-08-16,25.750000,25.956667
2022-08-17,25.763333,25.790000
2022-08-18,25.880000,25.946667
2022-08-19,25.826667,25.743333
2022-08-22,25.536667,25.266667
2022-08-23,25.266667,25.216667
2022-08-24,25.183333,25.226667
2022-08-25,25.316667,25.506667
2022-08-26,25.503333,24.756667
2022-08-29,24.643333,24.596667
2022-08-30,24.643333,24.336667
2022-08-31,24.403333,24.133333
2022-09-01,24.036667,24.230000
2022-09-02,24.466667,24.010000
2022-09-06,24.093333,23.926667
2022-09-07,23.916667,24.276667
2022-09-08,24.183333,24.470000
2022-09-09,24.610000,24.756667
2022-09-12,24.816667,24.856667
2022-09-13,24.486667,23.900000
2022-09-14,23.976667,23.920000
2022-09-15,23.883333,23.730000
2022-09-16,23.590000,23.730000
2022-09-19,23.533333,23.920000
2022-09-20,23.760000,23.670000
2022-09-21,23.590000,23.136667
2022-09-22,23.136667,23.060000
2022-09-23,22.853333,22.690000
2022-09-26,22.603333,22.440000
2022-09-27,22.626667,22.336667
2022-09-28,22.440000,22.756667
2022-09-29,22.606667,22.410000
2022-09-30,22.420000,22.143333
2022-10-03,22.406667,22.736667
2022-10-04,23.016667,23.330000
2022-10-05,23.140000,23.290000
2022-10-06,23.223333,22.990000
2022-10-07,22.824833,22.530000
2022-10-10,22.636667,22.456667
2022-10-11,22.380000,22.406667
2022-10-12,22.450000,22.386667
2022-10-13,22.073333,23.043333
2022-10-14,23.163333,22.646667
2022-10-17,22.976000,23.020000
2022-10-18,23.410000,23.330000
2022-10-19,23.183333,23.073333
2022-10-20,23.056667,22.843333
2022-10-21,22.853333,23.366667
2022-10-24,23.526667,23.783333
2022-10-25,23.706633,24.020000
2022-10-26,24.070000,24.126667
2022-10-27,24.280000,24.173333
2022-10-28,24.223333,24.733333
2022-10-31,24.576667,24.626667
2022-11-01,24.813333,24.690000
2022-11-02,24.643333,24.240000
2022-11-03,24.000000,24.046667
2022-11-04,24.370000,24.490000
2022-11-07,24.563333,24.746667
2022-11-08,24.786667,25.016667
2022-11-09,24.870000,24.590000
2022-11-10,25.270000,25.573333
2022-11-11,25.573333,25.640000
2022-11-14,25.596667,25.490000
2022-11-15,25.730000,25.576667
2022-11-16,25.516667,25.390000
2022-11-17,25.176667,25.480000
2022-11-18,25.623333,25.646667
2022-11-21,25.616667,25.716667
2022-11-22,25.889533,26.096667
2022-11-23,26.063333,26.086667
2022-11-25,26.110000,26.146667
2022-11-28,25.956667,25.773333
2022-11-29,25.793333,25.850000
2022-11-30,25.860000,26.310000
2022-12-01,26.450000,26.353333
2022-12-02,26.096667,26.336667
2022-12-05,26.160000,25.883333
2022-12-06,25.850000,25.573333
2022-12-07,25.293333,25.343333
2022-12-08,25.446667,25.496667
2022-12-09,25.506667,25.336667
2022-12-12,25.400000,25.656667
2022-12-13,26.210000,25.783333
2022-12-14,25.770000,25.676667
2022-12-15,25.446667,25.160000
2022-12-16,24.943333,24.943333
2022-12-19,24.983300,24.860000
2022-12-20,24.850000,24.896667
2022-12-21,25.086667,25.246667
2022-12-22,25.110000,25.030000
2022-12-23,25.026667,25.196667
2022-12-27,25.246667,25.283333
2022-12-28,25.320000,24.973333
2022-12-29,25.110000,25.256667
2022-12-30,25.163333,25.180000
2023-01-03,25.276667,25.146667
2023-01-04,25.273333,25.396667
2023-01-05,25.296667,25.246667
2023-01-06,25.506667,25.876667
2023-01-09,25.983333,25.690000
2023-01-10,25.716667,25.820000
2023-01-11,25.900000,25.916667
2023-01-12,25.966667,25.960000
2023-01-13,25.796667,25.983333
2023-01-17,25.960000,25.723333
2023-01-18,25.766667,25.230000
2023-01-19,25.098900,25.013333
2023-01-20,25.066667,25.313333
2023-01-23,25.366667,25.513333
2023-01-24,25.433333,25.493333
2023-01-25,25.370000,25.496667
2023-01-26,25.516667,25.493333
2023-01-27,25.460000,25.453333
2023-01-30,25.350000,25.350000
2023-01-31,25.400000,25.703333
2023-02-01,25.613333,25.823333
2023-02-02,25.846667,26.010000
2023-02-03,25.860000,25.803333
2023-02-06,25.667000,25.670000
2023-02-07,25.593333,25.803333
2023-02-08,25.690000,25.586667
2023-02-09,25.750000,25.366667
2023-02-10,25.366667,25.600000
2023-02-13,25.660000,25.883333
2023-02-14,25.816667,25.713333
2023-02-15,25.603333,25.763333
2023-02-16,25.580000,25.583333
2023-02-17,25.523333,25.636667
2023-02-21,25.463333,25.150000
2023-02-22,25.200000,25.046667
2023-02-23,25.210000,25.123333
2023-02-24,24.896667,24.953333
2023-02-27,25.123333,24.956667
2023-02-28,24.960000,24.850000
2023-03-01,24.796667,24.840000
2023-03-02,24.746667,24.930000
2023-03-03,25.030000,25.190000
2023-03-06,25.190000,25.180000
2023-03-07,25.180000,24.780000
2023-03-08,24.826667,24.746667
2023-03-09,24.810000,24.280000
2023-03-10,24.220000,23.986667
2023-03-13,23.596667,23.643333
2023-03-14,24.056667,23.853333
2023-03-15,23.516667,23.656667
2023-03-16,23.490000,23.883333
2023-03-17,23.866667,23.503333
2023-03-20,23.646667,23.856667
2023-03-21,24.093333,24.110000
2023-03-22,23.926667,23.446667
2023-03-23,23.560000,23.426667
2023-03-24,23.313333,23.613333
2023-03-27,23.826667,23.713333
2023-03-28,23.703333,23.750000
2023-03-29,23.943333,24.030000
2023-03-30,24.173333,24.100000
2023-03-31,24.190000,24.386667
2023-04-03,24.436667,24.520000
2023-04-04,24.553333,24.283333
2023-04-05,24.270000,24.340000
2023-04-06,24.343333,24.320000
2023-04-10,24.286667,24.410000
2023-04-11,24.480000,24.513333
2023-04-12,24.593333,24.410000
2023-04-13,24.433333,24.580000
2023-04-14,24.590000,24.526667
2023-04-17,24.533333,24.640000
2023-04-18,24.710000,24.646667
2023-04-19,24.550000,24.590000
2023-04-20,24.436667,24.436667
2023-04-21,24.480000,24.386667
2023-04-24,24.396667,24.436667
2023-04-25,24.306667,24.053333
2023-04-26,23.940000,23.696667
2023-04-27,23.718333,23.940000
2023-04-28,23.873333,24.190000
2023-05-01,24.173333,24.210000
2023-05-02,24.090000,23.703333
2023-05-03,23.720000,23.493333
2023-05-04,23.410000,23.273333
2023-05-05,23.510000,23.663333
2023-05-08,23.673333,23.540000
2023-05-09,23.443333,23.453333
2023-05-10,23.600000,23.406667
2023-05-11,23.326667,23.303333
2023-05-12,23.370000,23.350000
2023-05-15,23.370000,23.400000
2023-05-16,23.336667,23.060000
2023-05-17,23.180000,23.390000
2023-05-18,23.296667,23.506667
2023-05-19,23.593333,23.530000
2023-05-22,23.530000,23.533333
2023-05-23,23.530000,23.526667
2023-05-24,23.500000,23.303333
2023-05-25,23.223333,23.213333
2023-05-26,23.296667,23.476667
2023-05-30,23.496667,23.390000
2023-05-31,23.296667,23.196667
2023-06-01,23.256667,23.290000
2023-06-02,23.403333,23.746667
2023-06-05,23.770000,23.596667
2023-06-06,23.746667,23.663333
2023-06-07,23.670000,23.933333
2023-06-08,23.923333,23.970000
2023-06-09,23.956667,23.910000
2023-06-12,23.950000,24.043333
2023-06-13,24.086667,24.193333
2023-06-14,24.260000,24.140000
2023-06-15,24.150000,24.453333
2023-06-16,24.556667,24.446667
2023-06-20,24.350000,24.213333
2023-06-21,23.943333,23.910000
2023-06-22,23.870000,23.806667
2023-06-23,23.700000,23.570000
2023-06-26,23.570000,23.690000
2023-06-27,23.710000,23.893333
2023-06-28,23.846667,23.840000
2023-06-29,23.840000,24.003333
2023-06-30,24.133333,24.206667
2023-07-03,24.170000,24.350000
2023-07-05,24.233333,24.243333
2023-07-06,24.046667,23.980000
2023-07-07,23.910000,23.936667
2023-07-10,23.940000,24.126667
2023-07-11,24.153333,24.406667
2023-07-12,24.566667,24.480000
2023-07-13,24.526667,24.593333
2023-07-14,24.573333,24.460000
2023-07-17,24.390000,24.396667
2023-07-18,24.373333,24.593333
2023-07-19,24.653333,24.833333
2023-07-20,24.813333,24.933333
2023-07-21,25.003333,24.990000
2023-07-24,25.026667,25.136667
2023-07-25,25.140000,25.110000
2023-07-26,25.010000,25.156667
2023-07-27,25.270000,25.053333
2023-07-28,25.196667,25.210000
2023-07-31,25.246667,25.220000
2023-08-01,25.189067,25.106667
2023-08-02,24.946667,24.846667
2023-08-03,24.776667,24.820000
2023-08-04,24.880000,24.720000
2023-08-07,24.790000,24.936667
2023-08-08,24.786667,24.846667
2023-08-09,24.840000,24.783333
2023-08-10,24.883333,24.786667
2023-08-11,24.743333,24.856667
2023-08-14,24.816667,24.816667
2023-08-15,24.676667,24.523333
2023-08-16,24.516667,24.423333
2023-08-17,24.533333,24.460000
2023-08-18,24.336667,24.520000
2023-08-21,24.533333,24.506667
2023-08-22,24.533333,24.320000
2023-08-23,24.343333,24.526667
2023-08-24,24.526667,24.336667
2023-08-25,24.416667,24.446667
2023-08-28,24.553333,24.586667
2023-08-29,24.616667,24.820000
2023-08-30,24.840000,24.863333
2023-08-31,24.920000,24.843333
2023-09-01,24.960000,24.890000
2023-09-05,24.890000,24.670000
2023-09-06,24.626667,24.476667
2023-09-07,24.433333,24.460000
2023-09-08,24.480000,24.556667
2023-09-11,24.646667,24.593333
2023-09-12,24.543333,24.586667
2023-09-13,24.613333,24.516667
2023-09-14,24.666667,24.780000
2023-09-15,24.720000,24.543333
2023-09-18,24.573333,24.540000
2023-09-19,24.533333,24.476667
2023-09-20,24.258500,24.160000
2023-09-21,24.036667,23.810000
2023-09-22,23.870000,23.763333
2023-09-25,23.713333,23.826667
2023-09-26,23.686667,23.543333
2023-09-27,23.633333,23.546667
2023-09-28,23.536667,23.670000
2023-09-29,23.790000,23.586667
2023-10-02,23.563333,23.393333
2023-10-03,23.280000,23.140000
2023-10-04,23.150000,23.150000
2023-10-05,23.110000,23.070000
2023-10-06,22.970000,23.210000
2023-10-09,23.240000,23.466667
2023-10-10,23.556667,23.583333
2023-10-11,23.623333,23.620000
2023-10-12,23.683333,23.490000
2023-10-13,23.576667,23.440000
2023-10-16,23.603333,23.716667
2023-10-17,23.606667,23.810000
2023-10-18,23.733333,23.540000
2023-10-19,23.523333,23.326667
2023-10-20,23.300000,23.096667
2023-10-23,23.046667,22.916667
2023-10-24,23.083333,23.093333
2023-10-25,23.000000,22.846667
2023-10-26,22.796667,22.726667
2023-10-27,22.686667,22.300000
2023-10-30,22.433333,22.563333
2023-10-31,22.573333,22.686667
2023-11-01,22.716667,22.716667
2023-11-02,22.850000,23.223333
2023-11-03,23.410000,23.416667
2023-11-06,23.416667,23.313333
2023-11-07,23.254133,23.233333
2023-11-08,23.266667,23.190000
2023-11-09,23.190000,22.923333
2023-11-10,23.053333,23.146667
2023-11-13,23.066667,23.090000
2023-11-14,23.383333,23.600000
2023-11-15,23.626667,23.780000
2023-11-16,23.669967,23.590000
2023-11-17,23.720033,23.713333
2023-11-20,23.660000,23.830000
2023-11-21,23.770000,23.766667
2023-11-22,23.806667,23.843333
2023-11-24,23.866667,23.933333
2023-11-27,23.873333,23.813333
2023-11-28,23.800000,23.846667
2023-11-29,23.970000,23.943333
2023-11-30,24.026667,24.116667
2023-12-01,24.063333,24.383333
2023-12-04,24.266667,24.480000
2023-12-05,24.426533,24.336667
2023-12-06,24.143333,24.043333
2023-12-07,24.100000,24.133333
2023-12-08,24.156667,24.173333
2023-12-11,24.273333,24.406667
2023-12-12,24.433333,24.420000
2023-12-13,24.333333,24.823333
2023-12-14,25.013333,25.230000
2023-12-15,25.123333,25.150000
2023-12-18,25.270000,25.183333
2023-12-19,25.256667,25.323333
2023-12-20,25.270000,24.943333
2023-12-21,25.093333,25.130000
2023-12-22,25.206667,25.283333
2023-12-26,25.310000,25.406667
2023-12-27,25.423333,25.426667
2023-12-28,25.423333,25.440000
2023-12-29,25.420000,25.376667
2024-01-02,25.286667,25.563333
2024-01-03,25.513333,25.403333
2024-01-04,25.443333,25.373333
2024-01-05,25.373333,25.456667
2024-01-08,25.423333,25.606667
2024-01-09,25.480000,25.470000
2024-01-10,25.466667,25.456667
2024-01-11,25.453333,25.353333
2024-01-12,25.483333,25.423333
2024-01-16,25.366667,25.236667
2024-01-17,25.060000,25.083333
2024-01-18,25.160000,25.233333
2024-01-19,25.323333,25.530000
2024-01-22,25.560000,25.640000
2024-01-23,25.646667,25.646667
2024-01-24,25.743333,25.466667
2024-01-25,25.680000,25.690000
2024-01-26,25.716667,25.673333
2024-01-29,25.693333,25.776667
2024-01-30,25.670000,25.730000
2024-01-31,25.723333,25.413333
2024-02-01,25.480000,25.680000
2024-02-02,25.603333,25.666667
2024-02-05,25.603333,25.460000
2024-02-06,25.556667,25.583333
2024-02-07,25.710000,25.623333
2024-02-08,25.656667,25.690000
2024-02-09,25.656667,25.596667
2024-02-12,25.606667,25.753333
2024-02-13,25.563333,25.360000
2024-02-14,25.470000,25.460000
2024-02-15,25.506667,25.746667
2024-02-16,25.676667,25.660000
2024-02-20,25.603333,25.656667
2024-02-21,25.683333,25.760000
2024-02-22,25.793333,25.933333
2024-02-23,25.963333,25.963333
2024-02-26,25.963333,25.823333
2024-02-27,25.836667,25.846667
2024-02-28,25.806667,25.810000
2024-02-29,25.946667,25.880000
2024-03-01,25.926667,26.050000
2024-03-04,26.060000,26.130000
2024-03-05,26.103333,26.040000
2024-03-06,26.186667,26.126667
2024-03-07,26.250000,26.253333
2024-03-08,26.263333,26.143333
2024-03-11,26.160000,26.293333
2024-03-12,26.383333,26.340000
2024-03-13,26.426667,26.420000
2024-03-14,26.460000,26.276667
2024-03-15,26.176667,26.186667
2024-03-18,26.310000,26.240000
2024-03-19,26.233333,26.356667
2024-03-20,26.103333,26.413333
2024-03-21,26.476667,26.623333
2024-03-22,26.653333,26.460000
2024-03-25,26.460000,26.466667
2024-03-26,26.543333,26.290000
2024-03-27,26.430000,26.743333
2024-03-28,26.800000,26.876667
2024-04-01,26.896667,26.713333
2024-04-02,26.666667,26.576667
2024-04-03,26.580000,26.510000
2024-04-04,26.666667,26.243333
2024-04-05,26.256667,26.336667
2024-04-08,26.353333,26.366667
2024-04-09,26.443333,26.516667
2024-04-10,26.206667,26.043333
2024-04-11,26.100000,25.976667
2024-04-12,25.880000,25.603333
2024-04-15,25.810000,25.473333
2024-04-16,25.473333,25.310000
2024-04-17,25.393333,25.270000
2024-04-18,25.323333,25.270000
2024-04-19,25.310000,25.550000
2024-04-22,25.660000,25.746667
2024-04-23,25.803333,25.910000
2024-04-24,25.883333,26.043333
2024-04-25,25.960000,25.853333
2024-04-26,25.780000,25.826667
2024-04-29,25.860000,25.973333
2024-04-30,25.910000,25.663333
2024-05-01,25.600000,25.630000
2024-05-02,25.796667,25.756667
2024-05-03,25.990000,25.983333
2024-05-06,26.090000,26.043333
2024-05-07,26.146667,26.083333
2024-05-08,26.043333,26.170000
2024-05-09,26.196667,26.386667
2024-05-10,26.436667,26.433333
2024-05-13,26.503333,26.520000
2024-05-14,26.566667,26.563333
2024-05-15,26.670000,26.716667
2024-05-16,26.666667,26.653333
2024-05-17,26.663333,26.693333
2024-05-20,26.696667,26.560000
2024-05-21,26.530000,26.486667
2024-05-22,26.430000,26.400000
2024-05-23,26.380000,25.993333
2024-05-24,26.083333,26.033333
2024-05-28,26.053333,25.813333
2024-05-29,25.650000,25.473333
2024-05-30,25.540000,25.716667
2024-05-31,25.766667,26.186667
2024-06-03,26.233333,26.046667
2024-06-04,25.960000,26.060000
2024-06-05,26.100000,26.050000
2024-06-06,26.000000,26.026667
2024-06-07,25.963333,25.963333
2024-06-10,25.893333,25.923333
2024-06-11,25.833333,25.833333
2024-06-12,26.070000,25.813333
2024-06-13,25.736667,25.703333
2024-06-14,25.570000,25.596667
2024-06-17,25.546667,25.766667
2024-06-18,25.783333,25.880000
2024-06-20,25.830000,26.020000
2024-06-21,26.070000,26.040000
2024-06-24,26.150000,26.403333
2024-06-25,26.376667,26.193333
2024-06-26,25.863333,25.810000
2024-06-27,25.813333,25.756667
2024-06-28,25.836667,25.920000
2024-07-01,26.000000,25.803333
2024-07-02,25.803333,25.816667
2024-07-03,25.810000,25.726667
2024-07-05,25.733333,25.673333
2024-07-08,25.690000,25.696667
2024-07-09,25.617333,25.703333
2024-07-10,25.756667,25.956667
2024-07-11,26.036667,26.273333
2024-07-12,26.420000,26.546667
2024-07-15,26.626667,26.643333
2024-07-16,26.696667,27.086667
2024-07-17,27.063333,27.440000
2024-07-18,27.320000,27.203333
2024-07-19,27.213333,27.036667
2024-07-22,27.036667,27.060000
2024-07-23,26.896667,26.826667
2024-07-24,26.880000,26.900000
2024-07-25,26.860000,27.060000
2024-07-26,27.226667,27.490000
2024-07-29,27.490000,27.383333
2024-07-30,27.446667,27.600000
2024-07-31,27.650000,27.526667
2024-08-01,27.636667,27.253333
2024-08-02,27.170000,26.933333
2024-08-05,26.440000,26.326667
2024-08-06,26.403333,26.460000
2024-08-07,26.650000,26.296667
2024-08-08,26.390000,26.740000
2024-08-09,26.733333,26.723333
2024-08-12,26.803333,26.596667
2024-08-13,26.656667,26.880000
2024-08-14,26.863333,26.913333
2024-08-15,27.216667,27.196667
2024-08-16,27.183333,27.320000
2024-08-19,27.343333,27.480000
2024-08-20,27.446667,27.406667
2024-08-21,27.503333,27.523333
2024-08-22,27.570000,27.446667
2024-08-23,27.576667,27.840000
2024-08-26,27.920000,27.873333
2024-08-27,27.866667,27.826667
2024-08-28,27.800000,27.833333
2024-08-29,27.983333,27.953333
2024-08-30,28.000000,28.176667
2024-09-03,28.063333,27.926667
2024-09-04,27.926667,27.833333
2024-09-05,27.913333,27.570000
2024-09-06,27.603333,27.333333
2024-09-09,27.446667,27.663333
2024-09-10,27.696667,27.686667
2024-09-11,27.603333,27.516667
2024-09-12,27.570000,27.543333
2024-09-13,27.616667,27.786667
2024-09-16,27.916667,28.050000
2024-09-17,28.053333,28.030000
2024-09-18,28.066667,28.046667
2024-09-19,28.390000,28.290000
2024-09-20,28.186667,28.160000
2024-09-23,28.240000,28.310000
2024-09-24,28.373333,28.353333
2024-09-25,28.123333,27.790000
2024-09-26,27.823333,27.913333
2024-09-27,28.060000,28.086667
2024-09-30,28.113333,28.176667
2024-10-01,28.180000,28.160000
2024-10-02,28.193333,28.180000
2024-10-03,28.100000,28.106667
2024-10-04,28.236667,28.216667
2024-10-07,28.216667,28.100000
2024-10-08,28.133333,28.053333
2024-10-09,28.063333,28.316667
2024-10-10,28.273333,28.206667
2024-10-11,28.320000,28.540000
2024-10-14,28.530000,28.690000
2024-10-15,28.640000,28.570000
2024-10-16,28.650000,28.800000
2024-10-17,28.870000,28.810000
2024-10-18,28.810000,28.810000
2024-10-21,28.800000,28.470000
2024-10-22,28.300000,28.330000
2024-10-23,28.270000,28.280000
2024-10-24,28.400000,28.330000
2024-10-25,28.430000,28.150000
2024-10-28,28.200000,28.320000
2024-10-29,28.180000,28.090000
2024-10-30,28.050000,28.180000
2024-10-31,28.190000,28.230000
2024-11-01,28.300000,28.100000
2024-11-04,28.150000,28.130000
2024-11-05,28.150000,28.380000
2024-11-06,29.010000,29.040000
2024-11-07,29.100000,28.910000
2024-11-08,29.010000,29.080000
2024-11-11,29.220000,29.160000
2024-11-12,29.190000,28.910000
2024-11-13,28.970000,29.010000
2024-11-14,29.030000,28.880000
2024-11-15,28.810000,28.630000
2024-11-18,28.680000,28.790000
2024-11-19,28.630000,28.640000
2024-11-20,28.650000,28.710000
2024-11-21,28.740000,28.980000
2024-11-22,29.010000,29.350000
2024-11-25,29.540000,29.510000
2024-11-26,29.480000,29.450000
2024-11-27,29.520000,29.440000
2024-11-29,29.490000,29.530000
2024-12-02,29.530000,29.340000
2024-12-03,29.370000,29.180000
2024-12-04,29.140000,28.940000
2024-12-05,28.960000,28.950000
2024-12-06,28.990000,28.820000
2024-12-09,28.900000,28.790000
2024-12-10,28.790000,28.680000
2024-12-11,28.490000,28.250000
2024-12-12,28.290000,28.200000
2024-12-13,28.180000,28.130000
2024-12-16,28.120000,27.870000
2024-12-17,27.830000,27.810000
2024-12-18,27.800000,27.080000
2024-12-19,27.240000,26.930000
2024-12-20,26.900000,27.290000
2024-12-23,27.230000,27.370000
2024-12-24,27.350000,27.580000
2024-12-26,27.480000,27.590000
2024-12-27,27.450000,27.470000
2024-12-30,27.320000,27.230000
2024-12-31,27.280000,27.320000
2025-01-02,27.470000,27.260000
2025-01-03,27.350000,27.440000
2025-01-06,27.470000,27.270000
2025-01-07,27.380000,27.260000
2025-01-08,27.200000,27.320000
2025-01-10,27.240000,27.010000
2025-01-13,26.970000,27.300000
2025-01-14,27.410000,27.520000
2025-01-15,27.870000,27.820000
2025-01-16,27.730000,27.830000
2025-01-17,27.950000,27.990000
2025-01-21,28.060000,28.220000
2025-01-22,28.150000,27.920000
2025-01-23,27.960000,28.090000
2025-01-24,28.030000,28.070000
2025-01-27,28.160000,28.450000
2025-01-28,28.320000,28.070000
2025-01-29,28.090000,28.010000
2025-01-30,28.000000,27.980000
2025-01-31,28.010000,27.830000
2025-02-03,27.540000,27.720000
2025-02-04,27.650000,27.760000
2025-02-05,27.810000,27.950000
2025-02-06,27.980000,27.750000
2025-02-07,27.800000,27.560000
2025-02-10,27.680000,27.680000
2025-02-11,27.660000,27.870000
2025-02-12,27.605000,27.650000
2025-02-13,27.760000,27.850000
2025-02-14,27.870000,27.790000
2025-02-18,27.810000,27.990000
2025-02-19,27.950000,28.180000
2025-02-20,28.150000,28.320000
2025-02-21,28.350000,28.210000
2025-02-24,28.260000,28.260000
2025-02-25,28.350000,28.450000
2025-02-26,28.410000,28.150000
2025-02-27,28.160000,28.170000
2025-02-28,28.260000,28.540000
2025-03-03,28.570000,28.400000
2025-03-04,28.310000,27.920000
2025-03-05,27.850000,28.050000
2025-03-06,27.950000,28.070000
2025-03-07,28.030000,28.460000
2025-03-10,28.320000,28.380000
2025-03-11,28.300000,27.740000
2025-03-12,27.645000,27.440000
2025-03-13,27.470000,27.290000
2025-03-14,27.370000,27.640000
2025-03-17,27.630000,27.960000
2025-03-18,27.950000,27.920000
2025-03-19,27.940000,28.030000
2025-03-20,27.900000,27.950000
2025-03-21,27.850000,27.760000
2025-03-24,27.880000,28.090000
2025-03-25,28.075000,27.840000
2025-03-26,27.715000,27.800000
2025-03-27,27.830000,27.750000
2025-03-28,27.750000,27.580000
2025-03-31,27.495000,27.960000
2025-04-01,27.940000,27.870000
2025-04-02,27.725000,27.870000
2025-04-03,27.370000,26.730000
2025-04-04,26.220000,25.280000
2025-04-07,24.600000,24.940000
2025-04-08,25.440000,24.320000
2025-04-09,23.910000,25.870000
2025-04-10,25.510000,24.970000
2025-04-11,24.960000,25.300000
2025-04-14,25.610000,25.600000
2025-04-15,25.590000,25.430000
2025-04-16,25.450000,25.130000
2025-04-17,25.210000,25.420000
2025-04-21,25.300000,25.030000
2025-04-22,25.110000,25.440000
2025-04-23,25.650000,25.420000
2025-04-24,25.500000,25.710000
2025-04-25,25.650000,25.670000
2025-04-28,25.690000,25.790000
2025-04-29,25.615000,25.890000
2025-04-30,25.790000,25.820000
2025-05-01,25.700000,25.710000
2025-05-02,25.990000,26.060000
2025-05-05,25.940000,25.800000
2025-05-06,25.720000,25.550000
2025-05-07,25.620000,25.640000
2025-05-08,25.720000,25.780000
2025-05-09,25.890000,25.730000
2025-05-12,26.290000,26.430000
2025-05-13,26.420000,26.310000
2025-05-14,26.265000,26.000000
2025-05-15,26.005000,26.420000
2025-05-16,26.450000,26.600000
2025-05-19,26.450000,26.580000
2025-05-20,26.560000,26.480000
2025-05-21,26.350000,26.010000
2025-05-22,25.980000,25.960000
2025-05-23,25.790000,25.890000
2025-05-27,26.070000,26.270000
2025-05-28,26.280000,26.040000
2025-05-29,26.100000,26.190000
2025-05-30,26.120000,26.170000
2025-06-02,26.225000,26.250000
2025-06-03,26.200000,26.440000
2025-06-04,26.475000,26.290000
2025-06-05,26.360000,26.230000
2025-06-06,26.435000,26.540000
2025-06-09,26.600000,26.650000
2025-06-10,26.730000,26.950000
2025-06-11,26.990000,26.860000
2025-06-12,26.830000,27.020000
2025-06-13,27.005000,26.900000
2025-06-16,26.970000,26.920000
2025-06-17,26.890000,26.720000
2025-06-18,26.750000,26.640000
2025-06-20,26.745000,26.700000
2025-06-23,26.780000,26.700000
2025-06-24,26.690000,26.740000
2025-06-25,26.440000,26.200000
2025-06-26,26.270000,26.390000
2025-06-27,26.410000,26.390000
2025-06-30,26.420000,26.500000
2025-07-01,26.490000,27.050000
2025-07-02,27.130000,27.310000
2025-07-03,27.360000,27.350000
2025-07-07,27.275000,27.060000
2025-07-08,27.030000,27.320000
2025-07-09,27.350000,27.290000
2025-07-10,27.250000,27.510000
2025-07-11,27.400000,27.330000
2025-07-14,27.320000,27.310000
2025-07-15,27.280000,26.870000
2025-07-16,26.900000,26.930000
2025-07-17,26.910000,27.140000
2025-07-18,27.280000,27.020000
2025-07-21,27.100000,26.950000
2025-07-22,26.900000,27.240000
2025-07-23,27.240000,27.380000
2025-07-24,27.310000,27.280000
2025-07-25,27.320000,27.320000
2025-07-28,27.325000,27.200000
2025-07-29,27.150000,27.170000
2025-07-30,27.170000,26.840000
2025-07-31,26.660000,26.500000
2025-08-01,26.480000,26.380000
2025-08-04,26.410000,26.610000
2025-08-05,26.610000,26.740000
2025-08-06,26.780000,26.680000
2025-08-07,26.790000,26.750000
2025-08-08,26.800000,26.880000
2025-08-11,26.940000,26.790000
2025-08-12,26.870000,27.100000
2025-08-13,27.140000,27.460000
2025-08-14,27.280000,27.340000
2025-08-15,27.370000,27.330000
2025-08-18,27.320000,27.260000
2025-08-19,27.290000,27.450000
2025-08-20,27.475000,27.510000
2025-08-21,27.470000,27.520000
2025-08-22,27.630000,27.950000
2025-08-25,27.930000,27.770000
2025-08-26,27.755000,27.750000
2025-08-27,27.730000,27.870000
2025-08-28,27.910000,27.820000
2025-08-29,27.820000,27.920000
2025-09-02,27.890000,27.840000
2025-09-03,27.745000,27.600000
2025-09-04,27.610000,27.690000
2025-09-05,27.670000,27.640000
2025-09-08,27.605000,27.440000
2025-09-09,27.410000,27.450000
2025-09-10,27.420000,27.500000
2025-09-11,27.510000,27.720000
2025-09-12,27.690000,27.480000
2025-09-15,27.515000,27.340000
2025-09-16,27.370000,27.420000
2025-09-17,27.430000,27.470000
2025-09-18,27.480000,27.450000
2025-09-19,27.510000,27.330000
2025-09-22,27.290000,27.250000
2025-09-23,27.280000,27.400000
2025-09-24,27.175000,27.160000
2025-09-25,27.150000,26.990000
2025-09-26,27.100000,27.210000
2025-09-29,27.270000,27.100000
2025-09-30,27.040000,27.300000
2025-10-01,27.280000,27.530000
2025-10-02,27.460000,27.340000
2025-10-03,27.370000,27.410000
2025-10-06,27.470000,27.340000
2025-10-07,27.350000,27.280000
2025-10-08,27.310000,27.180000
2025-10-09,27.200000,27.000000
2025-10-10,27.050000,26.540000
2025-10-13,26.605000,26.630000
2025-10-14,26.460000,26.870000
2025-10-15,26.910000,26.780000
2025-10-16,26.820000,26.570000
2025-10-17,26.610000,26.790000
2025-10-20,26.820000,26.990000
2025-10-21,26.990000,27.070000
2025-10-22,27.020000,26.990000
2025-10-23,27.110000,27.030000
2025-10-24,27.170000,27.030000
2025-10-27,27.100000,27.120000
2025-10-28,27.130000,27.000000
2025-10-29,26.980000,26.740000
2025-10-30,26.640000,26.680000
2025-10-31,26.590000,26.750000
2025-11-03,26.650000,26.470000
2025-11-04,26.370000,26.440000
2025-11-05,26.430000,26.570000
2025-11-06,26.550000,26.520000
2025-11-07,26.550000,26.720000
2025-11-10,26.760000,26.770000
2025-11-11,26.820000,27.180000
2025-11-12,27.170000,27.190000
2025-11-13,27.240000,27.220000
2025-11-14,27.220000,27.240000
2025-11-17,27.230000,27.000000
2025-11-18,26.940000,27.160000
2025-11-19,27.030000,26.930000
2025-11-20,27.010000,26.620000
2025-11-21,26.700000,27.100000
2025-11-24,27.130000,26.950000
2025-11-25,27.020000,27.320000
2025-11-26,27.290000,27.450000
2025-11-28,27.460000,27.590000
2025-12-01,27.560000,27.530000
2025-12-02,27.530000,27.400000
2025-12-03,27.510000,27.800000
2025-12-04,27.815000,27.750000
2025-12-05,27.750000,27.710000
2025-12-08,27.700000,27.580000
2025-12-09,27.570000,27.460000
2025-12-10,27.250000,27.570000
2025-12-11,27.580000,27.680000
2025-12-12,27.760000,27.680000
2025-12-15,27.750000,27.760000
2025-12-16,27.730000,27.470000
2025-12-17,27.520000,27.600000
2025-12-18,27.620000,27.480000
2025-12-19,27.480000,27.460000
2025-12-22,27.530000,27.620000
2025-12-23,27.620000,27.540000
2025-12-24,27.560000,27.660000
2025-12-26,27.640000,27.640000
2025-12-29,27.640000,27.620000
2025-12-30,27.630000,27.630000
2025-12-31,27.610000,27.430000
2026-01-02,27.500000,27.730000
2026-01-05,27.940000,27.910000
2026-01-06,27.940000,28.090000
2026-01-07,28.180000,27.900000
2026-01-08,27.940000,28.420000
2026-01-09,28.500000,28.550000
2026-01-12,28.570000,28.500000
2026-01-13,28.585000,28.620000
2026-01-14,28.620000,29.040000
2026-01-15,29.000000,29.030000
2026-01-16,28.990000,28.900000
2026-01-20,28.700000,28.700000
2026-01-21,28.820000,29.150000
2026-01-22,29.160000,29.170000
2026-01-23,29.235000,29.140000
2026-01-26,29.230000,29.180000
2026-01-27,29.180000,29.370000
2026-01-28,29.370000,29.300000
2026-01-29,29.460000,29.370000
2026-01-30,29.400000,29.820000
2026-02-02,29.650000,30.000000
2026-02-03,29.975000,30.500000
2026-02-04,30.595000,31.010000
2026-02-05,30.980000,30.970000
2026-02-06,31.085000,31.470000
2026-02-09,31.415000,31.350000
2026-02-10,31.350000,31.300000
2026-02-11,31.400000,31.640000
2026-02-12,31.620000,31.340000
2026-02-13,31.300000,31.610000
2026-02-17,31.695000,31.420000
2026-02-18,31.510000,31.560000
2026-02-19,31.600000,31.570000
2026-02-20,31.550000,31.610000
2026-02-23,31.550000,31.530000
2026-02-24,31.550000,31.640000
2026-02-25,31.660000,31.510000
2026-02-26,31.500000,31.510000
2026-02-27,31.510000,31.770000
2026-03-02,31.920000,31.860000
2026-03-03,31.635000,31.590000
2026-03-04,31.590000,31.540000
2026-03-05,31.460000,31.260000
2026-03-06,31.105000,31.130000
2026-03-09,31.000000,31.020000
2026-03-10,30.950000,30.900000
2026-03-11,30.850000,31.000000
2026-03-12,30.855000,30.820000
2026-03-13,30.910000,30.800000
2026-03-16,30.920000,30.870000
2026-03-17,31.010000,30.950000
2026-03-18,30.890000,30.580000
2026-03-19,30.520000,30.590000
2026-03-20,30.620000,30.390000
2026-03-23,30.680000,30.540000
2026-03-24,30.400000,30.640000
2026-03-25,30.490000,30.540000
2026-03-26,30.440000,30.620000
2026-03-27,30.590000,30.440000
2026-03-30,30.675000,30.480000
2026-03-31,30.700000,30.680000
2026-04-01,30.560000,30.510000
2026-04-02,30.460000,30.560000
2026-04-06,30.510000,30.640000
2026-04-07,30.680000,30.560000
2026-04-08,30.560000,30.860000
2026-04-09,30.790000,30.940000
2026-04-10,30.970000,30.560000
2026-04-13,30.590000,30.740000
2026-04-14,30.660000,30.710000
2026-04-15,30.700000,30.650000
2026-04-16,30.635000,30.810000
2026-04-17,30.790000,31.050000
2026-04-20,31.070000,31.030000
2026-04-21,31.190000,30.980000
2026-04-22,31.070000,31.010000
2026-04-23,31.155000,31.420000
2026-04-24,31.500000,31.200000
2026-04-27,31.300000,31.130000
2026-04-28,31.340000,31.310000
2026-04-29,31.360000,31.450000
2026-04-30,31.480000,32.070000
2026-05-01,32.080000,31.860000
2026-05-04,31.745000,31.520000
2026-05-05,31.500000,31.690000
2026-05-06,31.640000,31.660000
2026-05-07,31.510000,31.540000
2026-05-08,31.690000,31.620000
2026-05-11,31.820000,31.750000
2026-05-12,31.800000,31.760000
2026-05-13,31.760000,31.750000
2026-05-14,31.780000,31.800000
2026-05-15,31.850000,31.720000
2026-05-18,31.780000,32.040000
2026-05-19,31.940000,32.100000
2026-05-20,32.055000,32.120000
2026-05-21,32.035000,32.250000
2026-05-22,32.415000,32.830000
2026-05-26,32.860000,32.670000
2026-05-27,32.660000,32.550000
2026-05-28,32.618000,32.630000
2026-05-29,32.620000,32.500000
2026-06-01,32.270000,32.180000
2026-06-02,32.144000,32.370000
2026-06-03,32.250000,32.370000
2026-06-04,32.610000,32.590000
2026-06-05,32.600000,32.300000
2026-06-08,32.360000,32.290000
2026-06-09,32.320000,32.390000
2026-06-10,32.400000,32.260000
2026-06-11,32.450000,32.530000
2026-06-12,32.620000,32.820000
2026-06-15,32.755000,32.630000
2026-06-16,32.670000,32.530000
2026-06-17,32.480000,31.930000
2026-06-18,31.970000,31.860000
2026-06-22,31.860000,31.890000
2026-06-23,31.900000,32.020000
2026-06-24,31.730000,31.720000
2026-06-25,31.830000,31.960000
2026-06-26,31.990000,32.090000
2026-06-29,32.240000,31.930000
2026-06-30,31.940000,31.710000
2026-07-01,31.750000,31.850000
2026-07-02,32.070000,32.390000
2026-07-06,32.380000,32.240000
2026-07-07,32.550000,32.540000
2026-07-08,32.520000,32.340000
2026-07-09,32.240000,32.260000
2026-07-10,32.310000,32.400000
2026-07-13,32.580000,32.560000
2026-07-14,32.545000,32.200000
2026-07-15,32.250000,32.340000
2026-07-16,32.600000,33.040000
2026-07-17,33.190000,32.910000
2026-07-20,32.935000,32.750000
2026-07-21,32.750000,32.820000
2026-07-22,32.990000,32.900000
2026-07-23,32.790000,32.800000
2026-07-24,32.850000,33.290000
2026-07-27,33.330000,33.430000
2026-07-28,33.760000,33.890000
2026-07-29,33.940000,33.830000
2026-07-30,33.380000,33.410000
2026-07-31,33.320000,33.470000
2026-08-03,33.595000,33.560000
2026-08-04,33.460000,33.850000
2026-08-05,33.940000,33.640000
2026-08-06,33.860000,33.700000
2026-08-07,33.600000,33.900000
2026-08-10,33.890000,34.190000
2026-08-11,34.160000,34.270000
2026-08-12,34.190000,34.260000
2026-08-13,34.350000,34.430000
2026-08-14,34.470000,34.520000
2026-08-17,34.350000,34.290000
2026-08-18,34.480000,34.510000
2026-08-19,34.770000,35.090000
2026-08-20,34.980000,34.830000
2026-08-21,34.935000,35.110000
2026-08-24,35.125000,35.210000
2026-08-25,35.109000,35.110000
2026-08-26,35.015000,35.050000
2026-08-27,34.772000,34.830000
2026-08-28,34.870000,34.900000
