d,o,c
2015-01-02,126.290000,127.320000
2015-01-05,128.010000,129.320000
2015-01-06,130.700000,131.650000
2015-01-07,130.700000,131.390000
2015-01-08,130.360000,129.650000
2015-01-09,129.200000,131.070000
2015-01-12,131.000000,131.820000
2015-01-13,131.390000,131.820000
2015-01-14,133.720000,132.820000
2015-01-15,132.850000,134.910000
2015-01-16,134.330000,133.190000
2015-01-20,134.130000,134.960000
2015-01-21,135.200000,133.400000
2015-01-22,134.000000,132.920000
2015-01-23,134.300000,134.770000
2015-01-26,134.840000,134.360000
2015-01-27,135.730000,134.570000
2015-01-28,134.750000,136.770000
2015-01-29,136.120000,135.870000
2015-01-30,137.710000,138.280000
2015-02-02,136.700000,137.480000
2015-02-03,135.650000,134.570000
2015-02-04,133.490000,134.800000
2015-02-05,134.000000,133.320000
2015-02-06,132.050000,130.960000
2015-02-09,131.970000,130.750000
2015-02-10,130.140000,129.710000
2015-02-11,129.700000,129.950000
2015-02-12,129.660000,129.520000
2015-02-13,129.510000,128.190000
2015-02-17,127.800000,126.260000
2015-02-18,126.820000,127.010000
2015-02-19,126.780000,126.170000
2015-02-20,127.050000,126.540000
2015-02-23,127.190000,127.990000
2015-02-24,127.650000,129.670000
2015-02-25,129.460000,130.230000
2015-02-26,129.700000,128.450000
2015-02-27,129.020000,129.530000
2015-03-02,129.000000,126.870000
2015-03-03,126.890000,126.410000
2015-03-04,126.940000,126.450000
2015-03-05,126.530000,126.290000
2015-03-06,124.670000,123.500000
2015-03-09,124.680000,124.640000
2015-03-10,125.970000,126.280000
2015-03-11,126.260000,127.200000
2015-03-12,128.200000,127.110000
2015-03-13,126.760000,126.720000
2015-03-16,127.940000,127.940000
2015-03-17,128.550000,129.000000
2015-03-18,129.910000,131.490000
2015-03-19,131.200000,130.820000
2015-03-20,131.220000,131.510000
2015-03-23,131.700000,131.350000
2015-03-24,131.830000,132.620000
2015-03-25,132.720000,131.500000
2015-03-26,131.050000,129.450000
2015-03-27,130.030000,131.060000
2015-03-30,130.900000,130.410000
2015-03-31,130.240000,130.690000
2015-04-01,131.330000,132.130000
2015-04-02,131.930000,130.730000
2015-04-06,131.430000,130.000000
2015-04-07,130.230000,131.090000
2015-04-08,131.020000,131.130000
2015-04-09,130.870000,129.430000
2015-04-10,130.320000,129.620000
2015-04-13,129.530000,129.800000
2015-04-14,131.310000,130.720000
2015-04-15,131.050000,130.610000
2015-04-16,130.830000,129.960000
2015-04-17,129.770000,131.450000
2015-04-20,130.940000,130.290000
2015-04-21,130.230000,129.700000
2015-04-22,129.500000,127.720000
2015-04-23,127.800000,128.270000
2015-04-24,128.640000,129.070000
2015-04-27,129.070000,129.070000
2015-04-28,128.170000,127.290000
2015-04-29,125.810000,125.730000
2015-04-30,125.040000,125.950000
2015-05-01,124.730000,124.000000
2015-05-04,124.300000,122.830000
2015-05-05,122.860000,122.660000
2015-05-06,121.990000,120.560000
2015-05-07,121.430000,122.180000
2015-05-08,123.380000,122.510000
2015-05-11,121.620000,119.530000
2015-05-12,119.140000,119.840000
2015-05-13,120.650000,118.880000
2015-05-14,118.920000,119.200000
2015-05-15,120.380000,121.590000
2015-05-18,120.320000,119.550000
2015-05-19,118.270000,118.490000
2015-05-20,118.770000,118.690000
2015-05-21,119.580000,120.350000
2015-05-22,120.650000,120.400000
2015-05-26,120.840000,122.460000
2015-05-27,122.180000,122.740000
2015-05-28,122.500000,122.440000
2015-05-29,123.230000,122.710000
2015-06-01,122.110000,121.130000
2015-06-02,120.170000,119.440000
2015-06-03,118.390000,117.520000
2015-06-04,118.260000,119.050000
2015-06-05,117.840000,117.600000
2015-06-08,117.960000,117.470000
2015-06-09,117.060000,116.540000
2015-06-10,115.920000,115.520000
2015-06-11,116.560000,117.950000
2015-06-12,117.590000,117.950000
2015-06-15,118.890000,118.140000
2015-06-16,118.610000,119.070000
2015-06-17,118.500000,118.150000
2015-06-18,117.370000,117.570000
2015-06-19,118.510000,119.080000
2015-06-22,117.840000,116.650000
2015-06-23,115.730000,115.950000
2015-06-24,116.510000,116.950000
2015-06-25,116.590000,116.540000
2015-06-26,115.670000,115.230000
2015-06-29,116.960000,118.280000
2015-06-30,117.400000,117.460000
2015-07-01,115.820000,115.620000
2015-07-02,116.320000,116.000000
2015-07-06,118.050000,118.150000
2015-07-07,119.660000,119.260000
2015-07-08,120.020000,120.290000
2015-07-09,118.700000,117.920000
2015-07-10,116.040000,116.050000
2015-07-13,115.390000,115.690000
2015-07-14,116.020000,116.070000
2015-07-15,116.110000,117.300000
2015-07-16,116.890000,118.110000
2015-07-17,118.370000,118.720000
2015-07-20,118.290000,118.220000
2015-07-21,117.680000,118.860000
2015-07-22,119.010000,119.600000
2015-07-23,119.600000,121.090000
2015-07-24,121.500000,121.390000
2015-07-27,122.190000,122.040000
2015-07-28,121.160000,121.150000
2015-07-29,121.020000,120.700000
2015-07-30,121.210000,121.630000
2015-07-31,122.440000,122.530000
2015-08-03,122.320000,123.550000
2015-08-04,123.160000,122.570000
2015-08-05,121.770000,121.650000
2015-08-06,122.000000,122.730000
2015-08-07,123.300000,124.340000
2015-08-10,123.410000,122.800000
2015-08-11,124.300000,124.750000
2015-08-12,124.930000,124.070000
2015-08-13,123.830000,123.670000
2015-08-14,123.470000,123.960000
2015-08-17,124.710000,124.520000
2015-08-18,123.800000,123.540000
2015-08-19,123.060000,124.760000
2015-08-20,125.370000,126.020000
2015-08-21,126.160000,126.400000
2015-08-24,128.310000,126.360000
2015-08-25,124.550000,124.330000
2015-08-26,123.000000,121.930000
2015-08-27,121.820000,122.000000
2015-08-28,123.150000,122.360000
2015-08-31,123.360000,121.420000
2015-09-01,121.640000,122.030000
2015-09-02,121.420000,120.980000
2015-09-03,121.380000,121.570000
2015-09-04,122.450000,122.680000
2015-09-08,121.380000,120.870000
2015-09-09,119.630000,121.450000
2015-09-10,121.020000,120.630000
2015-09-11,121.470000,121.390000
2015-09-14,121.950000,121.580000
2015-09-15,120.890000,119.250000
2015-09-16,118.960000,118.800000
2015-09-17,118.880000,120.250000
2015-09-18,121.210000,122.100000
2015-09-21,121.010000,120.110000
2015-09-22,121.440000,121.780000
2015-09-23,121.620000,121.770000
2015-09-24,123.170000,122.600000
2015-09-25,121.650000,121.540000
2015-09-28,122.200000,123.620000
2015-09-29,123.540000,123.970000
2015-09-30,123.410000,123.540000
2015-10-01,124.080000,123.810000
2015-10-02,125.590000,124.560000
2015-10-05,123.720000,122.870000
2015-10-06,122.550000,123.400000
2015-10-07,122.810000,122.990000
2015-10-08,123.290000,121.960000
2015-10-09,121.970000,122.280000
2015-10-12,123.030000,123.210000
2015-10-13,123.530000,123.420000
2015-10-14,123.700000,124.500000
2015-10-15,124.310000,123.890000
2015-10-16,124.250000,123.930000
2015-10-19,123.790000,123.590000
2015-10-20,122.800000,122.830000
2015-10-21,123.610000,124.050000
2015-10-22,124.100000,124.260000
2015-10-23,123.100000,123.200000
2015-10-26,123.870000,124.020000
2015-10-27,124.510000,124.330000
2015-10-28,124.270000,123.830000
2015-10-29,123.180000,121.860000
2015-10-30,122.240000,122.780000
2015-11-02,121.780000,121.950000
2015-11-03,121.650000,120.950000
2015-11-04,121.100000,121.090000
2015-11-05,121.050000,120.770000
2015-11-06,119.490000,119.000000
2015-11-09,118.100000,118.330000
2015-11-10,118.500000,118.680000
2015-11-11,118.350000,118.430000
2015-11-12,118.750000,119.000000
2015-11-13,119.320000,119.680000
2015-11-16,119.790000,119.570000
2015-11-17,119.000000,119.770000
2015-11-18,119.580000,120.020000
2015-11-19,120.880000,120.820000
2015-11-20,120.930000,120.450000
2015-11-23,120.530000,120.820000
2015-11-24,120.900000,120.810000
2015-11-25,121.170000,121.090000
2015-11-27,121.250000,120.970000
2015-11-30,121.100000,121.450000
2015-12-01,121.260000,122.830000
2015-12-02,122.660000,122.870000
2015-12-03,121.360000,119.530000
2015-12-04,119.530000,120.580000
2015-12-07,120.810000,121.750000
2015-12-08,122.280000,121.810000
2015-12-09,121.350000,121.680000
2015-12-10,121.790000,121.840000
2015-12-11,123.030000,123.760000
2015-12-14,123.080000,122.160000
2015-12-15,121.020000,121.440000
2015-12-16,121.070000,121.180000
2015-12-17,121.780000,122.550000
2015-12-18,123.080000,123.230000
2015-12-21,123.430000,123.200000
2015-12-22,122.650000,122.310000
2015-12-23,121.230000,121.390000
2015-12-24,121.470000,121.830000
2015-12-28,121.990000,122.190000
2015-12-29,121.690000,120.160000
2015-12-30,119.920000,120.040000
2015-12-31,120.570000,120.580000
2016-01-04,121.930000,121.450000
2016-01-05,120.880000,120.960000
2016-01-06,122.300000,122.590000
2016-01-07,122.680000,122.810000
2016-01-08,122.430000,123.360000
2016-01-11,122.040000,122.010000
2016-01-12,122.340000,123.770000
2016-01-13,123.530000,124.990000
2016-01-14,124.470000,123.820000
2016-01-15,125.400000,125.752000
2016-01-19,125.130000,125.360000
2016-01-20,126.980000,126.680000
2016-01-21,126.940000,125.820000
2016-01-22,124.910000,125.340000
2016-01-25,125.950000,126.020000
2016-01-26,125.990000,126.080000
2016-01-27,125.750000,126.050000
2016-01-28,125.540000,126.230000
2016-01-29,127.410000,127.300000
2016-02-01,126.790000,126.670000
2016-02-02,128.100000,129.020000
2016-02-03,128.280000,127.950000
2016-02-04,128.220000,128.570000
2016-02-05,127.890000,128.720000
2016-02-08,129.720000,131.490000
2016-02-09,132.010000,131.630000
2016-02-10,131.730000,132.790000
2016-02-11,134.490000,133.720000
2016-02-12,132.650000,131.500000
2016-02-16,130.740000,130.110000
2016-02-17,129.640000,129.310000
2016-02-18,129.408900,130.900000
2016-02-19,130.940000,131.005000
2016-02-22,131.090000,130.940000
2016-02-23,129.880000,131.470000
2016-02-24,132.430400,131.210000
2016-02-25,131.470000,131.680000
2016-02-26,130.280100,130.410000
2016-02-29,130.480000,130.980000
2016-03-01,130.840000,128.430000
2016-03-02,128.340000,128.960000
2016-03-03,129.060000,129.430000
2016-03-04,128.720000,128.600000
2016-03-07,128.430000,128.560000
2016-03-08,130.350000,129.980000
2016-03-09,129.070000,129.190000
2016-03-10,129.500000,128.660000
2016-03-11,128.870000,127.360000
2016-03-14,127.830000,127.760000
2016-03-15,128.499900,127.880000
2016-03-16,127.760000,128.260000
2016-03-17,128.510000,128.790000
2016-03-18,129.040000,129.060000
2016-03-21,128.250000,128.070000
2016-03-22,128.830000,128.040000
2016-03-23,128.400000,129.490000
2016-03-24,130.580000,129.540000
2016-03-28,129.399900,129.710000
2016-03-29,130.380000,131.070000
2016-03-30,130.000000,129.690000
2016-03-31,129.992000,130.610000
2016-04-01,130.980000,130.680000
2016-04-04,130.780000,130.760000
2016-04-05,132.000000,132.190000
2016-04-06,131.510100,131.230000
2016-04-07,132.230000,132.850000
2016-04-08,132.210000,132.010000
2016-04-11,131.370000,131.840000
2016-04-12,131.070000,130.930000
2016-04-13,130.650000,131.390000
2016-04-14,130.950000,130.760000
2016-04-15,131.278900,131.880000
2016-04-18,131.330000,131.310000
2016-04-19,131.110000,130.900000
2016-04-20,131.220000,129.460000
2016-04-21,128.440000,128.690000
2016-04-22,128.850000,128.360000
2016-04-25,128.060000,127.830000
2016-04-26,127.740000,127.250000
2016-04-27,127.950000,128.520000
2016-04-28,128.250000,129.050000
2016-04-29,128.441100,129.380000
2016-05-02,128.692000,127.820000
2016-05-03,129.530000,129.430000
2016-05-04,129.705000,130.140000
2016-05-05,130.060000,131.010000
2016-05-06,130.850000,130.450000
2016-05-09,130.458900,130.860000
2016-05-10,130.867000,130.870000
2016-05-11,130.857000,131.610000
2016-05-12,130.624800,131.010000
2016-05-13,131.470000,132.280000
2016-05-16,131.650000,131.140000
2016-05-17,131.260000,131.360000
2016-05-18,130.780000,129.490000
2016-05-19,129.680000,130.050000
2016-05-20,129.680000,130.150000
2016-05-23,130.380000,130.440000
2016-05-24,129.940000,129.860000
2016-05-25,129.850000,129.370000
2016-05-26,129.830000,130.040000
2016-05-27,130.129800,129.850000
2016-05-31,129.040000,130.160000
2016-06-01,130.650000,130.420000
2016-06-02,130.891100,131.360000
2016-06-03,132.860000,133.230000
2016-06-06,132.780000,132.240000
2016-06-07,132.650000,132.560000
2016-06-08,132.890000,133.270000
2016-06-09,134.340000,134.130000
2016-06-10,134.830000,134.780000
2016-06-13,135.120000,135.380000
2016-06-14,136.170000,135.280000
2016-06-15,135.530000,135.800000
2016-06-16,136.750000,136.460000
2016-06-17,136.150000,135.610000
2016-06-20,134.240000,134.160000
2016-06-21,134.270000,133.540000
2016-06-22,133.500000,133.760000
2016-06-23,132.610000,132.230000
2016-06-24,136.500000,135.780000
2016-06-27,138.440000,139.170000
2016-06-28,139.440000,139.460000
2016-06-29,139.680000,138.390000
2016-06-30,138.810000,138.900000
2016-07-01,140.810000,140.570000
2016-07-05,141.800000,142.330000
2016-07-06,142.830000,142.560000
2016-07-07,142.110000,142.550000
2016-07-08,142.920000,143.600000
2016-07-11,143.050000,142.340000
2016-07-12,140.400000,140.000000
2016-07-13,141.340000,141.650000
2016-07-14,139.280000,139.590000
2016-07-15,138.880000,138.390000
2016-07-18,139.070000,138.260000
2016-07-19,138.920000,139.040000
2016-07-20,138.230000,138.280000
2016-07-21,137.070000,138.560000
2016-07-22,137.930000,138.800000
2016-07-25,138.920000,138.700000
2016-07-26,139.520000,138.920000
2016-07-27,139.560000,140.650000
2016-07-28,139.800000,140.390000
2016-07-29,140.450000,141.560000
2016-08-01,139.810000,139.770000
2016-08-02,137.860000,138.330000
2016-08-03,138.640000,138.410000
2016-08-04,139.430000,139.450000
2016-08-05,139.000000,138.000000
2016-08-08,137.600000,138.260000
2016-08-09,138.700000,139.620000
2016-08-10,139.900000,140.160000
2016-08-11,140.060000,138.910000
2016-08-12,140.400000,140.080000
2016-08-15,139.400000,138.760000
2016-08-16,139.020000,138.390000
2016-08-17,138.680000,139.220000
2016-08-18,139.200000,139.440000
2016-08-19,138.650000,138.710000
2016-08-22,139.640000,139.880000
2016-08-23,140.270000,140.030000
2016-08-24,140.100000,139.700000
2016-08-25,139.260000,139.170000
2016-08-26,139.740000,138.360000
2016-08-29,139.370000,140.210000
2016-08-30,140.130000,139.670000
2016-08-31,139.660000,139.870000
2016-09-01,138.570000,139.770000
2016-09-02,138.960000,138.630000
2016-09-06,138.700000,139.640000
2016-09-07,140.370000,139.540000
2016-09-08,138.870000,137.790000
2016-09-09,136.080000,135.520000
2016-09-12,135.320000,135.590000
2016-09-13,135.870000,134.050000
2016-09-14,134.050000,134.250000
2016-09-15,133.590000,133.670000
2016-09-16,134.610000,134.750000
2016-09-19,134.550000,134.310000
2016-09-20,135.140000,134.780000
2016-09-21,134.610000,135.870000
2016-09-22,136.620000,136.950000
2016-09-23,136.990000,136.820000
2016-09-26,137.020000,137.690000
2016-09-27,138.550000,138.700000
2016-09-28,138.500000,138.400000
2016-09-29,137.520000,138.750000
2016-09-30,138.530000,137.510000
2016-10-03,137.680000,136.810000
2016-10-04,136.635000,135.210000
2016-10-05,135.020000,134.580000
2016-10-06,133.920000,133.830000
2016-10-07,133.930000,133.920000
2016-10-10,132.850000,133.130000
2016-10-11,132.860000,132.830000
2016-10-12,132.680000,132.960000
2016-10-13,133.640000,133.460000
2016-10-14,132.270000,131.590000
2016-10-17,132.100000,132.430000
2016-10-18,131.840000,132.860000
2016-10-19,132.370000,132.970000
2016-10-20,133.640000,133.110000
2016-10-21,133.520000,133.310000
2016-10-24,133.410000,132.730000
2016-10-25,132.500000,133.080000
2016-10-26,132.480000,132.180000
2016-10-27,131.070000,130.740000
2016-10-28,130.360000,130.450000
2016-10-31,130.870000,131.250000
2016-11-01,130.120000,131.010000
2016-11-02,131.300000,131.580000
2016-11-03,130.760000,130.570000
2016-11-04,131.260000,131.740000
2016-11-07,130.700000,130.620000
2016-11-08,130.990000,130.090000
2016-11-09,127.290000,124.570000
2016-11-10,123.970000,122.730000
2016-11-11,122.960000,122.040000
2016-11-14,121.280000,121.310000
2016-11-15,122.240000,121.910000
2016-11-16,122.260000,123.010000
2016-11-17,121.890000,121.200000
2016-11-18,121.590000,120.850000
2016-11-21,121.210000,121.150000
2016-11-22,121.600000,121.110000
2016-11-23,120.010000,120.640000
2016-11-25,121.190000,120.820000
2016-11-28,121.370000,121.710000
2016-11-29,121.440000,122.220000
2016-11-30,119.970000,120.240000
2016-12-01,118.510000,118.730000
2016-12-02,119.180000,119.600000
2016-12-05,118.880000,119.470000
2016-12-06,119.650000,119.380000
2016-12-07,119.820000,120.400000
2016-12-08,119.130000,118.980000
2016-12-09,118.600000,117.500000
2016-12-12,117.240000,117.720000
2016-12-13,118.400000,118.140000
2016-12-14,119.100000,116.820000
2016-12-15,117.560000,117.410000
2016-12-16,117.610000,117.140000
2016-12-19,117.960000,118.400000
2016-12-20,117.620000,117.810000
2016-12-21,117.930000,118.330000
2016-12-22,117.540000,117.810000
2016-12-23,118.200000,118.050000
2016-12-27,117.420000,117.670000
2016-12-28,117.880000,118.530000
2016-12-29,118.800000,118.950000
2016-12-30,118.800000,119.130000
2017-01-03,118.410000,119.640000
2017-01-04,119.750000,120.100000
2017-01-05,120.450000,121.980000
2017-01-06,121.140000,120.860000
2017-01-09,121.860000,121.830000
2017-01-10,121.550000,121.750000
2017-01-11,121.890000,122.160000
2017-01-12,122.750000,121.890000
2017-01-13,121.370000,121.310000
2017-01-17,122.780000,122.580000
2017-01-18,121.770000,121.010000
2017-01-19,120.450000,120.180000
2017-01-20,119.890000,119.940000
2017-01-23,120.340000,121.140000
2017-01-24,120.740000,120.310000
2017-01-25,119.280000,118.800000
2017-01-26,118.870000,119.200000
2017-01-27,119.400000,119.630000
2017-01-30,119.460000,119.270000
2017-01-31,119.360000,120.100000
2017-02-01,119.100000,119.100000
2017-02-02,119.920000,119.050000
2017-02-03,119.460000,119.000000
2017-02-06,119.760000,119.720000
2017-02-07,119.780000,120.600000
2017-02-08,121.410000,122.240000
2017-02-09,121.440000,120.830000
2017-02-10,120.150000,120.760000
2017-02-13,120.280000,120.380000
2017-02-14,120.270000,119.510000
2017-02-15,118.790000,118.960000
2017-02-16,119.240000,119.610000
2017-02-17,120.590000,120.320000
2017-02-21,119.680000,120.110000
2017-02-22,120.800000,120.310000
2017-02-23,120.570000,120.670000
2017-02-24,121.380000,122.010000
2017-02-27,121.840000,121.290000
2017-02-28,121.520000,121.740000
2017-03-01,119.410000,119.470000
2017-03-02,119.010000,119.040000
2017-03-03,119.270000,119.350000
2017-03-06,119.080000,118.780000
2017-03-07,118.480000,118.420000
2017-03-08,117.310000,117.780000
2017-03-09,117.340000,116.840000
2017-03-10,117.140000,117.250000
2017-03-13,116.830000,116.510000
2017-03-14,116.750000,117.070000
2017-03-15,117.570000,118.500000
2017-03-16,118.040000,117.900000
2017-03-17,118.110000,118.640000
2017-03-20,118.560000,119.150000
2017-03-21,119.040000,120.140000
2017-03-22,120.730000,120.620000
2017-03-23,120.840000,120.450000
2017-03-24,120.530000,120.880000
2017-03-27,121.840000,121.430000
2017-03-28,121.820000,120.620000
2017-03-29,120.940000,121.340000
2017-03-30,121.080000,120.360000
2017-03-31,120.320000,120.710000
2017-04-03,120.450000,121.670000
2017-04-04,121.370000,121.010000
2017-04-05,120.570000,121.380000
2017-04-06,121.240000,121.200000
2017-04-07,121.860000,120.710000
2017-04-10,121.130000,121.270000
2017-04-11,121.830000,122.420000
2017-04-12,122.520000,123.090000
2017-04-13,123.490000,123.470000
2017-04-17,123.480000,123.090000
2017-04-18,123.900000,124.700000
2017-04-19,124.100000,124.020000
2017-04-20,123.750000,123.540000
2017-04-21,123.840000,123.540000
2017-04-24,122.520000,122.930000
2017-04-25,122.230000,121.450000
2017-04-26,121.510000,122.120000
2017-04-27,121.770000,122.080000
2017-04-28,121.600000,122.350000
2017-05-01,121.710000,121.080000
2017-05-02,121.000000,121.700000
2017-05-03,122.240000,121.780000
2017-05-04,121.000000,121.180000
2017-05-05,121.410000,121.290000
2017-05-08,121.110000,120.630000
2017-05-09,120.380000,120.620000
2017-05-10,120.930000,120.480000
2017-05-11,119.990000,120.480000
2017-05-12,121.010000,121.390000
2017-05-15,121.050000,121.060000
2017-05-16,121.130000,121.510000
2017-05-17,122.630000,123.280000
2017-05-18,123.690000,123.420000
2017-05-19,123.360000,123.710000
2017-05-22,123.430000,123.370000
2017-05-23,123.520000,122.540000
2017-05-24,122.820000,123.230000
2017-05-25,123.020000,123.270000
2017-05-26,123.520000,123.480000
2017-05-30,124.030000,124.090000
2017-05-31,124.060000,124.400000
2017-06-01,123.700000,124.150000
2017-06-02,125.210000,125.620000
2017-06-05,124.910000,124.840000
2017-06-06,125.660000,125.520000
2017-06-07,125.240000,124.920000
2017-06-08,124.880000,124.590000
2017-06-09,124.060000,124.400000
2017-06-12,124.210000,124.360000
2017-06-13,124.000000,124.380000
2017-06-14,125.920000,126.300000
2017-06-15,126.090000,126.100000
2017-06-16,126.050000,126.350000
2017-06-19,126.330000,126.170000
2017-06-20,126.830000,127.300000
2017-06-21,127.110000,127.560000
2017-06-22,127.740000,127.840000
2017-06-23,127.470000,127.780000
2017-06-26,128.280000,128.260000
2017-06-27,127.460000,126.890000
2017-06-28,126.690000,126.470000
2017-06-29,125.010000,125.410000
2017-06-30,125.190000,125.120000
2017-07-03,125.030000,124.460000
2017-07-05,124.160000,124.490000
2017-07-06,123.530000,123.460000
2017-07-07,122.860000,122.720000
2017-07-10,122.870000,122.900000
2017-07-11,122.860000,123.110000
2017-07-12,123.910000,123.960000
2017-07-13,123.640000,123.180000
2017-07-14,124.110000,123.330000
2017-07-17,123.350000,123.670000
2017-07-18,124.410000,124.750000
2017-07-19,124.790000,124.800000
2017-07-20,125.490000,125.160000
2017-07-21,125.760000,125.690000
2017-07-24,125.460000,125.200000
2017-07-25,124.130000,123.570000
2017-07-26,123.260000,123.770000
2017-07-27,123.140000,123.160000
2017-07-28,123.300000,123.890000
2017-07-31,123.500000,124.040000
2017-08-01,123.160000,124.640000
2017-08-02,124.760000,124.710000
2017-08-03,125.290000,126.000000
2017-08-04,125.160000,124.930000
2017-08-07,124.840000,125.070000
2017-08-08,124.890000,124.620000
2017-08-09,125.920000,125.300000
2017-08-10,125.660000,126.370000
2017-08-11,125.790000,126.430000
2017-08-14,126.000000,125.780000
2017-08-15,124.750000,125.250000
2017-08-16,124.830000,125.710000
2017-08-17,125.700000,126.650000
2017-08-18,126.980000,126.620000
2017-08-21,126.820000,126.930000
2017-08-22,126.800000,126.440000
2017-08-23,127.070000,127.300000
2017-08-24,126.880000,126.830000
2017-08-25,127.010000,127.320000
2017-08-28,126.930000,127.240000
2017-08-29,128.440000,127.650000
2017-08-30,127.500000,127.610000
2017-08-31,127.640000,127.990000
2017-09-01,127.310000,126.750000
2017-09-05,127.690000,128.760000
2017-09-06,128.720000,127.970000
2017-09-07,128.330000,129.280000
2017-09-08,129.130000,129.000000
2017-09-11,127.910000,127.460000
2017-09-12,127.050000,126.790000
2017-09-13,126.920000,126.290000
2017-09-14,126.370000,126.810000
2017-09-15,127.010000,126.860000
2017-09-18,126.520000,126.130000
2017-09-19,126.310000,125.820000
2017-09-20,125.970000,125.910000
2017-09-21,126.130000,125.840000
2017-09-22,126.500000,126.200000
2017-09-25,126.330000,126.990000
2017-09-26,126.740000,126.760000
2017-09-27,124.870000,124.850000
2017-09-28,124.210000,124.480000
2017-09-29,124.760000,124.760000
2017-10-02,124.810000,124.280000
2017-10-03,123.920000,124.400000
2017-10-04,124.500000,124.410000
2017-10-05,124.280000,123.940000
2017-10-06,123.300000,123.590000
2017-10-09,123.780000,123.980000
2017-10-10,124.110000,124.180000
2017-10-11,124.560000,124.420000
2017-10-12,124.530000,124.950000
2017-10-13,125.580000,125.850000
2017-10-16,125.500000,125.760000
2017-10-17,125.410000,125.920000
2017-10-18,125.050000,125.090000
2017-10-19,125.740000,125.310000
2017-10-20,124.010000,123.980000
2017-10-23,124.130000,124.200000
2017-10-24,123.370000,123.430000
2017-10-25,122.550000,122.840000
2017-10-26,123.020000,122.430000
2017-10-27,122.940000,123.240000
2017-10-30,123.860000,124.420000
2017-10-31,124.500000,124.460000
2017-11-01,124.350000,124.750000
2017-11-02,125.000000,125.300000
2017-11-03,125.450000,125.640000
2017-11-06,125.920000,126.110000
2017-11-07,126.210000,126.640000
2017-11-08,126.590000,126.360000
2017-11-09,125.860000,126.000000
2017-11-10,124.720000,124.100000
2017-11-13,124.800000,124.360000
2017-11-14,124.800000,125.200000
2017-11-15,126.050000,126.560000
2017-11-16,126.010000,125.460000
2017-11-17,126.070000,126.390000
2017-11-20,125.930000,126.340000
2017-11-21,127.090000,126.740000
2017-11-22,126.630000,127.150000
2017-11-24,126.920000,126.800000
2017-11-27,126.860000,126.620000
2017-11-28,126.780000,126.790000
2017-11-29,125.560000,125.540000
2017-11-30,125.330000,125.120000
2017-12-01,125.870000,126.550000
2017-12-04,125.930000,126.610000
2017-12-05,126.470000,127.240000
2017-12-06,127.870000,127.680000
2017-12-07,127.930000,126.680000
2017-12-08,126.580000,126.690000
2017-12-11,126.850000,126.430000
2017-12-12,126.170000,126.380000
2017-12-13,126.800000,127.330000
2017-12-14,127.050000,127.870000
2017-12-15,127.810000,128.350000
2017-12-18,127.990000,127.180000
2017-12-19,126.320000,125.530000
2017-12-20,124.290000,124.140000
2017-12-21,124.030000,124.600000
2017-12-22,124.700000,124.770000
2017-12-26,124.980000,125.140000
2017-12-27,125.710000,126.770000
2017-12-28,126.500000,126.660000
2017-12-29,126.500000,126.860000
2018-01-02,126.480000,125.490000
2018-01-03,126.000000,126.090000
2018-01-04,125.660000,126.070000
2018-01-05,125.850000,125.710000
2018-01-08,126.020000,125.630000
2018-01-09,124.830000,123.950000
2018-01-10,122.820000,123.800000
2018-01-11,123.510000,124.310000
2018-01-12,124.100000,124.520000
2018-01-16,125.160000,125.040000
2018-01-17,125.080000,124.870000
2018-01-18,123.910000,123.710000
2018-01-19,123.400000,123.060000
2018-01-22,123.450000,123.180000
2018-01-23,123.810000,123.710000
2018-01-24,122.850000,123.040000
2018-01-25,123.150000,124.050000
2018-01-26,123.880000,123.590000
2018-01-29,122.950000,122.730000
2018-01-30,122.280000,122.010000
2018-01-31,122.870000,122.730000
2018-02-01,122.480000,120.700000
2018-02-02,120.150000,119.580000
2018-02-05,119.170000,120.710000
2018-02-06,120.440000,119.960000
2018-02-07,120.130000,118.820000
2018-02-08,118.000000,118.690000
2018-02-09,118.110000,117.940000
2018-02-12,118.570000,118.460000
2018-02-13,118.610000,118.990000
2018-02-14,118.480000,117.670000
2018-02-15,118.180000,118.070000
2018-02-16,119.040000,118.710000
2018-02-20,118.290000,118.190000
2018-02-21,118.240000,116.740000
2018-02-22,117.260000,117.090000
2018-02-23,117.880000,118.130000
2018-02-26,118.680000,118.170000
2018-02-27,118.520000,118.000000
2018-02-28,118.480000,118.750000
2018-03-01,118.410000,119.320000
2018-03-02,118.850000,118.350000
2018-03-05,118.750000,118.030000
2018-03-06,118.360000,118.140000
2018-03-07,118.570000,118.010000
2018-03-08,118.310000,118.690000
2018-03-09,117.990000,117.910000
2018-03-12,118.300000,118.590000
2018-03-13,118.980000,119.190000
2018-03-14,119.400000,120.240000
2018-03-15,120.180000,120.240000
2018-03-16,119.800000,119.810000
2018-03-19,119.220000,119.430000
2018-03-20,118.910000,118.950000
2018-03-21,118.680000,119.080000
2018-03-22,120.320000,120.260000
2018-03-23,119.690000,120.170000
2018-03-26,120.010000,119.710000
2018-03-27,119.810000,120.990000
2018-03-28,121.430000,121.310000
2018-03-29,121.540000,121.900000
2018-04-02,121.350000,121.880000
2018-04-03,121.370000,120.940000
2018-04-04,121.370000,120.690000
2018-04-05,120.100000,119.790000
2018-04-06,120.670000,121.100000
2018-04-09,120.640000,121.300000
2018-04-10,121.220000,121.080000
2018-04-11,121.850000,121.510000
2018-04-12,121.040000,120.620000
2018-04-13,120.520000,120.900000
2018-04-16,120.230000,120.940000
2018-04-17,120.930000,121.270000
2018-04-18,121.290000,120.300000
2018-04-19,119.390000,119.320000
2018-04-20,118.870000,118.460000
2018-04-23,118.290000,118.490000
2018-04-24,118.210000,117.950000
2018-04-25,117.430000,117.160000
2018-04-26,117.730000,117.980000
2018-04-27,118.470000,118.890000
2018-04-30,119.080000,119.100000
2018-05-01,118.750000,118.410000
2018-05-02,118.640000,118.280000
2018-05-03,118.850000,118.810000
2018-05-04,119.230000,118.990000
2018-05-07,118.960000,118.800000
2018-05-08,118.550000,118.690000
2018-05-09,118.110000,117.980000
2018-05-10,118.550000,118.930000
2018-05-11,119.320000,119.230000
2018-05-14,118.800000,118.600000
2018-05-15,117.580000,117.250000
2018-05-16,117.430000,116.800000
2018-05-17,116.620000,116.210000
2018-05-18,116.510000,117.210000
2018-05-21,117.130000,117.270000
2018-05-22,117.310000,117.090000
2018-05-23,117.765000,117.940000
2018-05-24,118.700000,118.880000
2018-05-25,119.560000,119.620000
2018-05-29,120.840000,122.240000
2018-05-30,121.000000,121.420000
2018-05-31,121.560000,121.220000
2018-06-01,120.160000,120.300000
2018-06-04,120.130000,119.430000
2018-06-05,119.950000,119.710000
2018-06-06,119.090000,118.740000
2018-06-07,118.690000,119.890000
2018-06-08,119.560000,119.530000
2018-06-11,119.090000,119.310000
2018-06-12,118.910000,119.340000
2018-06-13,119.450000,119.280000
2018-06-14,119.800000,120.270000
2018-06-15,120.830000,120.380000
2018-06-18,120.480000,120.270000
2018-06-19,120.970000,120.970000
2018-06-20,120.770000,119.910000
2018-06-21,120.370000,120.540000
2018-06-22,120.090000,120.530000
2018-06-25,120.690000,120.800000
2018-06-26,120.780000,120.970000
2018-06-27,121.750000,122.110000
2018-06-28,122.120000,122.140000
2018-06-29,122.160000,121.720000
2018-07-02,121.740000,121.350000
2018-07-03,121.540000,122.000000
2018-07-05,122.050000,122.350000
2018-07-06,122.770000,122.750000
2018-07-09,122.060000,121.960000
2018-07-10,121.890000,121.950000
2018-07-11,122.450000,122.420000
2018-07-12,122.160000,122.410000
2018-07-13,122.590000,122.720000
2018-07-16,122.210000,122.210000
2018-07-17,122.290000,121.980000
2018-07-18,122.040000,121.490000
2018-07-19,121.790000,122.260000
2018-07-20,121.590000,120.760000
2018-07-23,120.380000,119.270000
2018-07-24,119.290000,119.680000
2018-07-25,120.020000,119.490000
2018-07-26,119.720000,119.260000
2018-07-27,119.840000,119.460000
2018-07-30,118.990000,119.050000
2018-07-31,119.790000,119.700000
2018-08-01,118.280000,118.460000
2018-08-02,118.620000,118.630000
2018-08-03,118.810000,119.220000
2018-08-06,119.570000,119.290000
2018-08-07,119.040000,118.670000
2018-08-08,118.660000,118.790000
2018-08-09,119.250000,119.790000
2018-08-10,120.350000,120.660000
2018-08-13,120.270000,120.410000
2018-08-14,120.530000,120.140000
2018-08-15,120.680000,120.840000
2018-08-16,120.830000,120.830000
2018-08-17,121.090000,120.980000
2018-08-20,121.620000,121.790000
2018-08-21,121.370000,121.380000
2018-08-22,122.000000,121.860000
2018-08-23,122.000000,122.050000
2018-08-24,121.620000,122.290000
2018-08-27,121.790000,121.590000
2018-08-28,121.000000,120.860000
2018-08-29,120.950000,121.020000
2018-08-30,121.320000,121.280000
2018-08-31,121.880000,120.995000
2018-09-04,119.960000,120.030000
2018-09-05,119.760000,119.710000
2018-09-06,119.780000,120.150000
2018-09-07,119.330000,119.130000
2018-09-10,119.190000,119.570000
2018-09-11,119.080000,118.660000
2018-09-12,119.060000,118.940000
2018-09-13,119.340000,119.120000
2018-09-14,118.410000,118.550000
2018-09-17,118.160000,118.550000
2018-09-18,118.050000,117.310000
2018-09-19,117.100000,116.610000
2018-09-20,116.580000,117.150000
2018-09-21,116.870000,117.100000
2018-09-24,116.720000,116.800000
2018-09-25,116.480000,116.680000
2018-09-26,116.950000,117.500000
2018-09-27,117.250000,117.580000
2018-09-28,117.850000,117.270000
2018-10-01,116.660000,116.150000
2018-10-02,116.680000,116.860000
2018-10-03,116.240000,114.830000
2018-10-04,114.110000,114.020000
2018-10-05,113.390000,113.040000
2018-10-08,112.970000,112.660000
2018-10-09,113.140000,113.800000
2018-10-10,113.160000,113.490000
2018-10-11,113.980000,114.870000
2018-10-12,114.380000,114.470000
2018-10-15,114.660000,114.420000
2018-10-16,114.390000,114.680000
2018-10-17,114.660000,114.000000
2018-10-18,113.630000,113.960000
2018-10-19,113.850000,113.710000
2018-10-22,113.960000,113.560000
2018-10-23,114.780000,113.920000
2018-10-24,114.350000,114.780000
2018-10-25,114.540000,114.300000
2018-10-26,114.900000,114.990000
2018-10-29,114.860000,114.730000
2018-10-30,114.260000,114.160000
2018-10-31,113.710000,113.580000
2018-11-01,112.850000,113.410000
2018-11-02,113.170000,112.000000
2018-11-05,112.480000,112.440000
2018-11-06,112.600000,112.370000
2018-11-07,113.200000,112.520000
2018-11-08,112.940000,112.510000
2018-11-09,112.740000,113.350000
2018-11-12,113.940000,114.090000
2018-11-13,113.710000,114.020000
2018-11-14,113.470000,114.090000
2018-11-15,114.440000,114.040000
2018-11-16,114.140000,114.700000
2018-11-19,114.420000,115.020000
2018-11-20,115.230000,115.060000
2018-11-21,114.870000,115.020000
2018-11-23,115.680000,115.140000
2018-11-26,114.840000,114.880000
2018-11-27,114.810000,115.010000
2018-11-28,114.850000,114.450000
2018-11-29,114.900000,114.900000
2018-11-30,115.300000,115.330000
2018-12-03,114.680000,115.880000
2018-12-04,116.810000,117.820000
2018-12-06,118.540000,118.190000
2018-12-07,117.810000,118.410000
2018-12-10,118.860000,118.900000
2018-12-11,118.980000,118.880000
2018-12-12,118.610000,118.350000
2018-12-13,118.450000,118.070000
2018-12-14,118.550000,118.480000
2018-12-17,118.610000,119.170000
2018-12-18,119.090000,119.600000
2018-12-19,120.110000,121.180000
2018-12-20,122.010000,120.740000
2018-12-21,121.140000,120.720000
2018-12-24,121.130000,121.320000
2018-12-26,120.990000,120.020000
2018-12-27,121.240000,120.040000
2018-12-28,120.380000,121.050000
2018-12-31,120.650000,121.510000
2019-01-02,121.660000,122.150000
2019-01-03,122.310000,123.540000
2019-01-04,122.330000,122.110000
2019-01-07,122.620000,121.750000
2019-01-08,121.720000,121.430000
2019-01-09,121.240000,121.240000
2019-01-10,121.270000,120.460000
2019-01-11,120.820000,120.930000
2019-01-14,120.900000,120.480000
2019-01-15,120.540000,120.040000
2019-01-16,119.600000,120.160000
2019-01-17,120.220000,120.190000
2019-01-18,119.860000,119.560000
2019-01-22,120.280000,120.370000
2019-01-23,119.880000,120.320000
2019-01-24,120.910000,121.110000
2019-01-25,120.590000,120.530000
2019-01-28,120.550000,120.410000
2019-01-29,120.500000,121.020000
2019-01-30,120.840000,120.930000
2019-01-31,121.590000,121.970000
2019-02-01,121.480000,120.960000
2019-02-04,120.430000,120.420000
2019-02-05,120.730000,120.970000
2019-02-06,121.350000,121.030000
2019-02-07,121.480000,121.830000
2019-02-08,122.260000,122.350000
2019-02-11,121.850000,121.870000
2019-02-12,121.660000,121.555000
2019-02-13,121.170000,121.100000
2019-02-14,122.160000,121.790000
2019-02-15,121.560000,121.980000
2019-02-19,122.400000,122.290000
2019-02-20,121.940000,121.940000
2019-02-21,121.070000,120.850000
2019-02-22,121.470000,121.570000
2019-02-25,121.170000,121.210000
2019-02-26,121.730000,121.810000
2019-02-27,121.120000,120.430000
2019-02-28,120.560000,120.020000
2019-03-01,119.330000,118.660000
2019-03-04,119.290000,119.580000
2019-03-05,119.280000,119.845000
2019-03-06,119.920000,120.280000
2019-03-07,120.640000,121.060000
2019-03-08,121.120000,121.570000
2019-03-11,121.400000,121.210000
2019-03-12,121.300000,122.060000
2019-03-13,121.660000,121.830002
2019-03-14,121.690000,120.950000
2019-03-15,121.740000,121.750000
2019-03-18,121.570000,121.680000
2019-03-19,121.090000,121.410000
2019-03-20,121.740000,122.680000
2019-03-21,122.960000,122.950000
2019-03-22,124.210000,124.860000
2019-03-25,124.810000,125.060000
2019-03-26,124.700000,124.970000
2019-03-27,125.420000,126.110000
2019-03-28,126.250000,126.560000
2019-03-29,125.680000,126.440000
2019-04-01,125.290000,124.370000
2019-04-02,124.480000,124.600000
2019-04-03,123.610000,123.520000
2019-04-04,123.600000,123.870000
2019-04-05,123.620000,124.020000
2019-04-08,123.830000,123.600000
2019-04-09,124.220000,123.980000
2019-04-10,124.270000,124.280000
2019-04-11,123.930000,123.550000
2019-04-12,122.890000,122.670000
2019-04-15,122.775000,122.980000
2019-04-16,122.510000,122.210000
2019-04-17,122.130000,122.260000
2019-04-18,122.810000,122.900000
2019-04-22,122.470000,122.310000
2019-04-23,122.610000,122.570000
2019-04-24,123.110000,123.570000
2019-04-25,123.490000,123.390000
2019-04-26,123.980000,123.810000
2019-04-29,123.230000,123.020000
2019-04-30,122.950000,123.650000
2019-05-01,123.690000,123.900000
2019-05-02,123.680000,123.310000
2019-05-03,123.660000,123.660000
2019-05-06,124.310000,124.000000
2019-05-07,124.530000,124.950000
2019-05-08,125.150000,124.410000
2019-05-09,125.110000,124.920000
2019-05-10,124.890000,124.750000
2019-05-13,125.400000,125.730000
2019-05-14,125.510000,125.360000
2019-05-15,126.210000,126.130000
2019-05-16,125.810000,125.710000
2019-05-17,126.280000,125.990000
2019-05-20,126.120000,125.730000
2019-05-21,125.600000,125.530000
2019-05-22,125.770000,126.250000
2019-05-23,126.890000,127.670000
2019-05-24,127.560000,127.780000
2019-05-28,128.270000,128.790000
2019-05-29,129.670000,129.090000
2019-05-30,129.330000,130.200000
2019-05-31,130.900000,131.830000
2019-06-03,131.910000,132.440002
2019-06-04,131.390000,130.930000
2019-06-05,130.520000,130.190000
2019-06-06,130.970000,130.600000
2019-06-07,131.790000,131.740000
2019-06-10,130.680000,130.500000
2019-06-11,130.420000,130.580000
2019-06-12,130.390000,130.680000
2019-06-13,130.800000,131.130000
2019-06-14,131.100000,131.460000
2019-06-17,131.390000,131.690000
2019-06-18,132.740000,132.350000
2019-06-19,131.860000,132.539993
2019-06-20,132.910000,132.890000
2019-06-21,132.510000,131.430000
2019-06-24,132.160000,132.410000
2019-06-25,132.790000,132.880000
2019-06-26,132.680000,131.970000
2019-06-27,132.310000,132.900000
2019-06-28,132.580000,132.810000
2019-07-01,132.570000,132.240000
2019-07-02,132.570000,133.260000
2019-07-03,133.520000,134.210000
2019-07-05,132.540000,132.430000
2019-07-08,133.050000,132.610000
2019-07-09,132.680000,132.560000
2019-07-10,132.350000,131.830000
2019-07-11,131.310000,130.070000
2019-07-12,129.920000,130.220000
2019-07-15,130.450000,130.970000
2019-07-16,130.170000,130.580000
2019-07-17,131.060000,131.990000
2019-07-18,131.470000,132.000000
2019-07-19,131.590000,131.690000
2019-07-22,132.470000,131.940000
2019-07-23,131.600000,131.220000
2019-07-24,131.600000,131.790000
2019-07-25,131.250000,131.160000
2019-07-26,131.700000,131.470000
2019-07-29,131.820000,131.510000
2019-07-30,132.000000,131.830000
2019-07-31,131.700000,132.900000
2019-08-01,133.390000,135.260000
2019-08-02,135.660000,136.510000
2019-08-05,138.140000,138.870000
2019-08-06,138.200000,139.980000
2019-08-07,142.400000,140.030000
2019-08-08,139.140000,140.330000
2019-08-09,140.670000,140.050000
2019-08-12,141.720000,142.970000
2019-08-13,143.810000,142.480000
2019-08-14,145.160000,145.690000
2019-08-15,145.950000,147.310000
2019-08-16,146.060000,146.130000
2019-08-19,143.570000,144.040000
2019-08-20,145.280000,145.530000
2019-08-21,144.720000,144.560000
2019-08-22,144.000000,143.600000
2019-08-23,143.520000,145.960000
2019-08-26,145.870000,145.370000
2019-08-27,146.630000,147.610000
2019-08-28,148.780000,147.800000
2019-08-29,147.250000,147.240000
2019-08-30,146.610000,147.280000
2019-09-03,147.090000,147.210000
2019-09-04,146.530000,147.430000
2019-09-05,145.660000,144.760000
2019-09-06,145.260000,145.790000
2019-09-09,143.830000,143.200000
2019-09-10,142.840000,140.690000
2019-09-11,140.400000,140.440000
2019-09-12,141.500000,139.520000
2019-09-13,138.280000,136.540000
2019-09-16,137.880000,138.280000
2019-09-17,138.360000,139.030000
2019-09-18,139.930000,139.620000
2019-09-19,140.760000,140.040000
2019-09-20,140.770000,141.890000
2019-09-23,142.240000,141.860000
2019-09-24,142.420000,143.570000
2019-09-25,143.260000,141.470000
2019-09-26,142.270000,142.380000
2019-09-27,142.320000,142.730000
2019-09-30,141.880000,143.080000
2019-10-01,141.260000,143.260000
2019-10-02,143.460000,143.610000
2019-10-03,143.980000,144.920000
2019-10-04,145.350000,145.990000
2019-10-07,145.160000,144.780000
2019-10-08,145.820000,145.170000
2019-10-09,144.600000,144.350000
2019-10-10,143.120000,142.200000
2019-10-11,140.980000,140.440000
2019-10-14,141.480000,141.460000
2019-10-15,140.670000,139.750000
2019-10-16,139.640000,139.920000
2019-10-17,139.520000,139.580000
2019-10-18,139.810000,139.580000
2019-10-21,138.570000,138.530000
2019-10-22,139.380000,139.340000
2019-10-23,140.030000,139.480000
2019-10-24,139.680000,139.200000
2019-10-25,139.530000,138.520000
2019-10-28,137.580000,137.260000
2019-10-29,137.620000,137.350000
2019-10-30,137.770000,139.360000
2019-10-31,140.480000,141.240000
2019-11-01,140.730000,140.560000
2019-11-04,138.970000,138.710000
2019-11-05,137.220000,137.150000
2019-11-06,138.020000,137.980000
2019-11-07,136.350000,135.480000
2019-11-08,135.150000,134.910000
2019-11-11,135.380000,135.000000
2019-11-12,135.280000,135.620000
2019-11-13,136.810000,136.500000
2019-11-14,137.800000,137.910000
2019-11-15,137.480000,137.760000
2019-11-18,138.210000,138.010000
2019-11-19,138.370000,139.160000
2019-11-20,139.910000,140.600000
2019-11-21,139.640000,139.720000
2019-11-22,140.100000,139.900000
2019-11-25,140.300000,140.310000
2019-11-26,141.000000,141.130000
2019-11-27,140.600000,140.720000
2019-11-29,140.620000,140.420000
2019-12-02,138.140000,138.310000
2019-12-03,140.040000,141.210000
2019-12-04,140.340000,139.800000
2019-12-05,138.660000,139.120000
2019-12-06,138.030000,138.350000
2019-12-09,138.990000,138.650000
2019-12-10,139.180000,138.660000
2019-12-11,139.300000,139.750000
2019-12-12,139.190000,137.450000
2019-12-13,138.120000,139.040000
2019-12-16,138.400000,137.790000
2019-12-17,138.210000,137.600000
2019-12-18,137.300000,136.470000
2019-12-19,136.000000,136.470000
2019-12-20,136.130000,136.650000
2019-12-23,136.810000,136.450000
2019-12-24,135.920000,136.840000
2019-12-26,136.910000,137.170000
2019-12-27,137.440000,137.320000
2019-12-30,135.890000,136.820000
2019-12-31,136.210000,135.480000
2020-01-02,136.790000,137.015000
2020-01-03,138.270000,139.120000
2020-01-06,139.690000,138.330000
2020-01-07,138.220000,137.645000
2020-01-08,137.930000,136.740000
2020-01-09,136.000000,137.220000
2020-01-10,137.670000,138.440000
2020-01-13,137.880000,138.020000
2020-01-14,138.180000,138.730000
2020-01-15,139.520000,139.650000
2020-01-16,139.260000,139.210000
2020-01-17,137.580000,138.020000
2020-01-21,138.810000,139.470000
2020-01-22,139.720000,139.960000
2020-01-23,140.845000,140.940000
2020-01-24,141.420000,142.080000
2020-01-27,143.950000,144.290000
2020-01-28,143.925000,143.160000
2020-01-29,143.440000,144.560000
2020-01-30,144.900000,144.580000
2020-01-31,145.170000,145.900000
2020-02-03,144.945000,145.540000
2020-02-04,143.990000,143.580000
2020-02-05,142.300000,142.010000
2020-02-06,142.180000,142.650000
2020-02-07,144.220000,144.430000
2020-02-10,145.100000,144.830000
2020-02-11,144.590000,144.100000
2020-02-12,143.370000,143.370000
2020-02-13,143.440000,143.920000
2020-02-14,144.760000,144.550000
2020-02-18,145.340000,145.540000
2020-02-19,145.120000,145.530000
2020-02-20,146.080000,146.670000
2020-02-21,147.800000,148.040000
2020-02-24,150.830000,150.250000
2020-02-25,150.210000,151.050000
2020-02-26,149.950000,150.250000
2020-02-27,152.700000,151.880000
2020-02-28,154.450000,155.310000
2020-03-02,155.300000,153.940000
2020-03-03,153.810000,156.330000
2020-03-04,156.410000,154.670000
2020-03-05,157.130000,158.520000
2020-03-06,167.300000,166.770000
2020-03-09,179.100000,171.290000
2020-03-10,169.635000,162.510000
2020-03-11,165.430000,156.530000
2020-03-12,163.510000,157.500000
2020-03-13,155.000000,153.940000
2020-03-16,160.380000,163.910000
2020-03-17,163.500000,152.980000
2020-03-18,152.840000,144.350000
2020-03-19,146.950000,148.280000
2020-03-20,153.300000,159.430000
2020-03-23,157.500000,166.000000
2020-03-24,161.250000,162.910000
2020-03-25,163.590000,162.540000
2020-03-26,163.995000,163.340000
2020-03-27,165.520000,167.700000
2020-03-30,168.300000,166.320000
2020-03-31,165.700000,164.970000
2020-04-01,168.480000,167.040000
2020-04-02,168.830000,168.100000
2020-04-03,168.550000,168.500000
2020-04-06,167.000000,168.060000
2020-04-07,164.960000,166.300000
2020-04-08,165.110000,165.090000
2020-04-09,164.280000,165.390000
2020-04-13,164.750000,163.880000
2020-04-14,163.840000,163.840000
2020-04-15,166.800000,168.180000
2020-04-16,169.260000,170.090000
2020-04-17,169.820000,167.810000
2020-04-20,168.440000,169.160000
2020-04-21,171.930000,171.290000
2020-04-22,169.970000,169.540000
2020-04-23,169.870000,170.440000
2020-04-24,169.610000,170.840000
2020-04-27,169.660000,167.660000
2020-04-28,168.550000,169.590000
2020-04-29,169.530000,168.710000
2020-04-30,168.740000,166.740000
2020-05-01,167.500000,167.950000
2020-05-04,167.560000,167.160000
2020-05-05,165.570000,166.090000
2020-05-06,163.230000,163.410000
2020-05-07,163.560000,166.140000
2020-05-08,164.490000,163.980000
2020-05-11,163.660000,162.700000
2020-05-12,163.160000,164.370000
2020-05-13,165.090000,165.520000
2020-05-14,167.320000,167.140000
2020-05-15,168.300000,166.710000
2020-05-18,164.930000,163.050000
2020-05-19,162.520000,163.660000
2020-05-20,163.170000,164.150000
2020-05-21,164.860000,164.580000
2020-05-22,164.720000,165.550000
2020-05-26,163.710000,163.330000
2020-05-27,162.785000,163.030000
2020-05-28,161.960000,162.430000
2020-05-29,162.710000,163.590000
2020-06-01,162.100000,162.280000
2020-06-02,161.670000,161.690000
2020-06-03,160.180000,159.540000
2020-06-04,158.920000,157.230000
2020-06-05,154.610000,156.110000
2020-06-08,155.070000,156.710000
2020-06-09,159.050000,158.490000
2020-06-10,159.240000,160.840000
2020-06-11,163.245000,163.880000
2020-06-12,162.410000,162.300000
2020-06-15,163.890000,162.390000
2020-06-16,159.410000,159.900000
2020-06-17,160.270000,160.560000
2020-06-18,162.040000,162.260000
2020-06-19,161.000000,162.390000
2020-06-22,163.190000,162.410000
2020-06-23,161.480000,161.300000
2020-06-24,161.530000,163.030000
2020-06-25,164.210000,163.500000
2020-06-26,164.250000,165.250000
2020-06-29,164.850000,164.730000
2020-06-30,165.230000,163.930000
2020-07-01,162.810000,163.420000
2020-07-02,162.700000,163.590000
2020-07-06,162.330000,162.920000
2020-07-07,163.420000,165.210000
2020-07-08,164.320000,164.550000
2020-07-09,164.660000,167.170000
2020-07-10,167.950000,166.330000
2020-07-13,165.500000,166.880000
2020-07-14,167.930000,167.120000
2020-07-15,165.920000,166.340000
2020-07-16,167.400000,167.130000
2020-07-17,167.270000,166.780000
2020-07-20,167.510000,167.190000
2020-07-21,167.300000,167.290000
2020-07-22,168.260000,167.790000
2020-07-23,168.920000,169.750000
2020-07-24,169.010000,169.740000
2020-07-27,170.250000,169.110000
2020-07-28,169.540000,170.280000
2020-07-29,170.050000,169.990000
2020-07-30,171.050000,171.110000
2020-07-31,170.150000,171.000000
2020-08-03,169.240000,169.950000
2020-08-04,170.830000,171.570000
2020-08-05,170.060000,170.070000
2020-08-06,171.380000,171.020000
2020-08-07,171.280000,169.880000
2020-08-10,170.220000,169.120000
2020-08-11,167.170000,167.105000
2020-08-12,165.700000,165.590000
2020-08-13,165.310000,163.820000
2020-08-14,163.810000,163.180000
2020-08-17,163.970000,163.590000
2020-08-18,164.360000,164.760000
2020-08-19,165.370000,163.730000
2020-08-20,165.390000,165.210000
2020-08-21,165.770000,166.200000
2020-08-24,166.320000,165.930000
2020-08-25,164.350000,164.660000
2020-08-26,164.050000,164.030000
2020-08-27,164.760000,161.240000
2020-08-28,161.770000,161.120000
2020-08-31,161.600000,162.190000
2020-09-01,161.760000,163.860000
2020-09-02,163.510000,165.420000
2020-09-03,165.750000,165.890000
2020-09-04,164.410000,162.740000
2020-09-08,164.370000,163.740000
2020-09-09,163.940000,163.300000
2020-09-10,162.460000,164.130000
2020-09-11,164.310000,164.480000
2020-09-14,164.790000,164.470000
2020-09-15,164.170000,164.070000
2020-09-16,164.780000,163.580000
2020-09-17,164.900000,164.080000
2020-09-18,164.170000,163.570000
2020-09-21,164.890000,164.400000
2020-09-22,164.440000,164.270000
2020-09-23,164.300000,164.490000
2020-09-24,164.960000,165.120000
2020-09-25,165.110000,165.120000
2020-09-28,164.870000,164.650000
2020-09-29,164.800000,164.840000
2020-09-30,164.000000,163.260000
2020-10-01,162.510000,163.360000
2020-10-02,163.610000,162.750000
2020-10-05,160.950000,159.570000
2020-10-06,159.330000,160.430000
2020-10-07,159.560000,159.260000
2020-10-08,159.970000,160.120000
2020-10-09,159.520000,160.090000
2020-10-12,160.430000,160.600000
2020-10-13,161.210000,161.750000
2020-10-14,162.330000,162.120000
2020-10-15,163.040000,161.840000
2020-10-16,161.660000,161.390000
2020-10-19,160.500000,160.780000
2020-10-20,159.860000,159.250000
2020-10-21,158.790000,158.700000
2020-10-22,158.290000,157.050000
2020-10-23,156.810000,158.010000
2020-10-26,159.210000,159.480000
2020-10-27,160.230000,160.550000
2020-10-28,161.380000,160.700000
2020-10-29,160.730000,159.140000
2020-10-30,159.030000,157.570000
2020-11-02,158.700000,158.580000
2020-11-03,157.850000,157.660000
2020-11-04,161.640000,161.080000
2020-11-05,161.640000,161.360000
2020-11-06,159.618000,159.410000
2020-11-09,155.970000,156.060000
2020-11-10,154.960000,155.160000
2020-11-11,155.020000,155.720000
2020-11-12,156.940000,158.370000
2020-11-13,158.360000,158.160000
2020-11-16,157.730000,157.780000
2020-11-17,158.770000,158.810000
2020-11-18,159.440000,159.270000
2020-11-19,159.970000,160.090000
2020-11-20,160.525000,161.510000
2020-11-23,160.820000,160.770000
2020-11-24,159.990000,159.170000
2020-11-25,159.250000,158.680000
2020-11-27,159.610000,160.220000
2020-11-30,160.030000,160.020000
2020-12-01,158.550000,157.500000
2020-12-02,156.880000,156.250000
2020-12-03,156.940000,157.510000
2020-12-04,155.690000,155.200000
2020-12-07,156.350000,156.600000
2020-12-08,157.570000,157.340000
2020-12-09,156.550000,156.820000
2020-12-10,157.240000,158.210000
2020-12-11,158.650000,158.770000
2020-12-14,157.490000,158.330000
2020-12-15,157.780000,157.800000
2020-12-16,156.580000,157.380000
2020-12-17,158.130000,156.800000
2020-12-18,157.120000,156.330000
2020-12-21,157.200000,156.950000
2020-12-22,157.563400,157.760000
2020-12-23,156.620000,156.670000
2020-12-24,156.900000,157.290000
2020-12-28,156.380000,157.360000
2020-12-29,156.390000,157.160000
2020-12-30,156.820000,157.500000
2020-12-31,157.460000,157.730000
2021-01-04,156.670000,157.540000
2021-01-05,156.950000,156.370000
2021-01-06,153.820000,153.160000
2021-01-07,151.790000,151.810000
2021-01-08,151.480000,151.320000
2021-01-11,151.000000,151.070000
2021-01-12,150.790000,150.950000
2021-01-13,151.660000,152.650000
2021-01-14,152.580000,151.220000
2021-01-15,152.185000,151.820000
2021-01-19,151.620000,152.310000
2021-01-20,151.985000,152.460000
2021-01-21,151.440000,151.390000
2021-01-22,151.850000,151.880000
2021-01-25,152.760000,153.670000
2021-01-26,153.100000,153.380000
2021-01-27,154.070000,153.770000
2021-01-28,153.400000,152.920000
2021-01-29,151.420000,152.000000
2021-02-01,151.660000,152.000000
2021-02-02,150.740000,151.020000
2021-02-03,150.425000,149.680000
2021-02-04,149.160000,149.280000
2021-02-05,149.100000,148.030000
2021-02-08,148.300000,148.680000
2021-02-09,149.220000,148.790000
2021-02-10,149.280000,149.780000
2021-02-11,149.679100,148.960000
2021-02-12,147.700000,147.110000
2021-02-16,145.220000,144.870000
2021-02-17,145.950000,145.790000
2021-02-18,144.610000,145.200000
2021-02-19,144.060000,143.270000
2021-02-22,143.270000,142.180000
2021-02-23,141.520000,141.770000
2021-02-24,139.352000,140.840000
2021-02-25,139.520000,138.540000
2021-02-26,140.770000,143.120000
2021-03-01,140.660000,141.060000
2021-03-02,140.400000,141.070000
2021-03-03,139.380000,139.540000
2021-03-04,139.632000,138.640000
2021-03-05,138.168700,138.910000
2021-03-08,138.830000,137.830000
2021-03-09,139.270000,139.740000
2021-03-10,139.800000,140.020000
2021-03-11,139.170000,139.010000
2021-03-12,136.400000,136.060000
2021-03-15,136.490000,136.860000
2021-03-16,137.020000,136.310000
2021-03-17,135.150000,135.290000
2021-03-18,133.310000,133.920000
2021-03-19,134.080000,134.750000
2021-03-22,135.690000,136.260000
2021-03-23,136.585000,137.490000
2021-03-24,137.060000,138.230000
2021-03-25,138.386200,137.140000
2021-03-26,136.420000,136.660000
2021-03-29,136.830000,135.500000
2021-03-30,135.300000,136.210000
2021-03-31,136.340000,135.450000
2021-04-01,136.550000,137.510000
2021-04-05,136.550000,136.910000
2021-04-06,137.160000,137.840000
2021-04-07,137.450000,136.880000
2021-04-08,137.390000,138.010000
2021-04-09,137.500000,137.510000
2021-04-12,137.460000,137.450000
2021-04-13,137.300000,138.480000
2021-04-14,138.030000,138.040000
2021-04-15,139.490000,140.350000
2021-04-16,139.100000,139.260000
2021-04-19,138.740000,138.860000
2021-04-20,138.450000,139.500000
2021-04-21,139.540000,139.780000
2021-04-22,140.000000,140.390000
2021-04-23,140.380000,140.060000
2021-04-26,140.150000,139.860000
2021-04-27,139.590000,138.640000
2021-04-28,138.650000,138.730000
2021-04-29,137.450000,138.320000
2021-04-30,138.507000,138.640000
2021-05-03,138.700000,138.520000
2021-05-04,139.490000,139.460000
2021-05-05,139.030000,139.690000
2021-05-06,139.250000,139.920000
2021-05-07,140.100000,139.230000
2021-05-10,138.950000,137.820000
2021-05-11,137.230000,137.040000
2021-05-12,136.670000,135.600000
2021-05-13,135.930000,135.810000
2021-05-14,136.530000,137.080000
2021-05-17,136.830000,136.790000
2021-05-18,136.400000,136.440000
2021-05-19,136.540000,136.110000
2021-05-20,136.760000,137.230000
2021-05-21,137.660000,137.670000
2021-05-24,137.990000,138.180000
2021-05-25,138.630000,139.460000
2021-05-26,139.590000,139.220000
2021-05-27,138.500000,138.655000
2021-05-28,138.582000,138.440000
2021-06-01,137.820000,138.210000
2021-06-02,138.550000,138.530000
2021-06-03,138.510000,138.010000
2021-06-04,138.520000,139.900000
2021-06-07,139.590000,139.470000
2021-06-08,140.655000,140.450000
2021-06-09,141.765000,141.690000
2021-06-10,140.830000,142.540000
2021-06-11,142.305000,142.310000
2021-06-14,142.100000,141.220000
2021-06-15,140.800000,141.050000
2021-06-16,141.400000,140.930000
2021-06-17,141.860000,143.040000
2021-06-18,144.280000,145.730000
2021-06-21,144.390000,143.290000
2021-06-22,142.170000,143.640000
2021-06-23,143.110000,143.270000
2021-06-24,143.420000,143.500000
2021-06-25,143.265000,142.010000
2021-06-28,142.720000,143.470000
2021-06-29,143.100000,143.710000
2021-06-30,144.250000,144.350000
2021-07-01,143.980000,144.170000
2021-07-02,144.230000,145.040000
2021-07-06,145.720000,146.740000
2021-07-07,147.570000,148.040000
2021-07-08,148.880000,148.620000
2021-07-09,146.870000,146.530000
2021-07-12,147.090000,146.340000
2021-07-13,146.820000,145.220000
2021-07-14,146.010000,146.870000
2021-07-15,147.950000,148.490000
2021-07-16,147.340000,148.210000
2021-07-19,150.950000,151.460000
2021-07-20,152.530000,150.000000
2021-07-21,148.180000,148.100000
2021-07-22,148.110000,149.500000
2021-07-23,147.940000,148.500000
2021-07-26,148.995000,148.060000
2021-07-27,149.330000,149.640000
2021-07-28,148.670000,149.650000
2021-07-29,148.780000,148.820000
2021-07-30,149.130000,149.520000
2021-08-02,149.454000,150.670000
2021-08-03,150.750000,150.750000
2021-08-04,151.500000,151.060000
2021-08-05,150.760000,150.290000
2021-08-06,148.322000,147.780000
2021-08-09,148.152000,147.250000
2021-08-10,147.490000,146.570000
2021-08-11,146.412000,146.480000
2021-08-12,146.090000,146.240000
2021-08-13,146.830000,148.550000
2021-08-16,149.190000,148.910000
2021-08-17,148.880000,148.850000
2021-08-18,148.710000,149.350000
2021-08-19,150.310000,150.450000
2021-08-20,150.590000,150.550000
2021-08-23,150.200000,150.450000
2021-08-24,149.760000,149.280000
2021-08-25,149.210000,148.040000
2021-08-26,147.965000,148.450000
2021-08-27,148.570000,149.460000
2021-08-30,148.990000,149.850000
2021-08-31,149.670000,148.830000
2021-09-01,149.270000,148.890000
2021-09-02,149.240000,149.540000
2021-09-03,148.270000,148.180000
2021-09-07,147.262000,146.930000
2021-09-08,147.660000,147.930000
2021-09-09,148.170000,149.720000
2021-09-10,148.900000,148.400000
2021-09-13,149.042000,149.300000
2021-09-14,149.730000,151.110000
2021-09-15,151.210000,150.580000
2021-09-16,149.670000,149.890000
2021-09-17,149.182000,149.170000
2021-09-20,150.570000,151.020000
2021-09-21,150.710000,150.890000
2021-09-22,150.790000,151.790000
2021-09-23,150.420000,148.360000
2021-09-24,147.840000,146.910000
2021-09-27,146.060000,146.370000
2021-09-28,144.330000,144.090000
2021-09-29,144.800000,144.340000
2021-09-30,144.100000,144.320000
2021-10-01,144.850000,145.350000
2021-10-04,144.670000,144.980000
2021-10-05,144.600000,143.580000
2021-10-06,144.230000,144.390000
2021-10-07,143.185000,142.880000
2021-10-08,142.255000,141.880000
2021-10-11,141.600000,141.520000
2021-10-12,142.630000,143.940000
2021-10-13,144.610000,145.340000
2021-10-14,145.370000,145.880000
2021-10-15,145.000000,145.030000
2021-10-18,145.000000,145.710000
2021-10-19,144.660000,143.700000
2021-10-20,143.250000,142.730000
2021-10-21,143.000000,142.560000
2021-10-22,143.450000,144.130000
2021-10-25,143.670000,143.910000
2021-10-26,144.620000,145.100000
2021-10-27,146.400000,147.740000
2021-10-28,147.790000,147.240000
2021-10-29,146.470000,147.690000
2021-11-01,145.800000,146.440000
2021-11-02,146.500000,147.090000
2021-11-03,147.820000,145.570000
2021-11-04,145.870000,147.100000
2021-11-05,148.520000,149.300000
2021-11-08,148.960000,149.020000
2021-11-09,150.800000,150.960000
2021-11-10,150.830000,148.200000
2021-11-11,148.508000,147.980000
2021-11-12,148.000000,147.330000
2021-11-15,146.890000,145.480000
2021-11-16,145.690000,145.110000
2021-11-17,144.570000,146.260000
2021-11-18,145.991700,146.810000
2021-11-19,147.580000,148.360000
2021-11-22,147.400000,146.620000
2021-11-23,145.930000,144.500000
2021-11-24,144.940000,146.820000
2021-11-26,148.830000,150.530000
2021-11-29,148.310000,149.320000
2021-11-30,150.830000,151.590000
2021-12-01,150.485000,152.340000
2021-12-02,152.930000,152.530000
2021-12-03,151.680000,154.350000
2021-12-06,154.050000,152.230000
2021-12-07,151.720000,151.000000
2021-12-08,150.472000,148.390000
2021-12-09,149.340000,149.220000
2021-12-10,149.920000,148.860000
2021-12-13,150.390000,151.060000
2021-12-14,150.370000,150.700000
2021-12-15,149.613900,149.250000
2021-12-16,148.750000,149.140000
2021-12-17,150.340000,150.830000
2021-12-20,150.750000,149.700000
2021-12-21,148.140000,149.130000
2021-12-22,149.730000,149.820000
2021-12-23,149.590000,148.520000
2021-12-27,148.460000,148.880000
2021-12-28,149.600000,148.290000
2021-12-29,146.910000,146.670000
2021-12-30,147.250000,147.900000
2021-12-31,147.810000,148.190000
2022-01-03,146.410000,144.300000
2022-01-04,143.610000,143.700000
2022-01-05,144.140000,142.920000
2022-01-06,142.590000,143.290000
2022-01-07,143.130000,142.260000
2022-01-10,141.650000,142.610000
2022-01-11,142.880000,143.560000
2022-01-12,143.900000,143.010000
2022-01-13,143.390000,144.280000
2022-01-14,143.420000,142.100000
2022-01-18,140.960000,140.100000
2022-01-19,140.530000,141.070000
2022-01-20,141.370000,141.940000
2022-01-21,143.400000,143.630000
2022-01-24,144.300000,142.450000
2022-01-25,143.110000,142.220000
2022-01-26,142.260000,140.500000
2022-01-27,142.410000,143.080000
2022-01-28,142.090000,143.130000
2022-01-31,142.180000,142.390000
2022-02-01,142.280000,141.720000
2022-02-02,141.950000,142.200000
2022-02-03,140.440000,141.090000
2022-02-04,139.850000,139.010000
2022-02-07,138.910000,139.100000
2022-02-08,138.210000,138.170000
2022-02-09,138.720000,138.430000
2022-02-10,137.660000,136.230000
2022-02-11,136.870000,138.250000
2022-02-14,137.130000,136.530000
2022-02-15,136.530000,134.980000
2022-02-16,135.950000,135.780000
2022-02-17,136.450000,136.790000
2022-02-18,137.520000,138.230000
2022-02-22,137.690000,138.590000
2022-02-23,137.680000,136.680000
2022-02-24,139.100000,136.770000
2022-02-25,136.860000,136.870000
2022-02-28,138.430000,139.870000
2022-03-01,140.360000,141.300000
2022-03-02,139.840000,136.470000
2022-03-03,137.490000,137.860000
2022-03-04,140.360000,140.240000
2022-03-07,139.120000,139.170000
2022-03-08,137.510000,137.770000
2022-03-09,137.065000,136.420000
2022-03-10,134.830000,134.460000
2022-03-11,134.330000,134.910000
2022-03-14,132.700000,131.760000
2022-03-15,132.860000,131.530000
2022-03-16,131.830000,132.820000
2022-03-17,132.820000,131.830000
2022-03-18,132.570000,133.440000
2022-03-21,131.280000,130.350000
2022-03-22,128.960000,128.680000
2022-03-23,129.370000,131.500000
2022-03-24,129.650000,130.470000
2022-03-25,129.500000,128.660000
2022-03-28,129.390000,129.760000
2022-03-29,130.560000,130.740000
2022-03-30,130.070000,131.760000
2022-03-31,131.980000,132.080000
2022-04-01,130.010000,132.380000
2022-04-04,131.930000,131.460000
2022-04-05,130.760000,128.490000
2022-04-06,126.430000,127.450000
2022-04-07,126.110000,126.490000
2022-04-08,125.450000,125.120000
2022-04-11,123.920000,123.140000
2022-04-12,124.050000,122.970000
2022-04-13,123.050000,123.220000
2022-04-14,122.860000,120.750000
2022-04-18,120.870000,120.150000
2022-04-19,119.150000,119.250000
2022-04-20,120.220000,121.650000
2022-04-21,120.830000,120.750000
2022-04-22,120.070000,119.990000
2022-04-25,121.380000,121.190000
2022-04-26,122.440000,122.410000
2022-04-27,122.190000,120.840000
2022-04-28,120.390000,121.020000
2022-04-29,119.310000,119.450000
2022-05-02,117.860000,117.180000
2022-05-03,119.040000,117.970000
2022-05-04,117.970000,118.620000
2022-05-05,116.350000,115.370000
2022-05-06,114.140000,113.670000
2022-05-09,112.860000,114.670000
2022-05-10,115.890000,115.710000
2022-05-11,114.740000,117.940000
2022-05-12,118.020000,117.720000
2022-05-13,116.980000,115.980000
2022-05-16,116.210000,115.860000
2022-05-17,114.710000,114.460000
2022-05-18,114.720000,116.900000
2022-05-19,118.640000,117.180000
2022-05-20,117.090000,118.510000
2022-05-23,117.705000,116.560000
2022-05-24,117.900000,118.860000
2022-05-25,119.610000,119.330000
2022-05-26,119.020000,118.790000
2022-05-27,119.360000,119.080000
2022-05-31,117.180000,116.560000
2022-06-01,117.030000,116.220000
2022-06-02,116.630000,116.280000
2022-06-03,115.090000,116.030000
2022-06-06,115.150000,113.890000
2022-06-07,114.610000,115.120000
2022-06-08,114.680000,114.100000
2022-06-09,113.835000,114.480000
2022-06-10,114.360000,113.770000
2022-06-13,111.490000,110.200000
2022-06-14,110.530000,108.810000
2022-06-15,110.085000,110.840000
2022-06-16,108.450000,111.720000
2022-06-17,112.010000,112.080000
2022-06-21,110.090000,110.180000
2022-06-22,112.690000,113.210000
2022-06-23,113.900000,114.140000
2022-06-24,113.460000,112.560000
2022-06-27,111.220000,111.600000
2022-06-28,111.290000,112.120000
2022-06-29,112.380000,113.870000
2022-06-30,114.859000,114.870000
2022-07-01,115.900000,115.820000
2022-07-05,116.890000,116.730000
2022-07-06,117.390000,114.770000
2022-07-07,115.100000,113.760000
2022-07-08,113.500000,112.500000
2022-07-11,113.790000,114.440000
2022-07-12,115.510000,115.120000
2022-07-13,113.770000,116.440000
2022-07-14,115.080000,115.490000
2022-07-15,115.840000,116.140000
2022-07-18,115.250000,114.930000
2022-07-19,114.910000,114.310000
2022-07-20,115.480000,114.610000
2022-07-21,115.190000,116.590000
2022-07-22,118.290000,118.550000
2022-07-25,116.710000,117.390000
2022-07-26,118.860000,117.480000
2022-07-27,118.010000,116.820000
2022-07-28,118.045000,117.750000
2022-07-29,117.700000,117.430000
2022-08-01,118.250000,120.040000
2022-08-02,120.150000,117.500000
2022-08-03,117.170000,119.350000
2022-08-04,118.980000,119.310000
2022-08-05,117.070000,116.470000
2022-08-08,117.640000,118.350000
2022-08-09,117.730000,117.890000
2022-08-10,117.730000,117.120000
2022-08-11,116.870000,114.390000
2022-08-12,115.100000,115.550000
2022-08-15,116.330000,115.450000
2022-08-16,115.250000,115.930000
2022-08-17,115.060000,114.720000
2022-08-18,114.970000,114.890000
2022-08-19,113.230000,113.040000
2022-08-22,112.860000,112.660000
2022-08-23,112.190000,112.040000
2022-08-24,111.485000,111.220000
2022-08-25,111.320000,112.770000
2022-08-26,112.300000,113.620000
2022-08-29,112.940000,112.680000
2022-08-30,112.620000,112.960000
2022-08-31,112.690000,111.880000
2022-09-01,109.870000,109.600000
2022-09-02,109.680000,110.220000
2022-09-06,108.900000,107.490000
2022-09-07,108.320000,109.190000
2022-09-08,108.840000,108.070000
2022-09-09,108.330000,108.310000
2022-09-12,108.630000,107.420000
2022-09-13,106.560000,107.670000
2022-09-14,107.340000,108.040000
2022-09-15,107.850000,107.970000
2022-09-16,107.030000,107.070000
2022-09-19,106.960000,107.320000
2022-09-20,105.690000,106.250000
2022-09-21,106.700000,108.030000
2022-09-22,105.790000,105.270000
2022-09-23,105.340000,105.700000
2022-09-26,105.360000,103.680000
2022-09-27,102.710000,100.950000
2022-09-28,103.130000,104.330000
2022-09-29,102.900000,103.790000
2022-09-30,104.270000,102.450000
2022-10-03,103.850000,103.830000
2022-10-04,104.150000,103.540000
2022-10-05,102.730000,102.550000
2022-10-06,102.590000,101.980000
2022-10-07,100.810000,100.990000
2022-10-10,100.500000,99.420000
2022-10-11,99.740000,99.860000
2022-10-12,99.275000,100.350000
2022-10-13,98.360000,99.390000
2022-10-14,100.190000,98.570000
2022-10-17,99.290000,98.090000
2022-10-18,97.950000,98.320000
2022-10-19,97.190000,96.530000
2022-10-20,95.930000,94.880000
2022-10-21,93.020000,93.170000
2022-10-24,92.820000,92.400000
2022-10-25,94.580000,95.090000
2022-10-26,95.770000,96.460000
2022-10-27,96.980000,97.470000
2022-10-28,96.860000,96.800000
2022-10-31,96.360000,96.110000
2022-11-01,97.380000,96.770000
2022-11-02,96.910000,96.350000
2022-11-03,95.170000,95.830000
2022-11-04,95.100000,94.220000
2022-11-07,94.800000,93.280000
2022-11-08,93.800000,94.300000
2022-11-09,93.820000,94.610000
2022-11-10,96.725000,98.250000
2022-11-11,97.570000,97.890000
2022-11-14,97.910000,97.650000
2022-11-15,98.250000,99.230000
2022-11-16,100.020000,101.400000
2022-11-17,100.200000,100.330000
2022-11-18,100.600000,99.640000
2022-11-21,100.690000,100.060000
2022-11-22,100.650000,101.480000
2022-11-23,102.140000,103.250000
2022-11-25,102.610000,102.900000
2022-11-28,103.610000,103.190000
2022-11-29,102.150000,101.980000
2022-11-30,101.615000,102.730000
2022-12-01,103.150000,105.760000
2022-12-02,105.300000,107.090000
2022-12-05,105.840000,105.590000
2022-12-06,106.500000,106.950000
2022-12-07,108.370000,109.470000
2022-12-08,108.700000,109.170000
2022-12-09,107.940000,106.330000
2022-12-12,107.860000,106.670000
2022-12-13,109.040000,107.700000
2022-12-14,107.660000,108.160000
2022-12-15,108.390000,108.320000
2022-12-16,106.600000,107.110000
2022-12-19,105.830000,105.310000
2022-12-20,103.380000,103.440000
2022-12-21,104.290000,103.700000
2022-12-22,103.670000,103.680000
2022-12-23,102.580000,102.160000
2022-12-27,100.490000,100.140000
2022-12-28,100.650000,99.550000
2022-12-29,99.860000,100.680000
2022-12-30,99.870000,99.560000
2023-01-03,102.200000,101.460000
2023-01-04,103.220000,102.850000
2023-01-05,101.870000,103.280000
2023-01-06,102.700000,105.180000
2023-01-09,104.410000,105.740000
2023-01-10,104.530000,103.990000
2023-01-11,104.970000,105.680000
2023-01-12,105.820000,107.760000
2023-01-13,107.100000,106.750000
2023-01-17,105.670000,106.060000
2023-01-18,108.460000,108.630000
2023-01-19,108.100000,107.950000
2023-01-20,106.960000,106.200000
2023-01-23,105.570000,105.700000
2023-01-24,106.120000,107.220000
2023-01-25,107.370000,107.480000
2023-01-26,107.140000,106.980000
2023-01-27,106.190000,106.710000
2023-01-30,106.460000,106.320000
2023-01-31,106.980000,107.170000
2023-02-01,107.550000,108.180000
2023-02-02,108.920000,108.320000
2023-02-03,106.770000,106.700000
2023-02-06,105.750000,105.910000
2023-02-07,105.330000,105.060000
2023-02-08,105.040000,105.560000
2023-02-09,106.470000,104.560000
2023-02-10,104.400000,103.390000
2023-02-13,103.710000,104.260000
2023-02-14,104.200000,104.020000
2023-02-15,103.550000,103.050000
2023-02-16,102.070000,101.590000
2023-02-17,101.100000,102.380000
2023-02-21,101.005000,100.390000
2023-02-22,100.990000,101.310000
2023-02-23,101.540000,102.300000
2023-02-24,101.440000,100.970000
2023-02-27,101.290000,101.250000
2023-02-28,100.570000,101.710000
2023-03-01,100.820000,100.370000
2023-03-02,99.060000,99.480000
2023-03-03,100.930000,101.890000
2023-03-06,102.220000,101.100000
2023-03-07,101.460000,101.720000
2023-03-08,102.400000,101.820000
2023-03-09,101.550000,102.070000
2023-03-10,104.030000,105.590000
2023-03-13,108.200000,105.830000
2023-03-14,105.140000,104.090000
2023-03-15,106.780000,106.100000
2023-03-16,107.380000,105.270000
2023-03-17,106.650000,106.850000
2023-03-20,106.880000,105.910000
2023-03-21,105.080000,105.000000
2023-03-22,104.660000,106.400000
2023-03-23,105.360000,106.400000
2023-03-24,107.090000,106.850000
2023-03-27,105.050000,104.340000
2023-03-28,104.240000,104.530000
2023-03-29,103.700000,104.320000
2023-03-30,104.460000,104.800000
2023-03-31,105.350000,106.370000
2023-04-03,105.880000,106.600000
2023-04-04,105.780000,107.130000
2023-04-05,107.770000,108.250000
2023-04-06,108.420000,108.530000
2023-04-10,107.640000,106.780000
2023-04-11,107.050000,107.000000
2023-04-12,107.050000,106.890000
2023-04-13,107.050000,106.050000
2023-04-14,105.390000,105.080000
2023-04-17,104.420000,103.830000
2023-04-18,103.810000,104.200000
2023-04-19,103.910000,104.100000
2023-04-20,104.830000,104.990000
2023-04-21,105.300000,104.400000
2023-04-24,104.960000,105.410000
2023-04-25,106.330000,106.960000
2023-04-26,106.790000,105.820000
2023-04-27,105.200000,104.770000
2023-04-28,106.210000,106.460000
2023-05-01,105.270000,103.130000
2023-05-02,104.000000,105.700000
2023-05-03,106.000000,106.290000
2023-05-04,105.220000,105.240000
2023-05-05,104.350000,104.890000
2023-05-08,103.515000,103.420000
2023-05-09,103.500000,103.050000
2023-05-10,103.670000,104.050000
2023-05-11,105.295000,105.150000
2023-05-12,105.050000,104.270000
2023-05-15,103.390000,103.190000
2023-05-16,102.400000,102.900000
2023-05-17,103.080000,102.580000
2023-05-18,102.200000,101.820000
2023-05-19,101.260000,101.100000
2023-05-22,101.250000,100.740000
2023-05-23,100.430000,101.030000
2023-05-24,101.280000,100.530000
2023-05-25,100.700000,100.280000
2023-05-26,100.120000,101.090000
2023-05-30,101.400000,102.100000
2023-05-31,101.990000,102.990000
2023-06-01,103.280000,103.120000
2023-06-02,103.000000,101.990000
2023-06-05,101.350000,101.800000
2023-06-06,101.840000,102.400000
2023-06-07,102.170000,100.880000
2023-06-08,100.870000,102.060000
2023-06-09,101.600000,101.920000
2023-06-12,102.240000,102.220000
2023-06-13,102.110000,101.210000
2023-06-14,101.630000,102.020000
2023-06-15,103.030000,103.000000
2023-06-16,102.440000,102.600000
2023-06-20,103.110000,103.310000
2023-06-21,102.810000,103.560000
2023-06-22,102.800000,102.310000
2023-06-23,103.830000,103.330000
2023-06-26,103.620000,103.440000
2023-06-27,103.590000,103.170000
2023-06-28,103.410000,103.610000
2023-06-29,102.170000,101.740000
2023-06-30,102.060000,102.940000
2023-07-03,102.840000,102.080000
2023-07-05,101.890000,101.110000
2023-07-06,100.200000,99.680000
2023-07-07,99.180000,99.080000
2023-07-10,98.860000,99.210000
2023-07-11,99.570000,99.720000
2023-07-12,100.100000,100.830000
2023-07-13,101.310000,101.890000
2023-07-14,101.720000,101.290000
2023-07-17,101.230000,101.340000
2023-07-18,101.800000,101.800000
2023-07-19,102.000000,102.950000
2023-07-20,102.220000,101.700000
2023-07-21,102.160000,101.730000
2023-07-24,101.985000,101.360000
2023-07-25,100.830000,101.170000
2023-07-26,101.680000,101.270000
2023-07-27,100.710000,99.300000
2023-07-28,99.400000,99.810000
2023-07-31,99.650000,100.050000
2023-08-01,99.774718,98.140000
2023-08-02,97.040000,97.090000
2023-08-03,95.190000,94.850000
2023-08-04,95.150000,96.530000
2023-08-07,96.110000,95.580000
2023-08-08,96.860000,96.690000
2023-08-09,96.880000,97.190000
2023-08-10,97.040000,95.590000
2023-08-11,95.300000,95.370000
2023-08-14,95.210000,95.160000
2023-08-15,94.798000,94.580000
2023-08-16,94.280000,93.840000
2023-08-17,93.500000,93.440000
2023-08-18,93.430000,93.770000
2023-08-21,92.660000,92.520000
2023-08-22,92.640000,93.230000
2023-08-23,94.300000,95.540000
2023-08-24,95.130000,94.910000
2023-08-25,94.660000,95.220000
2023-08-28,95.650000,95.320000
2023-08-29,94.970000,96.310000
2023-08-30,96.160000,96.210000
2023-08-31,96.540000,96.640000
2023-09-01,96.351421,94.850000
2023-09-05,94.280000,93.520000
2023-09-06,94.090000,93.750000
2023-09-07,94.000000,94.010000
2023-09-08,94.380000,94.370000
2023-09-11,93.700000,93.690000
2023-09-12,93.890000,94.230000
2023-09-13,93.920000,94.210000
2023-09-14,93.940000,93.530000
2023-09-15,93.460000,92.960000
2023-09-18,92.850000,93.490000
2023-09-19,93.080000,92.800000
2023-09-20,93.290000,93.090000
2023-09-21,91.285000,90.700000
2023-09-22,90.810000,91.430000
2023-09-25,89.660000,89.180000
2023-09-26,89.430000,88.870000
2023-09-27,89.535000,88.410000
2023-09-28,87.620000,88.680000
2023-09-29,89.270000,88.690000
2023-10-02,87.820000,86.930000
2023-10-03,86.310000,85.060000
2023-10-04,85.770000,86.260000
2023-10-05,86.105000,85.830000
2023-10-06,84.200000,84.790000
2023-10-09,85.500000,86.780000
2023-10-10,85.850000,86.660000
2023-10-11,87.850000,88.470000
2023-10-12,88.050000,86.070000
2023-10-13,87.600000,87.610000
2023-10-16,86.190000,86.200000
2023-10-17,84.890000,85.250000
2023-10-18,84.380000,84.500000
2023-10-19,83.880000,82.770000
2023-10-20,82.990000,83.240000
2023-10-23,82.810000,84.240000
2023-10-24,84.440000,85.350000
2023-10-25,84.020000,83.450000
2023-10-26,83.480000,84.730000
2023-10-27,84.190000,84.370000
2023-10-30,83.810000,83.990000
2023-10-31,84.365000,83.580000
2023-11-01,84.040000,85.100000
2023-11-02,86.675000,87.040000
2023-11-03,88.810000,87.630000
2023-11-06,87.070000,86.780000
2023-11-07,87.610000,88.060000
2023-11-08,88.480000,89.560000
2023-11-09,89.560000,87.500000
2023-11-10,88.225000,87.990000
2023-11-13,87.220000,87.790000
2023-11-14,90.000000,89.780000
2023-11-15,89.010000,88.520000
2023-11-16,89.300000,89.620000
2023-11-17,90.160000,90.040000
2023-11-20,89.620000,90.590000
2023-11-21,90.500000,90.550000
2023-11-22,91.120000,90.870000
2023-11-24,90.100000,89.800000
2023-11-27,90.300000,91.300000
2023-11-28,90.910000,91.480000
2023-11-29,92.110000,92.630000
2023-11-30,91.970000,91.560000
2023-12-01,91.271080,92.990000
2023-12-04,92.490000,92.615000
2023-12-05,93.630000,94.610000
2023-12-06,95.080000,95.870000
2023-12-07,95.180000,95.320000
2023-12-08,94.420000,94.540000
2023-12-11,94.010000,94.340000
2023-12-12,94.150000,94.620000
2023-12-13,95.170000,96.840000
2023-12-14,96.529466,99.040000
2023-12-15,98.690000,99.150000
2023-12-18,98.500000,98.360000
2023-12-19,98.855000,98.890000
2023-12-20,99.110000,99.560000
2023-12-21,99.740000,98.930000
2023-12-22,99.380000,98.475000
2023-12-26,98.540000,98.760000
2023-12-27,99.780000,100.510000
2023-12-28,100.090000,99.780000
2023-12-29,99.130000,98.880000
2024-01-02,98.229300,98.310000
2024-01-03,97.380000,98.720000
2024-01-04,97.420000,97.220000
2024-01-05,96.500000,96.290000
2024-01-08,96.230000,97.240000
2024-01-09,96.640000,96.620000
2024-01-10,96.920000,96.170000
2024-01-11,96.170000,96.710000
2024-01-12,96.780000,96.520000
2024-01-16,95.620000,94.820000
2024-01-17,94.600000,94.670000
2024-01-18,94.460000,93.790000
2024-01-19,93.710000,94.090000
2024-01-22,94.820000,94.650000
2024-01-23,93.890000,93.900000
2024-01-24,94.510000,93.350000
2024-01-25,94.000000,93.960000
2024-01-26,93.930000,93.780000
2024-01-29,94.310000,94.860000
2024-01-30,95.480000,95.720000
2024-01-31,96.220000,96.660000
2024-02-01,96.349878,98.240000
2024-02-02,96.270000,96.070000
2024-02-05,94.630000,94.130000
2024-02-06,94.240000,95.050000
2024-02-07,94.570000,94.590000
2024-02-08,94.020000,94.040000
2024-02-09,93.760000,93.850000
2024-02-12,93.900000,93.960000
2024-02-13,92.860000,92.350000
2024-02-14,92.300000,92.820000
2024-02-15,93.560000,93.300000
2024-02-16,92.480000,92.760000
2024-02-20,92.790000,92.840000
2024-02-21,92.830000,92.180000
2024-02-22,92.330000,92.630000
2024-02-23,92.750000,93.870000
2024-02-26,94.000000,93.590000
2024-02-27,93.240000,92.930000
2024-02-28,93.080000,93.520000
2024-02-29,93.820000,94.180000
2024-03-01,93.884766,94.470000
2024-03-04,93.700000,94.090000
2024-03-05,95.230000,95.430000
2024-03-06,95.490000,95.990000
2024-03-07,96.360000,95.900000
2024-03-08,95.800000,95.730000
2024-03-11,95.960000,95.680000
2024-03-12,95.040000,94.880000
2024-03-13,94.500000,94.420000
2024-03-14,93.730000,92.970000
2024-03-15,93.060000,92.940000
2024-03-18,92.730000,92.660000
2024-03-19,92.850000,92.920000
2024-03-20,93.100000,92.890000
2024-03-21,93.270000,93.090000
2024-03-22,94.190000,93.980000
2024-03-25,93.707000,93.510000
2024-03-26,93.510000,93.770000
2024-03-27,93.990000,94.700000
2024-03-28,94.490000,94.620000
2024-04-01,93.290000,92.540000
2024-04-02,91.570000,92.040000
2024-04-03,91.260000,92.040000
2024-04-04,92.630000,92.680000
2024-04-05,91.690000,91.390000
2024-04-08,91.230000,91.380000
2024-04-09,91.869000,92.230000
2024-04-10,91.200100,90.240000
2024-04-11,90.380000,89.810000
2024-04-12,90.640000,90.290000
2024-04-15,89.220000,88.890000
2024-04-16,88.050000,88.300000
2024-04-17,88.870000,89.280000
2024-04-18,89.240000,88.820000
2024-04-19,89.390000,89.150000
2024-04-22,88.680000,89.000000
2024-04-23,88.730000,89.020000
2024-04-24,88.560000,88.400000
2024-04-25,87.460000,87.780000
2024-04-26,88.245000,88.240000
2024-04-29,88.660000,88.980000
2024-04-30,88.420000,88.220000
2024-05-01,88.600000,88.570000
2024-05-02,88.210000,88.940000
2024-05-03,89.930000,89.840000
2024-05-06,89.870000,90.190000
2024-05-07,90.900000,90.740000
2024-05-08,90.310000,90.190000
2024-05-09,89.870000,90.630000
2024-05-10,90.280000,90.120000
2024-05-13,90.550000,90.350000
2024-05-14,90.650000,90.860000
2024-05-15,91.870000,92.100000
2024-05-16,92.390000,92.010000
2024-05-17,91.640000,91.390000
2024-05-20,91.080000,91.120000
2024-05-21,91.730000,91.590000
2024-05-22,91.270000,91.700000
2024-05-23,91.800000,91.110000
2024-05-24,90.970000,91.380000
2024-05-28,91.330000,90.070000
2024-05-29,89.340000,88.980000
2024-05-30,89.600000,89.840000
2024-05-31,90.480000,90.525000
2024-06-03,90.640000,91.600000
2024-06-04,92.200000,92.670000
2024-06-05,93.000000,93.350000
2024-06-06,92.920000,93.210000
2024-06-07,91.830000,91.500000
2024-06-10,91.000000,90.890000
2024-06-11,91.032000,91.830000
2024-06-12,93.020000,92.520000
2024-06-13,93.220000,93.880000
2024-06-14,94.420000,94.670000
2024-06-17,93.520000,93.730000
2024-06-18,93.890000,94.590000
2024-06-20,93.410000,93.960000
2024-06-21,94.240000,93.960000
2024-06-24,94.050000,94.340000
2024-06-25,94.070000,94.500000
2024-06-26,93.280000,93.150000
2024-06-27,93.520000,93.520000
2024-06-28,93.730000,91.780000
2024-07-01,90.420000,89.910000
2024-07-02,90.680000,90.610000
2024-07-03,91.170000,91.800000
2024-07-05,92.270000,92.560000
2024-07-08,92.540000,92.760000
2024-07-09,92.470000,92.350000
2024-07-10,92.450000,92.640000
2024-07-11,93.680000,93.540000
2024-07-12,93.530000,93.915000
2024-07-15,93.000000,92.860000
2024-07-16,93.530000,94.170000
2024-07-17,93.920000,94.190000
2024-07-18,93.680000,93.470000
2024-07-19,93.040000,92.920000
2024-07-22,93.400000,92.650000
2024-07-23,92.810000,92.520000
2024-07-24,92.590000,91.520000
2024-07-25,92.025000,92.270000
2024-07-26,92.950000,92.990000
2024-07-29,93.670000,93.490000
2024-07-30,93.750000,93.850000
2024-07-31,94.530000,94.810000
2024-08-01,95.140000,95.310000
2024-08-02,97.000000,98.280000
2024-08-05,99.690000,98.800000
2024-08-06,98.150000,96.590000
2024-08-07,95.950000,95.910000
2024-08-08,95.115000,95.320000
2024-08-09,96.510000,96.260000
2024-08-12,96.030000,96.610000
2024-08-13,97.300000,97.280000
2024-08-14,97.550000,97.890000
2024-08-15,96.405000,97.100000
2024-08-16,97.440000,97.440000
2024-08-19,97.420000,97.890000
2024-08-20,98.320000,98.670000
2024-08-21,98.670000,98.730000
2024-08-22,98.230000,97.750000
2024-08-23,98.190000,98.390000
2024-08-26,98.690000,98.140000
2024-08-27,97.490000,97.970000
2024-08-28,98.010000,97.850000
2024-08-29,97.370000,97.530000
2024-08-30,97.680000,96.490000
2024-09-03,97.560000,97.750000
2024-09-04,97.880000,99.010000
2024-09-05,99.340000,99.570000
2024-09-06,99.550000,99.560000
2024-09-09,99.400000,99.990000
2024-09-10,99.870000,100.690000
2024-09-11,100.490000,100.610000
2024-09-12,100.360000,100.140000
2024-09-13,100.460000,100.410000
2024-09-16,100.630000,101.330000
2024-09-17,101.470000,100.840000
2024-09-18,100.240000,99.590000
2024-09-19,98.920000,99.260000
2024-09-20,98.990000,98.880000
2024-09-23,98.500000,98.670000
2024-09-24,98.000000,98.650000
2024-09-25,98.260000,97.830000
2024-09-26,98.070000,98.060000
2024-09-27,98.540000,98.570000
2024-09-30,98.640000,98.100000
2024-10-01,98.800000,98.490000
2024-10-02,97.360000,97.660000
2024-10-03,97.340000,96.740000
2024-10-04,95.440000,95.550000
2024-10-07,94.980000,94.830000
2024-10-08,94.390000,94.990000
2024-10-09,94.670000,94.450000
2024-10-10,93.880000,94.080000
2024-10-11,93.480000,93.700000
2024-10-14,93.040000,93.765000
2024-10-15,94.460000,94.910000
2024-10-16,95.390000,95.310000
2024-10-17,94.290000,93.800000
2024-10-18,94.050000,93.870000
2024-10-21,93.020000,92.230000
2024-10-22,92.650000,92.320000
2024-10-23,91.840000,92.070000
2024-10-24,92.230000,92.660000
2024-10-25,92.990000,92.140000
2024-10-28,92.270000,91.890000
2024-10-29,91.170000,92.030000
2024-10-30,92.840000,92.300000
2024-10-31,92.200000,92.450000
2024-11-01,92.260000,90.840000
2024-11-04,92.280000,92.250000
2024-11-05,92.030000,92.740000
2024-11-06,89.640000,90.200000
2024-11-07,90.750000,91.330000
2024-11-08,92.000000,92.490000
2024-11-11,92.250000,92.040000
2024-11-12,91.370000,90.660000
2024-11-13,91.515000,89.800000
2024-11-14,90.560000,90.320000
2024-11-15,89.915000,90.080000
2024-11-18,89.660000,90.240000
2024-11-19,90.820000,90.700000
2024-11-20,90.150000,90.410000
2024-11-21,90.450000,90.340000
2024-11-22,90.510000,90.390000
2024-11-25,92.200000,92.730000
2024-11-26,92.160000,92.370000
2024-11-27,93.040000,93.010000
2024-11-29,93.780000,93.970000
2024-12-02,93.270000,93.870000
2024-12-03,93.930000,93.060000
2024-12-04,92.610000,94.060000
2024-12-05,93.720000,94.250000
2024-12-06,94.720000,94.390000
2024-12-09,93.990000,93.520000
2024-12-10,93.020000,93.080000
2024-12-11,93.070000,92.200000
2024-12-12,91.640000,91.080000
2024-12-13,90.800000,90.150000
2024-12-16,90.550000,90.420000
2024-12-17,90.520000,90.640000
2024-12-18,89.970000,89.160000
2024-12-19,88.070000,87.810000
2024-12-20,88.530000,88.310000
2024-12-23,88.160000,87.500000
2024-12-24,87.040000,87.870000
2024-12-26,87.210000,87.820000
2024-12-27,87.480000,87.100000
2024-12-30,87.830000,87.800000
2024-12-31,88.130000,87.330000
2025-01-02,87.800000,87.570000
2025-01-03,87.720000,87.290000
2025-01-06,87.050000,86.900000
2025-01-07,86.600000,85.920000
2025-01-08,85.470000,86.030000
2025-01-10,85.280000,85.460000
2025-01-13,85.530000,85.430000
2025-01-14,85.230000,85.290000
2025-01-15,86.695000,86.760000
2025-01-16,86.640000,87.040000
2025-01-17,87.430000,87.190000
2025-01-21,87.890000,87.970000
2025-01-22,87.870000,87.510000
2025-01-23,86.640000,86.830000
2025-01-24,86.720000,87.220000
2025-01-27,88.155000,88.250000
2025-01-28,87.840000,88.190000
2025-01-29,88.430000,88.010000
2025-01-30,88.410000,88.340000
2025-01-31,88.380000,87.760000
2025-02-03,88.575000,88.160000
2025-02-04,87.550000,88.430000
2025-02-05,89.450000,89.890000
2025-02-06,89.860000,89.850000
2025-02-07,89.240000,89.270000
2025-02-10,89.264000,89.000000
2025-02-11,88.530000,88.430000
2025-02-12,87.290000,87.230000
2025-02-13,88.090000,88.680000
2025-02-14,89.380000,89.150000
2025-02-18,88.540000,88.100000
2025-02-19,87.950000,88.210000
2025-02-20,88.450000,88.540000
2025-02-21,88.870000,89.610000
2025-02-24,89.330000,89.870000
2025-02-25,90.970000,91.420000
2025-02-26,91.420000,91.960000
2025-02-27,91.310000,91.310000
2025-02-28,91.850000,92.430000
2025-03-03,91.410000,92.570000
2025-03-04,92.440000,91.430000
2025-03-05,91.560000,90.700000
2025-03-06,90.480000,90.400000
2025-03-07,91.140000,90.110000
2025-03-10,91.080000,91.050000
2025-03-11,90.965000,90.400000
2025-03-12,90.000000,89.860000
2025-03-13,89.580000,90.650000
2025-03-14,90.010000,90.170000
2025-03-17,90.800000,90.620000
2025-03-18,90.140000,90.710000
2025-03-19,90.680000,91.180000
2025-03-20,92.200000,91.240000
2025-03-21,91.330000,90.700000
2025-03-24,90.200000,89.770000
2025-03-25,89.570000,89.760000
2025-03-26,89.390000,89.170000
2025-03-27,88.850000,88.910000
2025-03-28,89.880000,90.140000
2025-03-31,91.230000,91.030000
2025-04-01,91.250000,91.490000
2025-04-02,92.370000,91.430000
2025-04-03,92.520000,91.850000
2025-04-04,93.650000,92.850000
2025-04-07,91.880000,90.050000
2025-04-08,89.280000,88.350000
2025-04-09,87.270000,88.870000
2025-04-10,87.740000,86.420000
2025-04-11,85.870000,86.890000
2025-04-14,87.400000,87.510000
2025-04-15,87.150000,87.820000
2025-04-16,87.800000,88.310000
2025-04-17,88.040000,87.530000
2025-04-21,86.600000,86.000000
2025-04-22,86.820000,86.480000
2025-04-23,88.880000,87.320000
2025-04-24,88.030000,88.240000
2025-04-25,88.900000,88.890000
2025-04-28,88.655000,89.450000
2025-04-29,89.320000,90.200000
2025-04-30,89.780000,89.470000
2025-05-01,89.260000,88.690000
2025-05-02,87.710000,87.730000
2025-05-05,87.345000,87.240000
2025-05-06,86.800000,87.530000
2025-05-07,87.920000,87.900000
2025-05-08,88.015000,86.920000
2025-05-09,87.000000,87.050000
2025-05-12,86.380000,86.240000
2025-05-13,86.130000,85.890000
2025-05-14,85.750000,85.320000
2025-05-15,85.630000,86.070000
2025-05-16,86.870000,86.300000
2025-05-19,84.910000,86.050000
2025-05-20,85.425000,85.430000
2025-05-21,84.680000,83.970000
2025-05-22,83.521000,84.410000
2025-05-23,84.770000,84.550000
2025-05-27,85.350000,85.730000
2025-05-28,85.410000,85.360000
2025-05-29,85.770000,86.150000
2025-05-30,86.085000,86.280000
2025-06-02,85.290000,85.160000
2025-06-03,85.440000,85.010000
2025-06-04,85.790000,86.390000
2025-06-05,86.680000,86.450000
2025-06-06,85.790000,85.350000
2025-06-09,85.040000,85.440000
2025-06-10,86.095000,85.880000
2025-06-11,85.810000,86.140000
2025-06-12,86.890000,87.170000
2025-06-13,86.730000,86.330000
2025-06-16,86.080000,85.460000
2025-06-17,86.000000,86.500000
2025-06-18,86.880000,86.650000
2025-06-20,86.140000,86.490000
2025-06-23,86.930000,86.770000
2025-06-24,86.470000,87.400000
2025-06-25,87.110000,87.510000
2025-06-26,87.590000,87.950000
2025-06-27,87.570000,87.390000
2025-06-30,87.860000,88.250000
2025-07-01,88.130000,88.140000
2025-07-02,87.190000,87.580000
2025-07-03,87.165000,86.970000
2025-07-07,86.540000,86.140000
2025-07-08,85.570000,86.030000
2025-07-09,86.190000,86.930000
2025-07-10,86.830000,86.990000
2025-07-11,86.230000,85.790000
2025-07-14,85.540000,85.610000
2025-07-15,85.890000,85.010000
2025-07-16,85.275000,85.130000
2025-07-17,85.220000,85.110000
2025-07-18,85.430000,85.240000
2025-07-21,86.215000,86.000000
2025-07-22,86.170000,86.520000
2025-07-23,86.050000,86.040000
2025-07-24,85.550000,85.890000
2025-07-25,85.800000,86.430000
2025-07-28,85.990000,85.870000
2025-07-29,86.230000,87.320000
2025-07-30,86.770000,86.870000
2025-07-31,87.130000,86.920000
2025-08-01,87.560000,87.820000
2025-08-04,87.955000,88.060000
2025-08-05,87.850000,88.330000
2025-08-06,87.840000,87.820000
2025-08-07,87.915000,87.670000
2025-08-08,87.360000,87.290000
2025-08-11,87.540000,87.390000
2025-08-12,86.900000,86.950000
2025-08-13,87.440000,87.670000
2025-08-14,87.510000,87.020000
2025-08-15,86.660000,86.400000
2025-08-18,86.500000,86.150000
2025-08-19,86.450000,86.650000
2025-08-20,86.590000,86.840000
2025-08-21,86.560000,86.410000
2025-08-22,86.830000,87.050000
2025-08-25,86.725000,86.800000
2025-08-26,86.510000,86.750000
2025-08-27,86.105000,86.650000
2025-08-28,86.780000,87.220000
2025-08-29,86.760000,86.600000
2025-09-02,85.630000,85.630000
2025-09-03,85.930000,86.570000
2025-09-04,87.020000,87.230000
2025-09-05,88.220000,88.560000
2025-09-08,89.170000,89.740000
2025-09-09,89.400000,89.230000
2025-09-10,89.400000,89.740000
2025-09-11,89.910000,90.340000
2025-09-12,89.830000,89.950000
2025-09-15,90.150000,90.160000
2025-09-16,90.090000,90.350000
2025-09-17,90.710000,90.120000
2025-09-18,89.260000,89.190000
2025-09-19,89.070000,89.020000
2025-09-22,88.820000,88.700000
2025-09-23,88.965000,89.320000
2025-09-24,89.080000,88.980000
2025-09-25,88.845000,88.980000
2025-09-26,88.990000,88.900000
2025-09-29,89.290000,89.630000
2025-09-30,89.660000,89.370000
2025-10-01,89.450000,89.290000
2025-10-02,89.310000,89.550000
2025-10-03,89.630000,89.380000
2025-10-06,88.710000,88.670000
2025-10-07,88.970000,89.180000
2025-10-08,89.600000,89.250000
2025-10-09,89.170000,89.180000
2025-10-10,89.980000,90.620000
2025-10-13,90.280000,90.570000
2025-10-14,90.650000,90.860000
2025-10-15,90.955000,90.660000
2025-10-16,90.515000,91.340000
2025-10-17,91.250000,91.200000
2025-10-20,91.460000,91.550000
2025-10-21,91.990000,92.000000
2025-10-22,91.991000,92.060000
2025-10-23,91.610000,91.430000
2025-10-24,91.585000,91.470000
2025-10-27,91.320000,91.780000
2025-10-28,91.850000,92.020000
2025-10-29,91.880000,91.090000
2025-10-30,90.390000,90.560000
2025-10-31,90.560000,90.290000
2025-11-03,89.620000,89.740000
2025-11-04,89.780000,89.940000
2025-11-05,89.510000,88.960000
2025-11-06,89.560000,89.760000
2025-11-07,89.355000,89.570000
2025-11-10,89.490000,89.550000
2025-11-11,89.950000,89.960000
2025-11-12,89.950000,90.120000
2025-11-13,89.800000,89.380000
2025-11-14,89.790000,88.870000
2025-11-17,89.080000,89.090000
2025-11-18,89.350000,89.060000
2025-11-19,89.225000,88.880000
2025-11-20,88.990000,89.230000
2025-11-21,89.650000,89.500000
2025-11-24,89.950000,90.010000
2025-11-25,90.310000,90.240000
2025-11-26,90.150000,90.640000
2025-11-28,90.460000,90.210000
2025-12-01,88.845000,88.770000
2025-12-02,88.575000,88.810000
2025-12-03,88.920000,89.060000
2025-12-04,88.910000,88.580000
2025-12-05,88.550000,88.170000
2025-12-08,88.185000,87.880000
2025-12-09,88.340000,87.970000
2025-12-10,88.000000,88.310000
2025-12-11,88.690000,88.190000
2025-12-12,87.375000,87.340000
2025-12-15,87.715000,87.400000
2025-12-16,87.185000,87.880000
2025-12-17,87.625000,87.800000
2025-12-18,88.130000,88.220000
2025-12-19,87.605000,87.550000
2025-12-22,87.415000,87.360000
2025-12-23,87.070000,87.500000
2025-12-24,87.760000,88.030000
2025-12-26,88.100000,87.740000
2025-12-29,87.950000,88.070000
2025-12-30,87.740000,87.860000
2025-12-31,87.680000,87.160000
2026-01-02,87.400000,87.030000
2026-01-05,87.180000,87.460000
2026-01-06,87.150000,87.280000
2026-01-07,87.840000,87.790000
2026-01-08,87.330000,87.350000
2026-01-09,87.300000,87.930000
2026-01-12,87.500000,87.670000
2026-01-13,87.880000,87.820000
2026-01-14,87.910000,88.330000
2026-01-15,88.635000,88.310000
2026-01-16,88.130000,87.800000
2026-01-20,86.630000,86.650000
2026-01-21,86.800000,87.310000
2026-01-22,87.270000,87.690000
2026-01-23,87.830000,87.930000
2026-01-26,88.395000,88.350000
2026-01-27,88.110000,87.800000
2026-01-28,87.505000,87.600000
2026-01-29,87.150000,87.620000
2026-01-30,87.375000,87.130000
2026-02-02,87.020000,86.550000
2026-02-03,86.485000,86.760000
2026-02-04,86.630000,86.540000
2026-02-05,86.930000,87.480000
2026-02-06,87.450000,87.540000
2026-02-09,87.200000,87.520000
2026-02-10,88.240000,88.530000
2026-02-11,88.040000,88.060000
2026-02-12,88.355000,89.230000
2026-02-13,89.630000,89.720000
2026-02-17,89.930000,89.870000
2026-02-18,89.685000,89.530000
2026-02-19,89.400000,89.620000
2026-02-20,89.700000,89.410000
2026-02-23,89.550000,89.740000
2026-02-24,89.945000,89.900000
2026-02-25,89.710000,89.910000
2026-02-26,90.060000,90.270000
2026-02-27,90.685000,90.820000
2026-03-02,89.975000,89.610000
2026-03-03,88.975000,89.430000
2026-03-04,89.270000,89.150000
2026-03-05,88.630000,88.790000
2026-03-06,88.320000,88.460000
2026-03-09,88.295000,89.230000
2026-03-10,88.800000,88.280000
2026-03-11,87.750000,87.140000
2026-03-12,86.905000,86.970000
2026-03-13,86.925000,86.540000
2026-03-16,87.175000,87.210000
2026-03-17,87.360000,87.450000
2026-03-18,87.360000,86.955000
2026-03-19,87.060000,87.490000
2026-03-20,86.810000,85.830000
2026-03-23,86.180000,86.385000
2026-03-24,85.720000,86.010000
2026-03-25,86.750000,86.840000
2026-03-26,86.340000,86.110000
2026-03-27,85.500000,85.640000
2026-03-30,86.630000,86.780000
2026-03-31,86.930000,86.690000
2026-04-01,86.280000,86.260000
2026-04-02,86.205000,86.790000
2026-04-06,86.500000,86.650000
2026-04-07,86.520000,86.640000
2026-04-08,87.360000,86.920000
2026-04-09,86.690000,86.700000
2026-04-10,86.600000,86.490000
2026-04-13,86.440000,86.750000
2026-04-14,86.700000,87.210000
2026-04-15,87.020000,86.830000
2026-04-16,86.915000,86.280000
2026-04-17,87.050000,87.070000
2026-04-20,87.110000,87.050000
2026-04-21,86.970000,86.570000
2026-04-22,87.050000,86.740000
2026-04-23,86.825000,86.550000
2026-04-24,86.460000,86.710000
2026-04-27,86.489000,86.280000
2026-04-28,86.120000,86.370000
2026-04-29,85.985000,85.700000
2026-04-30,85.885000,85.620000
2026-05-01,85.500000,85.610000
2026-05-04,85.350000,84.960000
2026-05-05,85.145000,85.430000
2026-05-06,86.049000,86.080000
2026-05-07,86.280000,85.650000
2026-05-08,86.060000,86.080000
2026-05-11,85.880000,85.560000
2026-05-12,85.190000,84.990000
2026-05-13,84.940000,84.800000
2026-05-14,85.260000,84.920000
2026-05-15,83.870000,83.660000
2026-05-18,83.700000,83.560000
2026-05-19,82.960000,83.020000
2026-05-20,83.060000,83.910000
2026-05-21,83.620700,84.220000
2026-05-22,84.605000,84.680000
2026-05-26,85.335000,85.100000
2026-05-27,85.250000,85.300000
2026-05-28,85.360000,85.740000
2026-05-29,85.810000,85.760000
2026-06-01,84.930000,85.470000
2026-06-02,85.800000,85.650000
2026-06-03,85.285000,85.310000
2026-06-04,85.605000,85.500000
2026-06-05,84.990000,85.060000
2026-06-08,85.230000,84.620000
2026-06-09,84.970000,85.120000
2026-06-10,85.120000,84.880000
2026-06-11,85.170000,85.980000
2026-06-12,85.640000,85.770000
2026-06-15,85.960000,85.720000
2026-06-16,85.960000,86.190000
2026-06-17,86.330000,86.330000
2026-06-18,87.070000,86.750000
2026-06-22,86.300000,86.090000
2026-06-23,86.120000,86.200000
2026-06-24,87.150000,87.380000
2026-06-25,87.580000,87.350000
2026-06-26,87.010000,87.360000
2026-06-29,87.355000,87.450000
2026-06-30,87.150000,86.420000
2026-07-01,85.480000,85.520000
2026-07-02,85.380000,85.510000
2026-07-06,85.430000,85.450000
2026-07-07,85.115000,84.550000
2026-07-08,84.310000,84.360000
2026-07-09,84.280000,84.490000
2026-07-10,84.505000,84.470000
2026-07-13,84.185000,83.970000
2026-07-14,84.180000,84.080000
2026-07-15,84.080000,84.240000
2026-07-16,83.840000,84.210000
2026-07-17,84.620000,84.520000
2026-07-20,84.310000,83.890000
2026-07-21,83.735000,83.660000
2026-07-22,83.605000,83.440000
2026-07-23,82.990000,83.170000
2026-07-24,83.310000,83.250000
2026-07-27,83.730000,83.750000
2026-07-28,83.860000,84.240000
2026-07-29,84.100000,82.850000
2026-07-30,82.805000,82.800000
2026-07-31,82.450000,82.250000
2026-08-03,82.240000,82.190000
2026-08-04,82.650000,82.820000
2026-08-05,82.945000,83.000000
2026-08-06,82.770000,82.520000
2026-08-07,82.795000,82.760000
2026-08-10,82.400000,82.060000
2026-08-11,82.270000,82.190000
2026-08-12,82.450000,82.110000
2026-08-13,82.590000,82.590000
2026-08-14,82.230000,82.040000
2026-08-17,81.770000,81.350000
2026-08-18,81.260000,81.660000
2026-08-19,82.805000,83.020000
2026-08-20,82.355000,82.340000
2026-08-21,82.170000,82.050000
2026-08-24,82.490000,82.560000
2026-08-25,83.105000,83.470000
2026-08-26,83.270000,83.300000
2026-08-27,83.200000,83.130000
2026-08-28,83.040000,82.880000
