date,symbol,side,quantity,fill_price,ref_price,ref_kind,slippage_bps,notional,note,session_lag
2026-09-08,BOXX,sell,4.318843,118.1401,118.13,signal_session_close,-0.85,510.23,one-time Tue open rebalance; $100k deposit deployed,1
2026-09-08,TQQQ,buy,992,71.8375,72.37,signal_session_close,-73.58,71262.8,one-time Tue open rebalance; $100k deposit deployed,1
2026-09-08,SPMO,buy,193,150.6259,149.72,signal_session_close,60.51,29070.8,one-time Tue open rebalance; $100k deposit deployed,1
2026-09-17,SPMO,buy,3.465873,146.6499,146.6499,signal_session_close,0.0,508.27,one-time market-open cash sweep; ref_price is the fill itself (no signal-session close for an off-cycle sweep) -- 0bp is by construction not a slippage claim,0
2026-09-17,TQQQ,buy,21.876089,70.535,70.535,signal_session_close,0.0,1543.03,one-time market-open cash sweep; ref_price is the fill itself (no signal-session close for an off-cycle sweep) -- 0bp is by construction not a slippage claim,0
2026-09-24,SPMO,buy,353.381514,152.2173,152.13,signal_session_close,5.74,53790.78,tranche 1 of the staged $300k deposit; ref = last regular-session trade,0
2026-09-24,TQQQ,buy,587.561347,78.65,78.59,signal_session_close,7.63,46211.7,tranche 1 of the staged $300k deposit; ref = last regular-session trade,0
2026-09-28,BOXX,sell,1690.512974,118.3301,118.33,signal_session_close,-0.01,200038.57,deposit plan closed early: remaining $200k reserve deployed in one go (owner); ref = last regular-session trade,0
2026-09-28,SPMO,buy,654.772315,151.13,151.21,signal_session_close,-5.29,98955.74,deposit plan closed early: remaining $200k reserve deployed in one go (owner); ref = last regular-session trade,0
2026-09-28,TQQQ,buy,1313.465783,77.01,77.03,signal_session_close,-2.6,101150.0,deposit plan closed early: remaining $200k reserve deployed in one go (owner); ref = last regular-session trade,0
2026-09-28,TQQQ,buy,1.257118,76.9299,77.03,signal_session_close,-12.99,96.71,owner: use all buying power ($96.71 idle cash),0
2026-09-30,SPMO,buy,1.475641,151.839,151.47,signal_session_close,24.36,224.06,cash sweep: TQQQ dividend,0
2026-10-09,SPMO,sell,829.0,151.3301,151.12,signal_session_close,-13.9,125452.65,,0
2026-10-09,SPMO,sell,0.066721,151.3751,151.12,signal_session_close,-16.88,10.1,,0
2026-10-09,TQQQ,buy,1546.0,81.14,81.28,signal_session_close,-17.22,125442.44,,0
2026-10-09,TQQQ,buy,0.20954,81.1299,81.28,signal_session_close,-18.47,17.0,,0
2026-10-09,TQQQ,sell,2.0,81.31,81.28,signal_session_close,-3.69,162.62,,0
