date,QQQ,QQEW,SPMO,TQQQ,QLD,XLU,BOXX,VIXM
2022-01-03,401.68,118.3,64.517,42.7825,45.435,35.435,,30.27
2022-01-04,396.47,116.79,65.524,41.12,44.245,35.325,,30.3
2022-01-05,384.29,113.64,63.923,37.3375,41.495,35.305,,31.03
2022-01-06,384.02,114.13,64.16,37.235,41.465,34.94,,31.11
2022-01-07,379.86,112.83,64.056,36.0175,40.55,35.205,,30.45
2022-01-10,380.11,112.75,63.833,36.15,40.645,34.975,,30.1
2022-01-11,385.82,114.79,64.371,37.74,41.84,34.66,,29.73
2022-01-12,387.35,114.67,64.709,38.17,42.17,34.77,,29.73
2022-01-13,377.66,112.22,63.967,35.4,40.035,34.94,,30.29
2022-01-14,380.01,112.6,63.772,35.935,40.54,34.7,,29.99
2022-01-18,370.55,110.03,62.148,33.345,38.55,34.285,,30.64
2022-01-19,366.48,109.29,61.276,32.185,37.66,34.44,,30.67
2022-01-20,361.72,108.06,60.43,30.94,36.665,34.485,,30.9
2022-01-21,351.69,105.63,59.317,28.335,34.6,34.42,,31.88
2022-01-24,353.3,106.35,59.52,28.745,35.02,34.09,,31.57
2022-01-25,345.11,103.63,58.84,26.625,33.27,33.555,,31.99
2022-01-26,344.57,102.71,58.54,26.575,33.325,33.28,,32.2
2022-01-27,341.1,101.44,58.342,25.78,32.55,33.575,,32.38
2022-01-28,351.8,104.05,59.288,28.185,34.635,33.98,,31.39
2022-01-31,363.05,107.72,60.413,30.915,36.855,34.625,,30.53
2022-02-01,365.52,108.57,61.16,31.505,37.295,34.165,,29.66
2022-02-02,368.49,108.86,62.396,32.25,37.92,34.67,,29.77
2022-02-03,353.55,105.88,60.94,28.37,34.81,34.515,,31.21
2022-02-04,358.01,106.54,61.162,29.35,35.7,34.24,,31.08
2022-02-07,355.13,106.07,60.761,28.685,35.14,34.19,,30.72
2022-02-08,359.12,107.52,61.516,29.66,35.93,34.215,,30.12
2022-02-09,366.73,110.08,62.633,31.5,37.455,34.365,,29.52
2022-02-10,358.43,107.96,61.702,29.41,35.75,33.495,,30.57
2022-02-11,347.06,104.91,60.402,26.64,33.495,33.515,,31.69
2022-02-14,347.49,104.64,59.919,26.715,33.585,33.23,,31.55
2022-02-15,356.13,107.27,60.838,28.65,35.23,33.075,,30.59
2022-02-16,356.04,107.04,61.154,28.645,35.195,33.15,,30.14
2022-02-17,345.45,104.01,59.337,26.105,33.105,33.17,,31.09
2022-02-18,341.51,102.77,58.824,25.22,32.34,33.11,,31.45
2022-02-22,338.08,102.01,58.109,24.44,31.685,33.075,,31.54
2022-02-23,329.42,99.84,57.009,22.57,30.075,32.515,,32.09
2022-02-24,340.49,102.72,57.985,24.78,32.09,32.775,,31.66
2022-02-25,345.77,104.38,59.442,25.955,33.08,33.79,,31.25
2022-02-28,346.8,104.53,59.181,26.23,33.335,33.965,,32.09
2022-03-01,341.49,103.19,57.874,25.02,32.24,33.67,,33.6
2022-03-02,347.22,104.77,59.16,26.215,33.3,34.08,,32.64
2022-03-03,342.26,103.29,58.88,25.12,32.35,34.68,,32.96
2022-03-04,337.3,101.84,57.819,24.045,31.44,35.445,,33.52
2022-03-07,324.86,98.36,55.434,21.36,29.105,35.905,,35.0
2022-03-08,323.35,97.84,55.465,21.065,28.82,35.35,,35.09
2022-03-09,334.99,101.0,57.488,23.32,30.93,35.1,,34.31
2022-03-10,331.27,99.57,57.328,22.57,30.235,35.335,,34.47
2022-03-11,324.4,97.31,56.649,21.17,28.955,35.215,,34.72
2022-03-14,318.17,95.58,56.123,19.93,27.86,35.175,,35.46
2022-03-15,328.15,97.98,57.074,21.775,29.58,35.625,,34.68
2022-03-16,340.32,102.35,58.78,24.22,31.795,35.56,,33.49
2022-03-17,344.44,103.5,59.507,25.03,32.535,35.71,,33.12
2022-03-18,351.49,105.55,60.295,26.585,33.89,35.405,,32.26
2022-03-21,350.08,104.58,60.542,26.395,33.7,35.405,,32.19
2022-03-22,356.96,106.7,60.979,27.955,35.01,35.455,,31.8
2022-03-23,351.83,104.85,60.4,26.775,34.005,35.505,,31.87
2022-03-24,359.65,106.65,61.331,28.51,35.52,35.87,,31.64
2022-03-25,359.35,106.1,61.814,28.465,35.47,36.39,,31.34
2022-03-28,364.91,107.59,61.766,29.76,36.565,36.625,,31.23
2022-03-29,371.19,109.85,62.176,31.285,37.795,36.965,,30.77
2022-03-30,367.09,108.6,61.89,30.345,36.99,37.27,,31.06
2022-03-31,362.54,107.28,61.144,29.09,35.96,37.23,,31.5
2022-04-01,361.85,107.58,61.221,28.965,35.935,37.75,,31.36
2022-04-04,369.3,109.27,61.27,30.775,37.38,37.46,,30.93
2022-04-05,361.1,106.91,60.7,28.74,35.745,37.695,,31.85
2022-04-06,353.26,105.41,60.76,26.85,34.15,38.445,,32.13
2022-04-07,354.1,105.67,61.17,27.025,34.335,38.35,,31.98
2022-04-08,349.15,104.74,61.342,25.92,33.36,38.48,,32.04
2022-04-11,340.89,103.22,60.12,24.08,31.79,37.955,,32.73
2022-04-12,339.45,102.66,60.02,23.77,31.54,38.1,,33.0
2022-04-13,346.35,104.98,60.54,25.195,32.79,38.025,,32.32
2022-04-14,338.43,102.96,60.003,23.5,31.285,38.045,,32.74
2022-04-18,338.69,102.42,60.01,23.565,31.385,37.84,,32.82
2022-04-19,346.26,104.74,60.64,25.08,32.715,38.085,,32.06
2022-04-20,341.21,103.64,60.92,23.95,31.76,38.395,,31.68
2022-04-21,334.15,101.24,59.861,22.545,30.49,37.76,,32.63
2022-04-22,325.4,98.63,57.94,20.755,28.86,37.125,,33.85
2022-04-25,329.58,100.07,58.09,21.525,29.62,36.87,,33.38
2022-04-26,317.14,96.95,57.147,19.105,27.335,36.5,,34.63
2022-04-27,316.76,96.93,56.89,19.02,27.305,36.325,,34.68
2022-04-28,328.01,99.49,58.06,21.03,29.225,36.73,,33.9
2022-04-29,313.25,95.95,55.93,18.265,26.6,35.63,,35.09
2022-05-02,318.48,97.19,56.139,19.125,27.495,35.265,,34.99
2022-05-03,318.82,97.15,56.57,19.17,27.58,35.4,,34.12
2022-05-04,329.6,99.86,58.25,21.07,29.43,36.19,,32.86
2022-05-05,313.0,95.22,56.62,17.93,26.505,35.82,,35.34
2022-05-06,309.25,93.2,56.668,17.305,25.84,36.105,,35.38
2022-05-09,297.15,89.3,54.697,15.26,23.79,35.835,,36.74
2022-05-10,300.76,90.17,54.73,15.785,24.375,35.4,,36.06
2022-05-11,291.84,87.97,54.485,14.38,22.91,35.655,,36.3
2022-05-12,291.15,88.6,54.22,14.265,22.81,35.295,,35.89
2022-05-13,301.94,92.21,55.485,15.815,24.475,35.715,,35.01
2022-05-16,298.44,91.15,55.53,15.325,23.925,35.825,,34.69
2022-05-17,306.17,93.18,56.37,16.48,25.16,36.195,,34.53
2022-05-18,291.14,88.96,54.08,14.075,22.66,35.845,,36.14
2022-05-19,289.58,89.78,53.844,13.79,22.435,35.77,,35.35
2022-05-20,288.68,89.64,53.74,13.67,22.28,35.87,,35.57
2022-05-23,293.48,90.56,54.886,14.345,23.025,36.3,,35.36
2022-05-24,287.24,88.89,54.625,13.45,22.04,37.025,,35.49
2022-05-25,291.26,90.42,55.17,13.99,22.67,37.0,,34.9
2022-05-26,299.33,93.13,56.206,15.16,23.915,37.105,,34.89
2022-05-27,309.1,95.92,57.4,16.645,25.5,37.685,,34.38
2022-05-31,308.28,95.04,56.8,16.525,25.335,37.165,,34.34
2022-06-01,306.0,94.0,56.63,16.14,24.965,37.105,,34.21
2022-06-02,314.38,96.7,57.36,17.45,26.34,37.355,,33.63
2022-06-03,306.2,94.9,56.875,16.07,24.93,37.175,,34.04
2022-06-06,307.22,95.17,57.029,16.27,25.12,37.34,,33.95
2022-06-07,309.87,96.31,57.68,16.665,25.565,37.565,,33.77
2022-06-08,307.64,95.77,57.22,16.325,25.18,36.83,,33.7
2022-06-09,299.4,93.08,56.0,14.995,23.805,35.945,,34.38
2022-06-10,288.84,90.22,54.56,13.395,22.11,35.67,,35.47
2022-06-13,275.41,85.83,52.63,11.54,20.075,34.03,,37.54
2022-06-14,275.91,86.13,52.23,11.615,20.17,33.17,,37.08
2022-06-15,282.8,87.86,52.692,12.45,21.155,33.385,,35.62
2022-06-16,271.39,84.27,51.14,10.93,19.46,32.74,,37.12
2022-06-17,274.69,85.4,50.56,11.335,19.91,32.435,,36.4
2022-06-21,281.08,87.33,52.01,12.19,20.915,32.79,,35.54
2022-06-22,280.67,87.3,51.88,12.145,20.845,33.135,,35.24
2022-06-23,284.85,89.01,51.8,12.665,21.465,33.915,,35.2
2022-06-24,294.61,91.88,53.26,13.99,22.975,34.505,,34.75
2022-06-27,292.45,91.15,53.38,13.66,22.585,34.785,,34.43
2022-06-28,283.54,88.61,52.77,12.415,21.2,34.655,,34.98
2022-06-29,283.8,88.47,52.473,12.44,21.26,34.68,,35.08
2022-06-30,280.28,87.33,51.91,12.0,20.705,35.065,,35.38
2022-07-01,282.13,88.33,52.38,12.195,20.975,35.925,,35.01
2022-07-05,286.96,89.49,52.05,12.825,21.695,34.7,,34.84
2022-07-06,288.8,89.7,52.13,13.07,21.96,35.06,,34.79
2022-07-07,294.98,91.66,53.01,13.88,22.895,35.025,,34.64
2022-07-08,295.35,91.59,53.05,13.945,22.97,34.91,,34.41
2022-07-11,289.04,89.63,52.511,13.055,21.96,35.13,,34.93
2022-07-12,286.24,88.92,52.01,12.675,21.545,34.96,,35.08
2022-07-13,285.65,88.7,51.59,12.595,21.465,34.815,,35.11
2022-07-14,286.67,88.46,51.28,12.725,21.61,34.815,,35.28
2022-07-15,291.87,90.19,52.35,13.395,22.38,34.88,,34.64
2022-07-18,289.4,89.59,52.017,13.085,22.005,34.395,,35.11
2022-07-19,298.3,92.31,53.528,14.23,23.345,34.615,,34.47
2022-07-20,303.03,93.95,53.552,14.945,24.085,34.155,,34.16
2022-07-21,307.38,95.2,53.733,15.58,24.775,34.245,,34.09
2022-07-22,301.99,93.69,53.159,14.765,23.905,34.715,,34.2
2022-07-25,300.27,93.26,53.689,14.545,23.65,35.15,,34.23
2022-07-26,294.37,91.77,53.253,13.665,22.695,35.36,,34.35
2022-07-27,306.81,94.6,54.6,15.37,24.615,35.39,,33.7
2022-07-28,309.81,95.84,55.231,15.81,25.08,36.66,,33.04
2022-07-29,315.46,96.62,56.015,16.68,26.01,36.975,,32.31
2022-08-01,315.27,96.69,55.632,16.655,25.98,37.015,,33.15
2022-08-02,314.33,96.84,55.342,16.5,25.805,36.94,,33.52
2022-08-03,322.89,99.15,55.772,17.82,27.21,37.17,,32.81
2022-08-04,324.4,99.41,55.25,18.075,27.445,37.25,,33.26
2022-08-05,321.75,99.21,55.51,17.645,27.01,37.115,,33.15
2022-08-08,320.71,99.27,55.41,17.465,26.835,37.17,,33.22
2022-08-09,317.08,97.46,55.494,16.865,26.22,37.585,,33.43
2022-08-10,325.93,100.25,56.44,18.25,27.68,37.75,,32.51
2022-08-11,324.08,99.67,56.77,17.975,27.365,37.745,,32.55
2022-08-12,330.39,101.5,57.671,18.99,28.445,38.36,,32.31
2022-08-15,333.06,102.27,57.745,19.445,28.875,38.68,,32.09
2022-08-16,332.28,101.91,57.88,19.32,28.74,38.79,,32.11
2022-08-17,328.49,100.05,57.538,18.65,28.075,38.725,,32.31
2022-08-18,329.28,100.29,57.9,18.775,28.22,38.87,,32.26
2022-08-19,322.86,98.1,57.35,17.675,27.11,38.85,,32.83
2022-08-22,314.36,95.7,56.37,16.285,25.675,38.32,,33.5
2022-08-23,314.1,95.66,56.47,16.23,25.63,38.09,,33.32
2022-08-24,315.01,96.23,56.65,16.355,25.775,38.21,,32.93
2022-08-25,320.58,97.89,57.364,17.215,26.67,38.445,,32.4
2022-08-26,307.44,94.2,55.727,15.12,24.48,37.855,,33.6
2022-08-29,304.41,93.55,55.591,14.655,24.0,37.97,,33.34
2022-08-30,301.02,92.58,54.9,14.165,23.46,37.415,,33.55
2022-08-31,299.27,92.29,54.36,13.905,23.185,37.17,,33.39
2022-09-01,299.4,91.75,54.27,13.92,23.2,37.705,,33.18
2022-09-02,295.17,90.59,53.87,13.34,22.535,37.3,,33.26
2022-09-06,293.05,90.06,53.66,13.035,22.21,37.395,,33.48
2022-09-07,298.97,92.22,54.37,13.805,23.1,38.565,,32.81
2022-09-08,300.52,93.07,54.787,14.03,23.335,38.535,,32.64
2022-09-09,307.09,95.23,55.588,14.92,24.345,38.69,,32.47
2022-09-12,310.74,96.15,56.02,15.465,24.92,39.06,,32.27
2022-09-13,293.7,91.4,53.93,12.92,22.175,38.02,,33.68
2022-09-14,296.03,92.01,54.072,13.21,22.54,38.33,,33.54
2022-09-15,291.1,90.86,53.747,12.545,21.76,37.375,,33.58
2022-09-16,289.32,90.03,53.412,12.3,21.495,37.235,,33.55
2022-09-19,291.05,90.45,53.204,12.595,21.84,37.48,,32.92
2022-09-20,288.73,89.37,52.869,12.295,21.475,36.935,,33.14
2022-09-21,283.56,87.97,52.22,11.62,20.7,36.43,,33.41
2022-09-22,280.07,86.31,52.16,11.19,20.2,36.3,,33.37
2022-09-23,275.51,85.02,50.711,10.655,19.54,35.88,,34.34
2022-09-26,274.37,84.39,50.02,10.51,19.345,35.015,,35.12
2022-09-27,274.48,84.49,50.159,10.52,19.395,34.425,,35.27
2022-09-28,279.94,86.82,51.514,11.135,20.15,34.795,,34.72
2022-09-29,271.87,84.91,50.943,10.195,19.015,33.4,,35.26
2022-09-30,267.26,83.69,50.308,9.66,18.33,32.755,,35.5
2022-10-03,273.53,85.87,51.843,10.33,19.195,33.715,,34.78
2022-10-04,282.13,88.93,53.09,11.29,20.4,34.43,,34.51
2022-10-05,281.98,89.01,53.349,11.29,20.365,33.665,,34.66
2022-10-06,279.76,88.1,53.21,11.005,20.04,32.555,,35.15
2022-10-07,269.1,84.87,52.356,9.75,18.505,31.88,,35.72
2022-10-10,266.41,83.86,52.035,9.445,18.11,31.935,,36.27
2022-10-11,262.75,82.56,52.0,9.07,17.66,31.82,,36.59
2022-10-12,262.66,82.48,51.875,9.05,17.63,30.76,,36.47
2022-10-13,268.82,84.01,53.45,9.655,18.43,31.53,,35.73
2022-10-14,260.74,81.64,52.289,8.785,17.31,31.075,,36.4
2022-10-17,269.35,84.05,53.016,9.65,18.485,31.725,,35.72
2022-10-18,271.48,84.77,53.61,9.89,18.775,32.305,,35.36
2022-10-19,270.49,84.01,53.663,9.77,18.615,31.885,,35.45
2022-10-20,269.11,83.66,53.53,9.605,18.405,31.08,,35.47
2022-10-21,275.42,85.56,54.84,10.285,19.285,31.655,,35.24
2022-10-24,278.45,85.97,55.64,10.635,19.705,31.92,,35.03
2022-10-25,284.21,88.01,55.689,11.275,20.51,32.56,,34.33
2022-10-26,277.93,87.72,56.23,10.53,19.59,32.545,,33.92
2022-10-27,272.87,87.05,56.29,9.95,18.865,32.805,,33.77
2022-10-28,281.22,89.44,57.25,10.85,20.03,33.705,,33.19
2022-10-31,277.95,88.71,57.14,10.475,19.54,33.39,,33.13
2022-11-01,275.11,88.63,57.16,10.15,19.145,33.52,,32.76
2022-11-02,265.68,85.8,56.351,9.1,17.835,33.195,,33.08
2022-11-03,260.49,84.68,56.691,8.575,17.14,33.34,,32.68
2022-11-04,264.68,85.79,57.2,8.975,17.685,33.545,,32.28
2022-11-07,267.59,86.79,57.43,9.26,18.07,32.905,,32.13
2022-11-08,269.54,87.86,57.79,9.46,18.32,33.135,,32.47
2022-11-09,263.32,85.94,56.331,8.8,17.46,32.875,,33.27
2022-11-10,282.75,91.83,57.52,10.725,20.04,34.425,,32.42
2022-11-11,287.96,93.69,57.33,11.335,20.78,34.04,,32.66
2022-11-14,285.44,92.93,57.25,11.035,20.405,33.635,,32.79
2022-11-15,289.39,94.63,57.5,11.48,20.98,34.005,,32.83
2022-11-16,285.44,93.01,57.2,11.015,20.395,34.31,,32.67
2022-11-17,284.81,92.31,57.46,10.93,20.29,33.71,,32.63
2022-11-18,284.82,92.43,57.76,10.92,20.295,34.425,,32.33
2022-11-21,281.89,91.92,57.62,10.59,19.87,34.58,,31.93
2022-11-22,285.95,92.85,58.614,11.035,20.44,34.875,,31.32
2022-11-23,288.82,93.67,58.49,11.365,20.845,35.265,,31.04
2022-11-25,286.92,93.2,58.649,11.13,20.56,35.47,,31.25
2022-11-28,282.71,92.07,57.94,10.64,19.95,35.105,,31.81
2022-11-29,280.57,91.72,58.07,10.385,19.655,34.845,,31.55
2022-11-30,293.36,95.25,58.95,11.78,21.45,35.715,,30.92
2022-12-01,293.72,95.69,58.62,11.845,21.49,35.685,,30.61
2022-12-02,292.55,95.39,58.7,11.705,21.32,35.515,,30.3
2022-12-05,287.64,93.4,57.84,11.115,20.58,35.315,,30.6
2022-12-06,281.68,91.89,57.34,10.41,19.73,35.535,,30.73
2022-12-07,280.53,91.85,57.22,10.285,19.56,35.37,,30.83
2022-12-08,283.85,93.37,57.31,10.65,20.035,35.6,,30.49
2022-12-09,282.04,92.54,56.55,10.445,19.775,35.415,,30.86
2022-12-12,285.58,93.68,57.48,10.825,20.255,36.225,,30.5
2022-12-13,288.65,94.66,57.54,11.165,20.695,36.335,,30.17
2022-12-14,286.51,94.08,57.47,10.9,20.375,36.29,,29.84
2022-12-15,276.89,91.41,56.65,9.82,19.005,35.85,,30.67
2022-12-16,274.25,90.47,56.08,9.53,18.63,35.24,,31.01
2022-12-19,269.75,89.5,55.65,9.135,18.125,34.815,,30.88
2022-12-20,269.54,89.62,55.81,9.095,18.075,34.825,,30.65
2022-12-21,273.45,90.78,56.61,9.49,18.605,35.31,,30.25
2022-12-22,266.76,88.89,56.16,8.77,17.63,35.095,,30.97
2022-12-23,267.36,88.74,56.811,8.795,17.715,35.455,,30.62
2022-12-27,263.58,87.84,57.1,8.42,17.18,35.675,,30.6
2022-12-28,260.1,86.94,56.28,8.08,16.725,35.335,100.03,30.62
2022-12-29,266.44,88.89,56.68,8.65,17.535,35.59,100.045,30.43
2022-12-30,266.28,88.78,56.78,8.65,17.52,35.25,100.1,30.36
2023-01-03,264.48,88.3,55.87,8.455,17.275,35.25,100.11,29.87
2023-01-04,265.74,89.69,55.78,8.585,17.44,35.57,100.125,29.28
2023-01-05,261.58,88.21,55.72,8.18,16.87,34.8,100.15,29.35
2023-01-06,268.8,90.67,56.633,8.82,17.8,35.5,100.16,28.73
2023-01-09,270.54,90.86,56.06,9.005,18.035,35.74,100.16,28.67
2023-01-10,272.83,91.69,56.07,9.245,18.34,35.75,100.195,27.95
2023-01-11,277.55,92.8,56.47,9.705,18.96,36.04,100.21,27.99
2023-01-12,279.05,93.5,56.63,9.855,19.14,35.795,100.28,27.4
2023-01-13,280.97,93.83,56.66,10.05,19.405,35.665,100.29,26.85
2023-01-17,281.54,94.09,56.52,10.105,19.47,35.615,100.29,26.93
2023-01-18,277.88,92.7,55.443,9.73,18.97,34.76,100.31,27.59
2023-01-19,275.15,91.4,55.62,9.425,18.59,34.41,100.32,27.57
2023-01-20,282.68,93.52,56.04,10.195,19.63,34.615,100.335,26.95
2023-01-23,288.96,95.63,56.05,10.865,20.49,34.625,100.365,26.5
2023-01-24,288.37,95.32,56.142,10.8,20.395,34.8,100.345,26.01
2023-01-25,287.73,95.46,56.21,10.72,20.285,34.33,100.4,25.86
2023-01-26,293.34,97.0,56.92,11.34,21.07,34.445,100.4,25.62
2023-01-27,296.26,97.72,56.3,11.665,21.485,34.445,100.42,25.28
2023-01-30,290.27,95.83,55.755,10.965,20.6,34.29,100.45,25.4
2023-01-31,294.62,97.2,56.52,11.455,21.235,34.545,100.45,25.13
2023-02-01,300.92,99.45,56.025,12.195,22.155,34.605,100.49,24.81
2023-02-02,311.72,101.61,55.09,13.455,23.715,34.68,100.535,25.08
2023-02-03,306.18,99.47,54.91,12.76,22.86,33.955,100.535,25.43
2023-02-06,303.59,98.66,54.9,12.435,22.48,34.245,100.55,25.56
2023-02-07,309.88,100.25,55.58,13.205,23.415,34.23,100.535,25.27
2023-02-08,304.37,98.73,55.27,12.495,22.56,33.655,100.53,25.85
2023-02-09,301.68,97.96,55.176,12.16,22.145,33.195,100.545,26.2
2023-02-10,299.7,97.52,56.23,11.91,21.865,33.855,100.54,26.62
2023-02-13,304.5,99.09,56.42,12.475,22.57,34.06,100.623,26.0
2023-02-14,306.75,99.8,56.2,12.745,22.875,33.915,100.615,25.48
2023-02-15,309.1,101.03,55.85,13.03,23.245,34.135,100.645,25.35
2023-02-16,303.3,99.21,55.36,12.285,22.335,33.875,100.69,25.92
2023-02-17,301.16,98.6,55.09,12.02,22.015,34.24,100.7,25.99
2023-02-21,294.03,96.23,54.728,11.175,20.97,33.6,100.725,26.85
2023-02-22,294.25,96.36,54.48,11.185,21.0,33.47,100.74,26.45
2023-02-23,296.82,96.76,54.74,11.465,21.365,33.295,100.755,26.05
2023-02-24,291.85,95.3,54.488,10.885,20.63,33.305,100.8,26.71
2023-02-27,293.94,96.19,54.53,11.12,20.935,33.08,100.795,26.23
2023-02-28,293.56,96.02,53.94,11.065,20.865,32.5,100.79,25.91
2023-03-01,291.2,95.34,54.11,10.795,20.53,31.965,100.78,26.18
2023-03-02,293.61,96.46,54.49,11.055,20.88,32.57,100.8,25.6
2023-03-03,299.68,97.95,54.91,11.73,21.73,33.125,100.815,25.24
2023-03-06,300.02,97.7,55.23,11.78,21.76,33.285,100.82,24.78
2023-03-07,296.34,96.19,54.41,11.34,21.225,32.74,100.84,25.15
2023-03-08,297.82,96.79,54.1,11.495,21.445,32.99,100.8,24.93
2023-03-09,292.66,94.7,53.44,10.89,20.66,32.725,100.855,26.08
2023-03-10,288.55,93.04,52.94,10.44,20.085,32.21,100.868,27.56
2023-03-13,290.69,93.54,52.81,10.665,20.39,32.705,100.99,28.06
2023-03-14,297.37,94.98,53.27,11.39,21.33,33.135,100.994,27.3
2023-03-15,298.93,94.69,52.42,11.555,21.54,33.585,101.03,28.78
2023-03-16,306.81,96.49,52.77,12.47,22.665,33.81,101.02,27.34
2023-03-17,305.36,95.55,52.01,12.285,22.44,33.485,101.045,28.82
2023-03-20,305.97,96.26,52.61,12.415,22.605,33.5,101.07,28.78
2023-03-21,310.34,97.47,53.32,12.94,23.235,32.825,101.085,27.37
2023-03-22,306.12,95.57,52.41,12.34,22.6,32.18,101.09,27.59
2023-03-23,309.75,96.54,52.22,12.78,23.15,31.85,101.135,28.05
2023-03-24,310.89,96.52,52.61,12.91,23.305,32.845,101.155,27.88
2023-03-27,308.76,96.58,53.212,12.645,22.97,32.885,101.17,27.22
2023-03-28,307.12,96.44,53.52,12.435,22.74,32.975,101.185,27.07
2023-03-29,312.72,98.26,53.95,13.115,23.575,33.455,101.17,26.69
2023-03-30,315.68,99.12,54.1,13.47,23.99,33.6,101.22,26.79
2023-03-31,320.93,100.65,54.53,14.13,24.785,33.845,101.22,26.82
2023-04-03,320.15,100.29,55.79,14.03,24.66,33.615,101.23,26.47
2023-04-04,319.07,99.81,55.12,13.89,24.495,33.785,101.26,27.07
2023-04-05,315.92,98.74,55.82,13.445,23.985,34.66,101.3,27.16
2023-04-06,318.05,98.75,55.64,13.715,24.33,34.905,101.31,26.95
2023-04-10,317.87,99.43,55.86,13.685,24.275,34.835,101.325,26.63
2023-04-11,315.83,99.49,56.06,13.42,23.965,34.865,101.344,26.59
2023-04-12,313.04,98.47,56.206,13.065,23.53,34.83,101.36,26.48
2023-04-13,319.17,99.79,56.7,13.815,24.45,34.835,101.38,26.14
2023-04-14,318.57,99.34,56.44,13.735,24.345,34.445,101.405,26.34
2023-04-17,318.84,99.71,56.31,13.75,24.37,34.635,101.405,25.96
2023-04-18,318.86,99.71,56.43,13.76,24.385,34.455,101.39,26.07
2023-04-19,318.71,99.45,56.19,13.73,24.355,34.72,101.42,26.19
2023-04-20,316.28,98.93,56.16,13.41,23.98,34.71,101.46,26.53
2023-04-21,316.61,98.97,56.18,13.435,24.01,34.81,101.48,26.52
2023-04-24,315.95,98.95,56.56,13.355,23.905,34.985,101.5,26.51
2023-04-25,309.99,96.86,56.11,12.6,23.01,34.95,101.52,27.49
2023-04-26,311.87,96.13,55.19,12.81,23.27,34.13,101.55,27.1
2023-04-27,320.35,97.72,55.74,13.845,24.535,34.54,101.555,26.87
2023-04-28,322.56,98.64,56.11,14.125,24.87,34.49,101.57,26.78
2023-05-01,322.19,98.31,56.17,14.085,24.805,34.55,101.585,26.41
2023-05-02,319.38,97.14,55.18,13.71,24.36,34.13,101.61,26.85
2023-05-03,317.29,96.8,54.88,13.44,24.06,34.035,101.615,27.21
2023-05-04,316.17,96.65,54.39,13.29,23.875,34.295,101.63,27.77
2023-05-05,322.89,98.29,55.29,14.105,24.875,34.515,101.655,26.95
2023-05-08,323.69,98.48,55.39,14.22,24.99,34.41,101.67,26.76
2023-05-09,321.64,97.79,55.31,13.945,24.675,34.365,101.69,26.78
2023-05-10,325.14,98.35,55.25,14.395,25.21,34.68,101.71,26.46
2023-05-11,326.2,98.2,54.95,14.515,25.36,34.325,101.76,26.31
2023-05-12,325.03,98.03,55.04,14.365,25.175,34.515,101.77,26.39
2023-05-15,326.79,98.91,55.08,14.585,25.445,34.08,101.78,26.17
2023-05-16,327.16,97.97,54.32,14.64,25.49,33.325,101.775,26.64
2023-05-17,331.12,99.11,54.76,15.165,26.115,33.205,101.791,26.19
2023-05-18,337.27,100.73,54.81,15.98,27.055,33.105,101.82,25.84
2023-05-19,336.51,100.43,55.03,15.87,26.935,33.055,101.785,26.23
2023-05-22,337.64,100.93,54.73,16.035,27.095,33.065,101.835,26.06
2023-05-23,333.36,99.56,54.49,15.415,26.415,32.95,101.835,26.15
2023-05-24,331.65,98.96,54.28,15.165,26.135,32.735,101.87,26.15
2023-05-25,339.72,99.49,53.78,16.26,27.39,32.295,101.895,25.93
2023-05-26,348.4,102.0,53.67,17.49,28.795,32.295,101.89,25.41
2023-05-30,349.98,101.96,53.33,17.735,29.04,32.17,101.905,25.25
2023-05-31,347.99,101.58,53.02,17.375,28.66,32.465,101.94,24.98
2023-06-01,352.01,102.27,53.54,18.005,29.37,32.225,101.975,24.17
2023-06-02,354.65,103.4,54.51,18.41,29.8,32.56,102.01,23.67
2023-06-05,354.9,103.48,54.59,18.45,29.835,32.715,102.005,23.45
2023-06-06,354.84,103.71,54.52,18.43,29.825,32.69,102.025,22.59
2023-06-07,348.82,102.62,54.78,17.49,28.8,33.245,102.04,22.82
2023-06-08,353.15,103.49,55.08,18.09,29.495,33.39,102.1,22.35
2023-06-09,354.5,103.69,55.1,18.31,29.71,33.195,102.09,22.31
2023-06-12,360.49,105.03,54.98,19.245,30.725,33.135,102.12,22.29
2023-06-13,363.26,106.06,55.33,19.675,31.175,33.13,102.11,22.24
2023-06-14,365.9,106.23,54.728,20.095,31.63,33.11,102.11,22.04
2023-06-15,370.26,107.52,55.47,20.8,32.36,33.47,102.11,22.18
2023-06-16,367.93,107.0,55.34,20.4,31.94,33.65,102.2,21.81
2023-06-20,366.9,106.03,54.64,20.3,31.865,32.99,102.215,22.12
2023-06-21,361.9,104.99,54.95,19.425,30.995,33.255,102.235,21.91
2023-06-22,366.17,105.25,54.97,20.07,31.71,33.0,102.27,21.76
2023-06-23,362.54,103.99,54.71,19.475,31.07,32.515,102.26,21.93
2023-06-26,357.68,103.82,54.87,18.705,30.235,32.835,102.255,21.65
2023-06-27,363.83,105.46,55.05,19.63,31.265,32.845,102.29,21.12
2023-06-28,364.54,105.64,54.98,19.75,31.37,32.36,102.31,20.58
2023-06-29,363.81,105.6,55.47,19.615,31.23,32.36,102.34,20.91
2023-06-30,369.42,106.9,55.94,20.5,32.19,32.72,102.365,20.48
2023-07-03,370.29,107.28,55.96,20.64,32.345,32.965,102.38,20.52
2023-07-05,370.28,106.93,55.72,20.625,32.32,33.34,102.43,20.5
2023-07-06,367.46,105.51,55.13,20.14,31.82,32.935,102.445,20.95
2023-07-07,366.24,105.49,54.94,19.935,31.59,32.695,102.48,20.68
2023-07-10,366.36,107.37,55.33,19.95,31.63,32.555,102.5,20.34
2023-07-11,368.17,108.23,55.69,20.235,31.92,32.96,102.52,20.25
2023-07-12,372.82,108.87,55.66,20.985,32.73,33.44,102.52,19.8
2023-07-13,379.15,110.05,55.43,22.03,33.805,33.555,102.56,19.83
2023-07-14,379.07,109.64,55.265,22.01,33.79,33.425,102.583,19.71
2023-07-17,382.61,110.93,55.37,22.62,34.405,33.04,102.6,19.77
2023-07-18,385.74,111.44,55.66,23.16,34.98,32.785,102.6,19.75
2023-07-19,385.65,111.56,55.85,23.16,34.89,33.12,102.585,20.01
2023-07-20,376.76,110.28,56.65,21.535,33.31,33.725,102.61,20.09
2023-07-21,375.63,110.6,56.879,21.345,33.105,34.23,102.61,19.89
2023-07-24,376.23,110.28,57.006,21.43,33.21,34.14,102.665,19.67
2023-07-25,378.78,110.75,57.028,21.86,33.67,34.2,102.68,19.6
2023-07-26,377.52,110.46,56.87,21.635,33.435,34.2,102.69,19.33
2023-07-27,376.62,110.05,56.549,21.45,33.25,33.595,102.721,19.75
2023-07-28,383.48,111.82,56.709,22.61,34.455,33.52,102.75,19.47
2023-07-31,383.68,112.15,56.924,22.655,34.515,33.535,102.735,19.37
2023-08-01,382.79,111.65,56.884,22.48,34.32,33.125,102.75,19.58
2023-08-02,374.39,109.28,56.73,21.01,32.8,33.125,102.789,20.23
2023-08-03,373.79,109.1,56.72,20.86,32.68,32.37,102.83,20.13
2023-08-04,372.04,108.45,56.49,20.57,32.365,31.995,102.85,20.42
2023-08-07,375.19,109.37,57.01,21.08,32.915,31.99,102.818,19.89
2023-08-08,372.0,108.26,57.8,20.54,32.34,32.14,102.85,20.24
2023-08-09,367.91,107.7,58.02,19.855,31.62,32.21,102.9,20.21
2023-08-10,368.59,107.92,58.016,19.945,31.725,32.11,102.92,20.23
2023-08-11,366.24,107.14,58.536,19.545,31.31,32.285,102.93,19.9
2023-08-14,370.35,107.95,58.79,20.195,32.02,32.03,102.965,19.76
2023-08-15,366.42,106.61,58.15,19.575,31.325,31.51,102.97,20.35
2023-08-16,362.54,105.54,57.97,18.925,30.645,31.65,103.01,20.53
2023-08-17,358.58,104.35,57.788,18.285,29.96,31.58,103.04,20.79
2023-08-18,358.13,104.42,58.054,18.2,29.88,31.745,103.07,20.6
2023-08-21,363.9,105.54,58.073,19.08,30.85,31.545,103.066,20.43
2023-08-22,363.38,105.47,57.792,18.995,30.755,31.635,103.095,20.58
2023-08-23,369.11,106.71,57.94,19.89,31.715,31.76,103.095,20.34
2023-08-24,361.22,104.34,57.54,18.58,30.32,31.575,103.16,20.65
2023-08-25,364.02,105.29,57.894,19.02,30.815,31.815,103.165,20.11
2023-08-28,366.76,106.07,58.136,19.445,31.28,31.81,103.17,19.78
2023-08-29,374.77,108.07,58.42,20.685,32.62,31.93,103.17,19.49
2023-08-30,376.86,108.73,58.482,21.03,32.98,31.785,103.2,19.32
2023-08-31,377.99,108.66,58.271,21.22,33.14,31.48,103.21,19.09
2023-09-01,377.59,109.03,58.819,21.145,33.095,31.32,103.25,19.05
2023-09-05,378.07,108.56,58.6,21.2,33.155,30.84,103.31,18.94
2023-09-06,374.74,108.4,58.43,20.64,32.57,30.91,103.32,19.18
2023-09-07,372.06,107.66,58.717,20.19,32.08,31.315,103.355,18.96
2023-09-08,372.58,107.6,59.168,20.25,32.155,31.59,103.35,18.78
2023-09-11,376.97,108.45,59.12,20.94,32.915,31.72,103.364,18.44
2023-09-12,372.79,107.62,59.67,20.27,32.185,31.76,103.375,18.55
2023-09-13,374.21,107.51,59.379,20.47,32.42,32.14,103.39,18.47
2023-09-14,377.27,108.53,59.95,20.95,32.935,32.61,103.44,18.15
2023-09-15,370.81,106.75,59.17,19.875,31.78,32.47,103.465,18.51
2023-09-18,370.66,106.68,58.99,19.92,31.86,32.185,103.455,18.45
2023-09-19,369.87,106.32,58.913,19.8,31.72,32.01,103.49,18.29
2023-09-20,364.54,105.39,58.36,18.875,30.8,32.04,103.495,18.58
2023-09-21,357.86,103.51,57.22,17.8,29.635,31.705,103.53,19.09
2023-09-22,357.91,103.39,57.46,17.815,29.66,31.645,103.41,19.13
2023-09-25,359.61,103.63,57.62,18.05,29.925,31.6,103.55,19.17
2023-09-26,354.21,102.39,57.0,17.245,29.015,30.655,103.6,19.97
2023-09-27,355.04,102.95,57.2,17.35,29.17,30.065,103.605,19.71
2023-09-28,358.01,103.89,57.79,17.77,29.63,29.415,103.64,19.26
2023-09-29,358.27,103.99,57.282,17.81,29.675,29.465,103.68,19.41
2023-10-02,361.26,103.7,57.28,18.235,30.15,28.095,103.67,19.38
2023-10-03,354.92,101.98,56.45,17.27,29.085,28.42,103.72,20.45
2023-10-04,359.75,103.09,56.91,17.97,29.87,28.39,103.75,20.11
2023-10-05,358.69,102.48,56.89,17.78,29.675,28.225,103.775,20.06
2023-10-06,364.7,104.18,57.92,18.675,30.655,28.625,103.84,19.71
2023-10-09,366.56,104.78,58.16,18.95,30.975,28.91,103.81,19.8
2023-10-10,368.59,105.85,58.74,19.26,31.295,29.305,103.84,19.42
2023-10-11,371.22,106.07,59.2,19.67,31.75,29.78,103.85,19.18
2023-10-12,369.93,105.07,58.93,19.44,31.495,29.32,103.875,19.56
2023-10-13,365.28,104.21,58.247,18.705,30.715,29.65,103.89,20.68
2023-10-16,369.41,105.54,58.997,19.335,31.42,29.955,103.895,19.95
2023-10-17,368.2,105.54,58.792,19.15,31.205,29.875,103.95,20.24
2023-10-18,363.37,103.9,57.84,18.34,30.325,29.615,103.945,20.8
2023-10-19,359.97,102.49,57.34,17.85,29.78,29.32,103.965,21.48
2023-10-20,354.6,101.04,56.56,17.045,28.895,29.015,103.972,21.71
2023-10-23,355.67,100.82,56.95,17.195,29.05,28.77,104.015,21.16
2023-10-24,359.13,101.79,57.38,17.68,29.63,29.51,104.05,20.65
2023-10-25,350.34,99.41,56.38,16.385,28.16,29.675,104.07,21.43
2023-10-26,343.66,98.33,55.69,15.43,27.075,29.93,104.14,21.5
2023-10-27,345.31,97.89,55.415,15.65,27.335,29.365,104.14,21.9
2023-10-30,349.2,98.19,56.11,16.155,27.925,29.59,104.17,20.97
2023-10-31,350.87,99.07,56.14,16.39,28.21,29.845,104.17,20.36
2023-11-01,356.96,100.06,56.99,17.235,29.19,30.185,104.19,19.68
2023-11-02,363.44,102.13,58.03,18.15,30.225,30.75,104.24,19.31
2023-11-03,367.71,103.89,58.65,18.79,30.925,30.93,104.28,19.04
2023-11-06,369.21,103.44,59.1,19.005,31.165,30.85,104.26,18.57
2023-11-07,372.7,104.28,59.16,19.54,31.745,30.625,104.275,18.51
2023-11-08,372.94,103.72,59.54,19.575,31.795,30.4,104.275,18.26
2023-11-09,370.07,102.81,59.15,19.11,31.29,30.0,104.31,18.63
2023-11-10,378.39,104.65,60.383,20.385,32.66,30.16,104.35,18.14
2023-11-13,377.21,104.41,60.66,20.2,32.465,29.8,104.33,18.19
2023-11-14,385.33,107.4,61.65,21.47,33.85,30.99,104.325,18.18
2023-11-15,385.62,107.72,61.37,21.53,33.895,30.895,104.38,18.0
2023-11-16,385.95,107.3,61.33,21.565,33.955,31.06,104.43,17.79
2023-11-17,386.04,107.71,61.69,21.58,33.95,31.145,104.445,17.68
2023-11-20,390.74,109.03,62.34,22.35,34.78,31.05,104.45,17.64
2023-11-21,388.47,108.36,62.09,21.945,34.335,31.115,104.47,17.4
2023-11-22,390.06,108.7,62.09,22.2,34.63,31.265,104.535,17.52
2023-11-24,389.51,109.0,62.026,22.09,34.51,31.345,104.55,17.12
2023-11-27,389.17,108.72,61.802,22.025,34.45,31.395,104.58,17.3
2023-11-28,390.19,108.89,61.65,22.2,34.62,31.495,104.6,17.16
2023-11-29,389.81,109.53,61.525,22.12,34.54,31.245,104.605,17.39
2023-11-30,388.83,109.61,61.65,21.935,34.355,31.38,104.61,17.21
2023-12-01,389.94,110.78,61.89,22.12,34.555,31.765,104.68,17.1
2023-12-04,386.32,110.11,61.5,21.49,33.89,31.64,104.68,17.28
2023-12-05,387.29,109.4,61.295,21.645,34.055,31.415,104.65,17.28
2023-12-06,385.05,109.24,61.05,21.26,33.66,31.835,104.7,17.28
2023-12-07,390.43,110.33,61.49,22.15,34.605,31.765,104.745,17.24
2023-12-08,392.17,110.56,62.117,22.415,34.875,31.705,104.77,16.93
2023-12-11,395.52,112.64,62.64,22.985,35.475,31.91,104.76,16.73
2023-12-12,398.67,113.22,63.209,23.54,36.04,31.78,104.8,16.47
2023-12-13,403.74,115.43,64.0,24.37,36.94,32.98,104.77,16.24
2023-12-14,403.39,116.3,64.069,24.33,36.86,32.55,104.81,16.11
2023-12-15,405.34,116.15,64.24,24.62,37.13,31.985,104.845,16.46
2023-12-18,407.08,116.41,64.67,25.135,37.67,31.615,104.85,16.61
2023-12-19,409.16,117.24,65.2,25.51,38.04,31.795,104.86,16.97
2023-12-20,403.08,115.26,64.17,24.27,36.855,31.15,104.87,17.55
2023-12-21,407.77,116.91,64.92,25.075,37.71,31.205,104.897,17.34
2023-12-22,408.38,117.04,65.04,25.175,37.815,31.31,104.965,17.26
2023-12-26,410.88,117.91,65.43,25.635,38.255,31.5,104.96,17.11
2023-12-27,411.5,118.13,65.63,25.77,38.4,31.48,104.99,16.74
2023-12-28,411.3,118.07,65.64,25.705,38.33,31.705,105.05,16.71
2023-12-29,409.52,117.45,65.496,25.35,38.0,31.665,105.15,16.75
2024-01-02,402.59,116.17,64.89,24.065,36.72,32.125,105.11,16.7
2024-01-03,398.33,114.61,64.34,23.295,35.935,32.245,105.15,16.89
2024-01-04,396.28,114.16,64.4,22.905,35.54,32.145,105.23,16.79
2024-01-05,396.75,114.29,64.82,22.99,35.63,32.265,105.225,16.45
2024-01-08,404.95,116.25,65.784,24.375,37.09,32.5,105.2,16.21
2024-01-09,405.75,116.41,65.842,24.535,37.235,32.235,105.25,16.02
2024-01-10,408.5,116.72,66.46,25.02,37.72,32.23,105.24,15.85
2024-01-11,409.35,116.7,66.83,25.14,37.84,31.48,105.27,15.94
2024-01-12,409.56,116.7,66.835,25.17,37.89,31.66,105.32,16.0
2024-01-16,409.52,116.34,66.62,25.155,37.875,31.315,105.36,16.39
2024-01-17,407.21,115.62,66.24,24.72,37.43,30.86,105.385,16.57
2024-01-18,412.99,116.95,67.25,25.78,38.5,30.53,105.41,16.24
2024-01-19,421.18,118.85,68.25,27.27,39.995,30.49,105.44,15.99
2024-01-22,421.73,119.36,68.46,27.38,40.095,30.335,105.43,15.71
2024-01-23,423.48,119.81,68.4,27.705,40.415,30.39,105.44,15.45
2024-01-24,425.83,119.71,69.058,28.16,40.845,29.975,105.47,15.64
2024-01-25,426.35,120.15,69.55,28.24,40.925,30.515,105.52,15.75
2024-01-26,423.81,119.48,69.35,27.72,40.425,30.605,105.5,15.66
2024-01-29,428.15,120.68,70.0,28.535,41.265,30.8,105.53,15.68
2024-01-30,425.3,119.93,70.15,27.965,40.69,30.79,105.56,15.71
2024-01-31,416.97,118.26,69.19,26.32,39.1,30.725,105.52,16.11
2024-02-01,421.88,119.56,70.52,27.25,40.03,31.31,105.61,16.0
2024-02-02,429.01,119.98,72.52,28.62,41.37,30.745,105.64,16.06
2024-02-05,428.45,119.5,72.91,28.475,41.22,30.105,105.64,15.83
2024-02-06,427.59,119.75,72.7,28.31,41.07,30.215,105.665,15.66
2024-02-07,431.99,120.65,73.74,29.155,41.895,30.235,105.63,15.67
2024-02-08,432.79,121.08,73.83,29.275,42.03,30.02,105.67,15.62
2024-02-09,437.05,121.59,74.25,30.135,42.84,30.135,105.71,15.71
2024-02-12,435.34,121.62,74.21,29.78,42.49,30.485,105.69,16.02
2024-02-13,428.55,119.48,73.45,28.37,41.155,29.98,105.75,16.35
2024-02-14,433.22,120.87,74.64,29.27,42.06,30.145,105.76,16.14
2024-02-15,434.51,121.89,75.16,29.515,42.27,30.65,105.83,16.16
2024-02-16,430.57,120.91,74.87,28.705,41.505,30.615,105.82,16.09
2024-02-20,427.32,120.3,73.93,28.04,40.87,30.595,105.87,16.23
2024-02-21,425.61,119.46,73.59,27.69,40.53,31.0,105.89,16.02
2024-02-22,438.07,122.21,76.44,30.085,42.895,30.76,105.96,16.06
2024-02-23,436.78,121.81,76.55,29.81,42.62,30.98,105.96,15.8
2024-02-26,436.55,122.05,76.63,29.77,42.57,30.37,105.97,15.62
2024-02-27,437.6,122.61,76.71,29.955,42.775,30.945,105.99,15.52
2024-02-28,435.27,122.05,76.68,29.47,42.29,31.04,106.0,15.68
2024-02-29,439.0,122.84,77.14,30.18,43.02,31.05,106.05,15.58
2024-03-01,445.61,124.1,78.7,31.565,44.305,30.86,106.055,15.62
2024-03-04,444.02,123.67,78.91,31.19,43.945,31.38,106.06,15.79
2024-03-05,436.05,121.79,78.3,29.52,42.38,31.29,106.08,16.08
2024-03-06,438.79,122.91,79.02,30.065,42.9,31.59,106.1,16.06
2024-03-07,445.45,124.21,80.43,31.405,44.19,31.795,106.115,16.13
2024-03-08,439.02,122.85,79.0,30.03,42.88,31.875,106.135,16.3
2024-03-11,437.39,122.91,78.03,29.68,42.555,32.035,106.155,16.27
2024-03-12,443.66,123.84,79.64,30.94,43.79,31.725,106.16,16.08
2024-03-13,440.25,122.82,79.42,30.22,43.08,31.94,106.155,16.04
2024-03-14,439.14,121.96,78.84,29.975,42.855,31.685,106.22,16.37
2024-03-15,433.92,120.92,78.59,28.88,41.82,31.73,106.23,16.52
2024-03-18,437.48,121.73,79.03,29.695,42.61,31.615,106.255,16.29
2024-03-19,438.57,122.11,79.58,29.9,42.81,31.895,106.275,16.05
2024-03-20,443.77,123.37,80.44,30.85,43.8,31.935,106.27,15.82
2024-03-21,445.87,124.06,80.75,31.25,44.18,31.885,106.33,15.88
2024-03-22,446.38,123.38,80.83,31.315,44.255,31.93,106.32,15.94
2024-03-25,444.76,123.07,80.58,30.995,43.945,32.08,106.31,15.91
2024-03-26,443.32,122.89,80.15,30.705,43.66,31.715,106.41,15.8
2024-03-27,444.83,124.02,80.3,30.975,43.95,32.6,106.44,15.71
2024-03-28,444.01,123.9,80.22,30.78,43.74,32.825,106.46,15.85
2024-04-01,444.95,123.58,80.11,30.97,43.945,32.625,106.52,15.83
2024-04-02,441.11,122.25,79.65,30.14,43.165,32.68,106.51,16.02
2024-04-03,442.1,122.31,80.08,30.34,43.335,32.55,106.51,15.96
2024-04-04,435.34,120.53,79.01,28.91,41.985,32.485,106.56,16.29
2024-04-05,440.47,121.71,80.45,29.93,42.985,32.58,106.53,16.29
2024-04-08,440.6,121.86,80.15,29.95,43.01,32.795,106.57,16.08
2024-04-09,442.23,122.64,79.81,30.26,43.31,32.975,106.58,16.06
2024-04-10,438.37,120.71,79.25,29.465,42.52,32.41,106.58,16.24
2024-04-11,445.37,121.97,80.66,30.85,43.895,32.345,106.61,16.15
2024-04-12,438.27,119.69,79.32,29.36,42.475,32.1,106.67,16.64
2024-04-15,431.06,118.0,78.12,27.885,41.06,31.805,106.66,17.0
2024-04-16,431.1,117.87,78.06,27.89,41.06,31.385,106.68,16.6
2024-04-17,425.84,116.7,77.11,26.855,40.055,32.04,106.72,16.43
2024-04-18,423.41,116.01,76.65,26.375,39.565,32.22,106.74,16.6
2024-04-19,414.65,115.05,74.81,24.74,37.94,32.715,106.77,16.55
2024-04-22,418.82,116.26,75.68,25.46,38.685,33.015,106.78,15.9
2024-04-23,425.07,117.8,76.9,26.595,39.845,33.17,106.78,15.62
2024-04-24,426.51,118.24,76.72,26.855,40.105,33.37,106.807,15.59
2024-04-25,424.45,118.18,76.11,26.425,39.68,33.46,106.85,15.51
2024-04-26,431.0,118.78,77.06,27.64,40.915,33.095,106.88,15.51
2024-04-29,432.75,119.36,77.03,27.97,41.23,33.545,106.88,15.27
2024-04-30,424.59,117.2,75.85,26.37,39.66,33.37,106.9,15.37
2024-05-01,421.52,116.39,75.52,25.8,39.075,33.755,106.915,15.63
2024-05-02,426.9,117.66,76.38,26.755,40.06,33.935,106.965,15.23
2024-05-03,435.48,119.08,77.82,28.35,41.66,34.205,106.99,14.99
2024-05-06,440.25,119.92,79.15,29.28,42.59,34.38,107.01,14.71
2024-05-07,440.32,119.96,79.24,29.28,42.57,34.77,107.0,14.72
2024-05-08,440.06,119.64,79.23,29.225,42.525,35.135,107.03,14.67
2024-05-09,441.02,120.18,79.44,29.385,42.68,35.67,107.08,14.55
2024-05-10,442.06,120.46,79.55,29.585,42.885,35.635,107.12,14.45
2024-05-13,443.08,120.88,79.35,29.78,43.075,35.635,107.13,14.49
2024-05-14,445.93,121.36,79.82,30.335,43.61,35.73,107.13,14.32
2024-05-15,452.9,122.82,81.33,31.735,44.95,36.265,107.12,14.01
2024-05-16,451.98,122.84,80.86,31.54,44.765,36.14,107.2,14.06
2024-05-17,451.76,122.69,80.75,31.47,44.72,36.17,107.21,13.92
2024-05-20,454.91,123.42,81.2,32.12,45.33,36.11,107.215,13.88
2024-05-21,455.8,123.3,81.43,32.285,45.485,36.435,107.23,13.83
2024-05-22,455.71,123.39,81.32,32.265,45.47,36.005,107.24,13.98
2024-05-23,453.66,122.13,81.48,31.785,45.03,35.395,107.29,14.06
2024-05-24,457.95,122.96,82.32,32.675,45.88,35.75,107.325,13.87
2024-05-28,459.68,122.01,82.74,33.03,46.205,35.715,107.32,13.99
2024-05-29,456.44,120.72,82.51,32.34,45.555,35.255,107.325,14.19
2024-05-30,451.55,120.23,81.23,31.3,44.56,35.73,107.33,14.08
2024-05-31,450.71,120.51,81.42,31.265,44.56,36.36,107.38,13.9
2024-06-03,453.13,120.33,81.94,31.57,44.845,35.945,107.39,13.97
2024-06-04,454.37,120.3,82.03,31.805,45.07,35.93,107.41,14.06
2024-06-05,463.53,122.17,83.9,33.725,46.89,35.725,107.43,14.02
2024-06-06,463.37,122.09,83.8,33.685,46.85,35.355,107.455,14.14
2024-06-07,462.96,121.72,83.89,33.56,46.74,34.97,107.47,14.06
2024-06-10,464.83,122.18,84.41,33.915,47.11,35.42,107.47,14.06
2024-06-11,468.02,122.29,85.08,34.615,47.735,35.205,107.48,14.06
2024-06-12,474.15,123.26,86.19,35.98,48.99,34.975,107.5,14.1
2024-06-13,476.72,122.74,86.96,36.555,49.495,35.055,107.53,14.13
2024-06-14,479.19,122.81,87.43,37.085,49.985,34.97,107.59,14.3
2024-06-17,485.06,124.07,88.37,38.43,51.2,34.585,107.6,14.32
2024-06-18,485.21,124.09,88.63,38.45,51.215,34.6,107.66,14.39
2024-06-20,481.47,123.68,87.97,37.545,50.4,34.9,107.65,14.79
2024-06-21,480.18,124.06,87.36,37.2,50.1,34.695,107.72,14.54
2024-06-24,473.96,123.57,86.19,35.94,48.975,34.87,107.75,14.41
2024-06-25,479.38,124.02,87.35,37.14,50.09,34.54,107.76,14.33
2024-06-26,480.37,123.49,87.71,37.23,50.24,34.395,107.72,14.33
2024-06-27,481.61,123.54,87.98,37.5,50.47,34.455,107.74,14.18
2024-06-28,479.11,123.29,87.46,36.91,49.905,34.07,107.815,14.33
2024-07-01,481.92,123.07,88.0,37.515,50.515,33.835,107.83,13.97
2024-07-02,486.98,124.11,88.53,38.665,51.56,34.01,107.82,13.95
2024-07-03,491.04,124.3,89.26,39.615,52.395,34.215,107.87,14.09
2024-07-05,496.16,125.24,90.17,40.815,53.46,34.275,107.92,14.07
2024-07-08,497.34,125.19,90.44,41.085,53.725,34.31,107.94,14.03
2024-07-09,497.77,124.78,90.63,41.175,53.78,34.41,107.95,14.05
2024-07-10,502.96,125.77,91.64,42.465,54.915,34.735,107.93,13.92
2024-07-11,491.93,125.22,89.73,39.675,52.47,35.37,107.98,14.1
2024-07-12,494.82,126.34,89.99,40.32,53.065,35.63,108.03,14.0
2024-07-15,496.15,126.56,90.32,40.62,53.36,34.765,108.05,14.14
2024-07-16,496.34,127.8,90.16,40.65,53.39,35.035,108.06,14.15
2024-07-17,481.77,125.45,87.12,37.075,50.245,35.055,108.06,14.33
2024-07-18,479.49,124.31,86.84,36.52,49.75,35.025,108.1,14.48
2024-07-19,475.24,123.26,86.35,35.53,48.845,35.065,108.15,14.52
2024-07-22,482.32,124.71,87.64,37.08,50.275,35.36,108.17,14.29
2024-07-23,480.62,123.64,87.9,36.68,49.93,35.14,108.19,14.35
2024-07-24,463.38,120.66,84.79,32.725,46.32,35.535,108.19,14.95
2024-07-25,458.27,120.11,83.76,31.635,45.305,35.24,108.19,15.0
2024-07-26,462.97,121.23,84.72,32.54,46.22,35.585,108.26,14.71
2024-07-29,463.9,121.64,84.51,32.73,46.36,35.745,108.27,14.47
2024-07-30,457.53,120.87,83.25,31.395,45.08,35.93,108.29,14.55
2024-07-31,471.07,122.89,86.0,34.14,47.755,36.395,108.3,14.4
2024-08-01,459.66,120.19,84.46,31.68,45.445,37.05,108.3,14.91
2024-08-02,448.75,117.06,82.2,29.37,43.25,37.11,108.31,16.24
2024-08-05,435.37,114.59,79.58,26.81,40.745,36.13,108.32,19.91
2024-08-06,439.53,115.37,80.86,27.48,41.45,36.435,108.32,16.94
2024-08-07,434.77,114.52,80.07,26.595,40.53,36.64,108.35,16.97
2024-08-08,448.07,117.6,82.79,29.03,43.02,36.68,108.385,16.37
2024-08-09,450.41,117.67,83.62,29.425,43.455,36.805,108.43,15.46
2024-08-12,451.38,117.37,84.03,29.625,43.615,36.87,108.43,15.38
2024-08-13,462.58,119.74,85.98,31.78,45.765,37.085,108.15,14.7
2024-08-14,462.73,119.59,86.5,31.835,45.8,37.06,108.18,14.34
2024-08-15,474.42,122.34,88.52,34.23,48.09,37.055,108.21,14.27
2024-08-16,475.03,122.84,88.39,34.32,48.175,37.22,108.25,14.42
2024-08-19,481.27,124.22,89.39,35.65,49.44,37.465,108.27,14.41
2024-08-20,480.26,123.63,89.38,35.43,49.22,37.385,108.25,14.75
2024-08-21,482.5,124.66,89.83,35.915,49.695,37.65,108.3,14.69
2024-08-22,474.85,123.06,88.76,34.19,48.08,37.605,108.3,14.92
2024-08-23,480.0,124.49,89.61,35.265,49.115,37.71,108.37,14.63
2024-08-26,475.34,123.51,88.86,34.23,48.145,37.955,108.36,14.45
2024-08-27,476.76,123.63,89.22,34.52,48.43,37.655,108.4,14.4
2024-08-28,471.35,122.59,88.48,33.35,47.31,37.655,108.43,14.53
2024-08-29,470.66,122.89,88.02,33.175,47.165,37.86,108.42,14.56
2024-08-30,476.27,124.37,89.25,34.305,48.275,38.145,108.49,14.42
2024-09-03,461.81,121.4,86.45,31.175,45.31,38.09,108.53,15.38
2024-09-04,460.61,120.75,86.13,30.91,45.07,38.415,108.53,15.86
2024-09-05,461.04,120.37,85.86,31.01,45.16,38.32,108.54,15.31
2024-09-06,448.69,118.24,83.92,28.495,42.72,37.955,108.57,15.98
2024-09-09,454.46,119.45,85.11,29.555,43.79,38.34,108.59,15.71
2024-09-10,458.66,120.03,85.66,30.35,44.585,38.52,108.62,15.44
2024-09-11,468.62,121.46,87.73,32.285,46.485,38.64,108.62,15.03
2024-09-12,473.22,122.03,88.8,33.24,47.435,38.725,108.63,14.98
2024-09-13,475.34,123.01,89.08,33.675,47.815,39.27,108.68,14.99
2024-09-16,473.24,123.1,88.79,33.225,47.38,39.57,108.69,15.08
2024-09-17,473.49,122.99,88.65,33.245,47.43,39.54,108.69,15.09
2024-09-18,471.44,122.43,88.35,32.81,46.985,39.24,108.74,15.01
2024-09-19,483.36,124.87,90.59,35.29,49.385,39.01,108.76,14.58
2024-09-20,482.44,124.08,90.53,35.065,49.16,40.04,108.81,14.78
2024-09-23,483.04,124.47,90.94,35.325,49.42,40.165,108.82,14.87
2024-09-24,485.37,124.82,91.16,35.825,49.89,39.88,108.84,14.8
2024-09-25,485.82,124.3,91.25,35.835,49.985,40.09,108.86,14.93
2024-09-26,489.47,125.74,91.06,36.595,50.695,39.815,108.87,14.88
2024-09-27,486.75,125.67,90.34,35.965,50.1,40.21,108.89,15.25
2024-09-30,488.07,125.45,90.64,36.245,50.35,40.39,108.93,15.11
2024-10-01,481.27,124.09,89.97,34.71,48.925,40.715,108.94,15.4
2024-10-02,481.95,124.4,90.32,34.84,49.09,40.735,108.97,15.51
2024-10-03,481.59,124.03,90.31,34.76,49.01,40.72,108.98,15.78
2024-10-04,487.32,125.42,91.69,35.985,50.175,40.655,109.035,15.44
2024-10-07,482.1,124.45,91.04,34.8,49.045,39.72,109.03,16.16
2024-10-08,489.3,125.53,92.14,36.31,50.51,39.74,109.07,15.7
2024-10-09,493.15,126.55,92.94,37.185,51.295,39.4,109.08,15.42
2024-10-10,492.59,126.71,92.7,37.055,51.185,39.28,109.08,15.43
2024-10-11,493.36,127.77,93.67,37.15,51.29,39.625,109.13,15.35
2024-10-14,497.5,128.72,94.22,38.1,52.15,40.125,109.12,14.99
2024-10-15,490.85,126.64,93.21,36.58,50.75,40.305,109.16,15.07
2024-10-16,490.91,126.93,93.67,36.56,50.765,41.105,109.17,15.05
2024-10-17,491.25,126.58,94.05,36.67,50.845,40.74,109.17,15.01
2024-10-18,494.47,127.11,94.07,37.32,51.465,40.975,109.24,14.61
2024-10-21,495.42,126.77,94.16,37.525,51.66,40.815,109.25,14.67
2024-10-22,495.96,126.32,93.88,37.635,51.76,40.67,109.27,14.63
2024-10-23,488.36,125.08,92.99,35.895,50.16,41.06,109.29,14.97
2024-10-24,492.32,125.48,92.93,36.75,50.965,40.795,109.29,14.91
2024-10-25,495.32,126.22,92.69,37.37,51.55,40.19,109.32,15.24
2024-10-28,495.4,126.4,93.02,37.405,51.57,40.505,109.37,14.88
2024-10-29,500.16,127.28,93.38,38.44,52.545,39.64,109.35,14.85
2024-10-30,496.38,125.64,92.74,37.585,51.75,39.545,109.39,14.99
2024-10-31,483.85,123.69,90.82,34.725,49.14,39.955,109.4,15.6
2024-11-01,487.43,124.67,91.42,35.465,49.825,39.065,109.44,15.66
2024-11-04,486.01,124.75,90.99,35.135,49.515,38.6,109.47,15.31
2024-11-05,492.21,125.98,92.49,36.47,50.78,39.18,109.465,14.92
2024-11-06,505.58,129.01,95.45,39.43,53.54,38.775,109.49,14.33
2024-11-07,513.54,130.69,96.04,41.275,55.225,38.845,109.52,14.16
2024-11-08,514.14,130.4,96.89,41.375,55.3,39.59,109.55,14.01
2024-11-11,513.84,130.81,96.74,41.3,55.23,39.7,109.56,13.97
2024-11-12,512.91,130.38,96.55,41.075,55.035,39.245,109.54,14.08
2024-11-13,512.25,130.4,96.57,40.895,54.88,39.175,109.55,14.03
2024-11-14,508.69,129.38,95.45,40.03,54.09,39.04,109.58,14.05
2024-11-15,496.57,126.19,93.9,37.135,51.475,39.625,109.61,14.36
2024-11-18,500.02,127.18,93.95,37.885,52.21,39.97,109.61,14.05
2024-11-19,503.46,127.29,94.62,38.645,52.905,40.225,109.62,14.15
2024-11-20,503.17,127.84,94.77,38.6,52.84,40.245,109.635,14.2
2024-11-21,504.98,129.71,95.52,38.98,53.225,40.945,109.64,14.19
2024-11-22,505.79,130.64,95.58,39.125,53.36,40.725,109.68,14.03
2024-11-25,506.59,132.0,95.52,39.305,53.525,40.8,109.71,13.78
2024-11-26,509.31,131.51,96.69,39.915,54.085,41.45,109.74,13.78
2024-11-27,505.3,130.8,96.11,38.95,53.225,41.45,109.76,13.78
2024-11-29,509.74,131.51,96.83,39.945,54.105,41.465,109.83,13.74
2024-12-02,515.29,132.42,96.77,41.24,55.285,40.575,109.82,13.82
2024-12-03,516.87,132.09,97.28,41.605,55.635,40.225,109.71,13.83
2024-12-04,523.26,133.68,98.21,43.125,56.99,40.22,109.83,14.06
2024-12-05,521.81,132.19,98.14,42.77,56.675,40.345,109.84,14.2
2024-12-06,526.48,133.3,98.7,43.87,57.665,39.845,109.9,14.01
2024-12-09,522.38,132.05,97.09,42.845,56.74,39.345,109.9,14.2
2024-12-10,520.6,131.01,96.37,42.38,56.325,39.06,109.93,14.19
2024-12-11,529.92,132.15,97.49,44.645,58.355,38.815,109.95,14.23
2024-12-12,526.5,131.78,96.71,43.76,57.59,38.795,109.94,14.3
2024-12-13,530.53,131.12,97.77,44.7,58.44,38.82,110.0,14.32
2024-12-16,538.17,131.6,98.55,46.645,60.125,38.51,110.04,14.44
2024-12-17,535.8,131.02,97.48,46.02,59.59,38.35,110.04,14.52
2024-12-18,516.47,126.21,94.31,41.045,55.29,37.445,110.03,15.35
2024-12-19,514.17,125.05,94.55,40.465,54.755,37.615,110.06,15.97
2024-12-20,518.66,126.44,95.58,41.515,55.725,38.215,110.09,14.83
2024-12-23,522.87,126.75,96.41,42.53,56.74,38.03,110.11,14.24
2024-12-24,529.96,128.21,97.54,44.22,58.27,38.24,110.12,13.9
2024-12-26,529.6,128.23,97.61,44.125,58.165,38.15,110.15,14.1
2024-12-27,522.56,127.09,96.59,42.33,56.58,38.04,110.19,14.41
2024-12-30,515.61,125.39,95.5,40.63,55.065,37.88,110.21,14.57
2024-12-31,511.23,124.96,95.01,39.565,54.12,37.845,110.28,14.46
2025-01-02,510.23,124.96,95.55,39.315,53.88,38.135,110.33,14.61
2025-01-03,518.58,126.88,96.89,41.2,55.64,38.54,110.35,14.36
2025-01-06,524.54,127.79,97.57,42.605,56.905,38.11,110.39,14.18
2025-01-07,515.18,126.63,96.25,40.31,54.855,38.015,110.4,14.62
2025-01-08,515.27,126.55,96.64,40.34,54.865,38.005,110.41,14.67
2025-01-10,507.19,124.78,95.58,38.415,53.115,37.79,110.46,15.19
2025-01-13,505.56,124.55,95.43,38.015,52.785,37.35,110.48,15.22
2025-01-14,505.08,125.38,95.5,37.88,52.66,37.84,110.5,14.97
2025-01-15,516.7,127.3,97.27,40.44,55.04,38.395,110.5,14.59
2025-01-16,513.08,127.73,97.57,39.615,54.305,39.365,110.52,14.41
2025-01-17,521.74,129.35,98.65,41.57,56.095,39.42,110.58,14.49
2025-01-21,524.8,130.29,100.06,42.26,56.7,40.025,110.58,14.35
2025-01-22,531.51,131.39,100.74,43.9,58.18,39.16,110.6,14.4
2025-01-23,532.64,131.32,101.44,44.17,58.435,39.345,110.62,14.29
2025-01-24,529.63,130.72,101.33,43.375,57.745,39.745,110.67,14.3
2025-01-27,514.21,129.04,98.19,39.57,54.33,38.825,110.67,14.6
2025-01-28,521.81,129.31,99.41,41.325,55.965,38.29,110.7,14.3
2025-01-29,520.83,129.75,99.1,41.07,55.74,38.37,110.7,14.28
2025-01-30,523.05,130.83,100.68,41.585,56.205,39.17,110.72,14.36
2025-01-31,522.29,130.92,100.04,41.36,56.005,38.94,110.77,14.66
2025-02-03,518.11,130.61,99.99,40.36,55.115,39.15,110.77,14.66
2025-02-04,524.47,131.09,100.62,41.825,56.46,38.805,110.79,14.48
2025-02-05,526.85,132.58,101.92,42.37,56.955,39.195,110.79,14.38
2025-02-06,529.6,132.93,102.87,43.005,57.53,39.15,110.82,14.4
2025-02-07,522.92,131.89,102.03,41.365,56.075,39.07,110.85,14.71
2025-02-10,529.25,133.17,102.79,42.82,57.395,39.495,110.84,14.54
2025-02-11,527.99,132.66,102.89,42.515,57.125,39.695,110.89,14.55
2025-02-12,528.3,132.66,102.4,42.6,57.19,39.625,110.89,14.6
2025-02-13,535.9,134.25,103.26,44.395,58.82,39.715,110.91,14.48
2025-02-14,538.15,134.79,103.06,44.915,59.27,39.55,110.97,14.63
2025-02-18,539.37,136.1,103.07,45.195,59.53,39.92,110.97,14.6
2025-02-19,539.52,136.0,103.09,45.2,59.56,40.13,110.98,14.64
2025-02-20,537.23,135.21,101.91,44.65,59.03,40.125,111.01,14.69
2025-02-21,526.08,132.54,99.91,41.855,56.57,40.135,111.02,15.09
2025-02-24,519.87,131.39,99.13,40.35,55.205,39.935,111.03,15.05
2025-02-25,513.32,130.34,98.94,38.81,53.805,39.735,111.04,15.02
2025-02-26,514.56,130.2,99.95,39.06,54.05,39.9,111.06,14.93
2025-02-27,500.27,127.65,98.0,35.82,51.07,39.015,111.07,15.24
2025-02-28,508.17,129.08,99.8,37.46,52.645,39.61,111.12,15.11
2025-03-03,497.05,127.33,97.66,35.04,50.395,39.665,111.14,15.69
2025-03-04,495.55,126.7,96.1,34.655,50.025,39.02,111.16,15.73
2025-03-05,502.01,128.18,97.22,36.005,51.335,38.745,111.18,15.51
2025-03-06,488.2,124.99,94.69,33.02,48.51,37.94,111.18,16.28
2025-03-07,491.79,126.01,94.54,33.705,49.18,38.645,111.22,15.81
2025-03-10,472.73,122.22,92.11,29.905,45.455,39.07,111.2,16.55
2025-03-11,471.6,121.34,91.98,29.555,45.125,38.705,111.24,16.49
2025-03-12,476.92,121.69,92.94,30.565,46.165,38.585,111.26,16.02
2025-03-13,468.34,119.84,91.76,28.895,44.475,38.68,111.25,16.34
2025-03-14,479.66,122.58,93.86,30.945,46.595,39.435,111.33,15.73
2025-03-17,482.77,124.51,94.56,31.545,47.195,39.6,111.31,15.58
2025-03-18,474.54,123.26,93.3,29.955,45.6,39.325,111.33,15.66
2025-03-19,480.89,124.17,94.49,31.12,46.76,39.47,111.34,15.45
2025-03-20,479.26,123.84,94.38,30.8,46.45,39.63,111.34,15.36
2025-03-21,480.84,123.61,94.22,31.09,46.78,39.375,111.38,15.28
2025-03-24,490.66,126.16,96.79,33.065,48.75,39.085,111.36,14.7
2025-03-25,493.46,126.26,97.27,33.655,49.33,38.46,111.38,14.89
2025-03-26,484.38,125.21,95.23,31.69,47.505,38.715,111.39,15.2
2025-03-27,481.62,123.86,94.41,31.15,46.94,38.705,111.43,15.16
2025-03-28,468.94,121.13,92.19,28.67,44.47,38.99,111.46,15.77
2025-03-31,468.92,120.93,92.53,28.65,44.44,39.425,111.49,15.85
2025-04-01,472.7,121.75,93.18,29.31,45.135,39.525,111.5,15.78
2025-04-02,476.15,122.62,94.14,29.965,45.795,39.71,111.51,15.65
2025-04-03,450.66,116.66,88.65,25.15,40.9,39.46,111.5,17.38
2025-04-04,422.67,109.09,82.32,20.545,35.905,37.265,111.57,18.46
2025-04-07,423.69,109.17,83.48,20.625,36.01,36.695,111.53,18.0
2025-04-08,416.06,106.81,82.66,19.45,34.67,36.545,111.56,18.54
2025-04-09,466.0,118.41,91.92,26.305,42.815,37.985,111.6,16.83
2025-04-10,446.18,113.55,88.31,23.07,39.315,37.7,111.6,18.78
2025-04-11,454.4,115.21,89.82,24.29,40.705,38.16,111.67,18.91
2025-04-14,457.48,116.35,90.22,24.8,41.27,38.845,111.68,18.25
2025-04-15,457.99,116.45,90.53,24.895,41.365,38.84,111.72,18.16
2025-04-16,444.18,114.01,88.26,22.645,38.88,38.49,111.73,18.94
2025-04-17,444.1,114.57,88.26,22.58,38.82,38.885,111.75,18.79
2025-04-21,433.11,112.16,85.93,20.93,36.92,37.965,111.74,19.43
2025-04-22,444.48,114.82,88.39,22.53,38.805,39.0,111.785,18.84
2025-04-23,454.56,116.7,90.69,24.025,40.53,39.165,111.8,18.55
2025-04-24,467.35,120.0,92.83,26.07,42.835,39.225,111.81,18.16
2025-04-25,472.56,120.7,94.02,26.93,43.78,39.105,111.87,17.75
2025-04-28,472.41,120.81,94.11,26.91,43.76,39.345,111.85,17.86
2025-04-29,475.53,121.51,94.79,27.435,44.3,39.65,111.86,17.8
2025-04-30,475.47,121.62,94.57,27.44,44.29,39.45,111.91,18.05
2025-05-01,481.68,122.05,95.73,28.385,45.375,39.565,111.89,17.83
2025-05-02,488.83,124.4,97.8,29.715,46.77,39.875,111.93,17.43
2025-05-05,485.93,124.16,97.48,29.2,46.22,39.775,111.96,17.51
2025-05-06,481.41,122.86,96.56,28.37,45.37,40.26,112.0,17.83
2025-05-07,483.3,123.77,97.5,28.7,45.71,40.375,111.98,17.66
2025-05-08,488.29,125.03,98.5,29.555,46.62,40.05,112.0,17.41
2025-05-09,487.97,125.33,98.48,29.485,46.54,40.12,112.06,17.25
2025-05-12,507.85,129.76,101.88,33.055,50.33,39.88,112.04,16.0
2025-05-13,515.59,131.1,103.83,34.57,51.845,39.825,112.07,16.0
2025-05-14,518.68,130.91,104.66,35.18,52.465,39.65,112.08,16.11
2025-05-15,519.25,131.53,104.61,35.29,52.58,40.495,112.09,16.06
2025-05-16,521.51,132.37,105.2,35.725,53.03,41.09,112.11,16.19
2025-05-19,522.01,132.6,105.25,35.82,53.105,41.265,112.13,16.34
2025-05-20,520.27,132.31,104.9,35.445,52.725,41.385,112.14,16.34
2025-05-21,513.04,130.02,103.01,33.97,51.26,40.63,112.16,16.94
2025-05-22,514.0,129.88,103.19,34.145,51.45,40.05,112.17,16.94
2025-05-23,509.24,128.67,102.85,33.16,50.47,40.53,112.22,17.27
2025-05-27,521.22,131.18,105.28,35.47,52.815,40.835,112.24,16.64
2025-05-28,518.91,130.46,104.85,35.015,52.365,40.265,112.26,16.78
2025-05-29,519.93,130.19,105.23,35.185,52.555,40.545,112.28,16.87
2025-05-30,519.11,130.11,105.35,35.0,52.365,40.96,112.32,17.04
2025-06-02,523.21,130.86,106.43,35.805,53.17,41.09,112.33,16.95
2025-06-03,527.3,132.2,107.17,36.64,54.015,41.2,112.32,16.88
2025-06-04,528.77,132.54,107.13,36.935,54.295,40.48,112.34,16.96
2025-06-05,524.79,131.82,105.76,36.075,53.445,40.415,112.35,17.14
2025-06-06,529.92,132.9,106.92,37.105,54.475,40.595,112.4,16.9
2025-06-09,530.7,133.09,106.9,37.27,54.625,40.335,112.39,16.82
2025-06-10,534.21,134.06,107.1,37.99,55.355,40.43,112.42,16.86
2025-06-11,532.41,133.84,107.11,37.6,54.97,40.455,112.43,16.91
2025-06-12,533.66,133.9,107.22,37.845,55.22,40.945,112.43,16.97
2025-06-13,526.96,131.85,106.16,36.415,53.805,40.71,112.45,17.48
2025-06-16,534.29,133.63,107.6,37.9,55.285,40.51,112.47,17.0
2025-06-17,529.08,132.19,106.74,36.78,54.185,40.175,112.47,17.29
2025-06-18,528.99,132.0,107.2,36.73,54.16,40.28,112.46,17.18
2025-06-20,526.83,131.46,106.91,36.225,53.675,40.39,112.55,17.26
2025-06-23,531.65,132.75,108.42,37.35,54.795,40.62,112.58,17.19
2025-06-24,539.78,135.09,109.93,39.05,56.455,40.795,112.61,16.75
2025-06-25,541.16,134.33,109.95,39.24,56.665,40.25,112.62,16.68
2025-06-26,546.22,135.21,111.25,40.315,57.735,40.585,112.63,16.6
2025-06-27,548.09,135.5,111.84,40.71,58.115,40.665,112.65,16.73
2025-06-30,551.64,136.49,112.47,41.5,58.855,40.83,112.68,16.76
2025-07-01,546.99,136.54,110.74,40.445,57.83,40.97,112.65,16.78
2025-07-02,550.8,136.88,111.36,41.25,58.645,40.615,112.66,16.8
2025-07-03,556.22,138.44,112.51,42.405,59.745,40.92,112.705,16.79
2025-07-07,552.03,137.06,112.07,41.46,58.85,41.005,112.74,16.81
2025-07-08,552.34,137.96,111.24,41.515,58.895,40.57,112.76,16.72
2025-07-09,556.25,138.07,112.07,42.375,59.725,40.95,112.77,16.63
2025-07-10,555.45,137.64,112.41,42.18,59.535,41.285,112.77,16.59
2025-07-11,554.2,136.67,112.17,41.86,59.25,41.225,112.8,16.61
2025-07-14,556.21,137.43,113.05,42.305,59.655,41.39,112.81,16.73
2025-07-15,556.72,136.31,112.73,42.415,59.75,40.995,112.82,16.75
2025-07-16,557.29,136.56,112.88,42.535,59.88,41.015,112.84,16.94
2025-07-17,561.8,137.76,113.7,43.525,60.84,41.185,112.86,17.05
2025-07-18,561.26,137.64,113.83,43.375,60.685,41.875,112.89,16.94
2025-07-21,564.17,138.1,114.04,44.035,61.31,42.01,112.92,16.97
2025-07-22,561.25,138.85,112.86,43.35,60.665,42.525,112.93,17.0
2025-07-23,563.81,139.25,114.36,43.92,61.21,42.205,112.93,16.6
2025-07-24,565.01,139.08,114.34,44.21,61.48,42.15,112.94,16.58
2025-07-25,566.37,139.57,115.03,44.46,61.725,42.26,112.98,16.51
2025-07-28,568.14,139.34,115.31,44.895,62.115,41.81,112.99,16.32
2025-07-29,567.26,139.32,114.91,44.69,61.93,42.29,113.01,16.61
2025-07-30,568.02,138.91,115.42,44.845,62.075,42.605,113.04,16.66
2025-07-31,565.01,136.48,115.69,44.105,61.385,42.835,113.04,16.77
2025-08-01,553.88,134.42,113.23,41.46,58.935,42.9,113.09,17.05
2025-08-04,564.1,136.76,115.25,43.73,61.1,43.66,113.1,16.86
2025-08-05,560.27,135.49,114.74,42.82,60.255,43.195,113.11,16.9
2025-08-06,567.32,136.18,116.39,44.42,61.77,42.81,113.12,16.69
2025-08-07,569.24,135.77,116.38,44.87,62.185,43.275,113.13,16.76
2025-08-08,574.55,135.58,117.19,46.08,63.31,43.09,113.18,16.72
2025-08-11,572.85,134.83,117.05,45.675,62.9,42.955,113.18,16.77
2025-08-12,580.05,136.65,118.52,47.36,64.5,43.14,113.2,16.59
2025-08-13,580.34,137.84,117.86,47.43,64.55,43.235,113.22,16.65
2025-08-14,579.89,136.82,118.11,47.3,64.435,42.935,113.22,16.62
2025-08-15,577.34,136.45,117.31,46.63,63.83,42.81,113.27,16.78
2025-08-18,577.11,136.71,117.36,46.57,63.79,42.625,113.3,16.64
2025-08-19,569.28,135.91,115.69,44.67,62.04,43.04,113.3,16.65
2025-08-20,565.9,135.7,115.52,43.855,61.285,43.085,113.31,16.69
2025-08-21,563.28,134.97,114.79,43.245,60.725,42.79,113.33,16.78
2025-08-22,571.97,137.25,116.51,45.19,62.57,43.02,113.37,16.12
2025-08-25,570.32,136.16,116.24,44.795,62.195,42.535,113.4,16.2
2025-08-26,572.61,136.18,117.32,45.315,62.695,42.63,113.4,16.21
2025-08-27,573.49,136.81,117.28,45.52,62.87,42.64,113.415,16.31
2025-08-28,577.08,137.13,117.8,46.35,63.635,42.315,113.42,16.27
2025-08-29,570.4,136.0,116.48,44.68,62.11,42.16,113.5,16.35
2025-09-02,565.62,135.15,115.56,43.54,61.08,42.02,113.49,16.6
2025-09-03,570.07,134.9,115.59,44.555,62.01,41.915,113.52,16.5
2025-09-04,575.23,135.96,117.33,45.76,63.14,41.865,113.52,16.26
2025-09-05,576.06,136.09,117.05,45.91,63.28,41.735,113.56,16.28
2025-09-08,578.87,136.54,117.72,46.565,63.9,41.31,113.55,16.15
2025-09-09,580.51,136.77,118.47,46.945,64.245,41.595,113.57,16.05
2025-09-10,580.7,135.69,119.5,46.995,64.285,42.31,113.59,16.08
2025-09-11,584.08,137.6,120.13,47.785,65.015,42.535,113.6,15.92
2025-09-12,586.66,137.38,120.48,48.38,65.575,42.75,113.65,15.94
2025-09-15,591.68,137.87,121.13,49.615,66.69,42.85,113.65,15.95
2025-09-16,591.18,137.9,121.07,49.48,66.54,42.07,113.67,16.19
2025-09-17,590.0,138.41,120.68,49.165,66.255,42.175,113.66,15.92
2025-09-18,595.32,140.05,121.45,50.49,67.48,42.205,113.68,15.97
2025-09-19,599.35,140.1,121.93,51.49,68.36,42.475,113.72,15.92
2025-09-22,602.2,140.72,122.12,52.36,69.155,42.6,113.75,16.09
2025-09-23,598.2,140.29,121.61,51.305,68.22,42.82,113.78,16.1
2025-09-24,596.1,140.02,120.9,50.705,67.725,43.125,113.79,16.02
2025-09-25,593.53,139.17,120.31,50.025,67.115,42.71,113.79,16.09
2025-09-26,595.97,140.37,120.58,50.625,67.655,43.405,113.8,15.78
2025-09-29,598.73,141.26,120.71,51.3,68.26,43.53,113.82,15.84
2025-09-30,600.37,141.11,121.06,51.7,68.6,43.605,113.86,15.82
2025-10-01,603.25,141.88,120.56,52.43,69.26,44.025,113.87,15.83
2025-10-02,605.73,142.82,120.78,53.07,69.82,43.945,113.89,15.89
2025-10-03,603.18,142.79,120.09,52.35,69.19,44.455,113.91,15.92
2025-10-06,607.71,143.37,120.41,53.52,70.235,44.885,113.92,15.85
2025-10-07,604.51,142.31,120.47,52.655,69.48,45.09,113.92,16.01
2025-10-08,611.44,143.85,121.43,54.44,71.06,45.4,113.93,15.97
2025-10-09,610.7,142.97,121.8,54.225,70.875,45.285,113.93,16.02
2025-10-10,589.5,138.52,118.5,48.535,65.905,45.1,113.99,16.45
2025-10-13,602.01,140.69,121.17,51.615,68.715,45.445,113.98,16.02
2025-10-14,598.0,140.97,120.55,50.565,67.8,45.85,113.98,16.27
2025-10-15,602.22,141.44,121.19,51.6,68.72,46.45,114.0,16.35
2025-10-16,599.99,140.63,120.23,51.025,68.21,45.945,114.03,16.73
2025-10-17,603.93,141.53,120.42,51.995,69.08,45.785,114.06,16.31
2025-10-20,611.54,143.44,121.24,53.945,70.805,45.77,114.09,15.93
2025-10-21,611.38,144.2,120.74,53.885,70.765,45.305,114.09,16.12
2025-10-22,605.49,142.78,119.47,52.3,69.36,45.2,114.08,16.15
2025-10-23,610.58,143.92,120.34,53.61,70.55,45.165,114.12,16.08
2025-10-24,617.1,144.51,121.71,55.28,71.99,45.695,114.14,15.89
2025-10-27,628.09,146.24,123.0,58.215,74.57,45.82,114.13,15.77
2025-10-28,632.92,145.79,123.44,59.545,75.695,45.065,114.15,15.99
2025-10-29,635.77,144.29,124.18,60.305,76.385,45.05,114.16,16.04
2025-10-30,626.05,143.37,121.8,57.545,74.025,44.86,114.16,16.15
2025-10-31,629.07,144.06,121.7,58.36,74.74,44.55,114.17,16.26
2025-11-03,632.08,143.79,121.65,59.16,75.41,44.575,114.23,16.4
2025-11-04,619.25,141.33,119.46,55.54,72.32,44.415,114.25,16.62
2025-11-05,623.28,142.71,119.77,56.62,73.27,44.425,114.31,16.32
2025-11-06,611.67,140.32,118.14,53.445,70.53,44.23,114.28,16.49
2025-11-07,609.74,140.32,118.53,52.89,70.055,44.845,114.29,16.41
2025-11-10,623.23,142.01,120.78,56.355,73.125,44.83,114.33,16.21
2025-11-11,621.57,141.98,120.29,55.89,72.735,44.855,114.33,16.34
2025-11-12,621.08,142.06,120.34,55.775,72.61,44.96,114.34,16.35
2025-11-13,608.4,140.05,117.68,52.33,69.625,44.34,114.35,16.78
2025-11-14,608.86,139.71,117.83,52.37,69.695,44.38,114.41,16.63
2025-11-17,603.66,138.12,116.48,51.025,68.5,44.78,114.42,16.79
2025-11-18,596.31,137.63,115.84,49.18,66.835,44.61,114.4,16.96
2025-11-19,599.87,137.57,116.71,50.025,67.595,44.235,114.41,16.92
2025-11-20,585.67,134.54,114.42,46.45,64.41,44.01,114.42,17.24
2025-11-21,590.07,136.65,114.3,47.48,65.36,44.075,114.47,17.11
2025-11-24,605.16,138.27,116.94,51.08,68.73,44.575,114.51,16.59
2025-11-25,608.89,139.76,117.92,52.01,69.51,44.405,114.52,16.34
2025-11-26,614.27,140.68,119.28,53.37,70.74,44.995,114.56,16.28
2025-11-28,619.25,141.91,120.12,54.54,71.81,45.315,114.6,16.09
2025-12-01,617.17,141.27,118.93,54.05,71.35,44.255,114.63,16.05
2025-12-02,622.0,142.79,119.16,55.3,72.47,43.94,114.65,15.95
2025-12-03,623.52,144.33,119.46,55.69,72.79,43.8,114.665,15.92
2025-12-04,622.94,143.75,120.5,55.51,72.62,43.71,114.66,15.85
2025-12-05,625.48,144.55,120.85,56.15,73.22,43.3,114.69,15.74
2025-12-08,624.28,143.69,121.0,55.8,72.89,42.72,114.72,15.82
2025-12-09,625.05,143.67,120.72,56.01,73.1,42.75,114.69,15.81
2025-12-10,627.61,144.99,121.53,56.65,73.66,42.73,114.71,15.51
2025-12-11,625.58,144.99,121.78,56.11,73.18,43.04,114.75,15.51
2025-12-12,613.62,143.14,119.1,52.82,70.34,42.83,114.77,15.51
2025-12-15,610.54,142.93,118.68,52.02,69.63,43.22,114.78,15.57
2025-12-16,611.75,142.62,118.7,52.33,69.9,43.04,114.79,15.54
2025-12-17,600.41,140.8,116.53,49.4,67.28,42.76,114.82,15.63
2025-12-18,609.11,142.18,117.7,51.51,69.24,43.18,114.85,15.39
2025-12-19,617.05,143.17,119.53,53.52,71.05,42.63,114.9,15.12
2025-12-22,619.21,144.27,120.23,54.25,71.67,42.47,114.93,14.91
2025-12-23,622.11,144.02,120.98,55.01,72.36,42.62,114.97,14.99
2025-12-24,623.93,144.36,121.45,55.36,72.73,42.81,114.97,15.04
2025-12-26,623.89,144.54,121.38,55.31,72.68,42.78,115.03,15.12
2025-12-29,620.87,143.93,120.63,54.49,71.96,42.86,115.06,15.13
2025-12-30,619.43,143.39,120.35,54.1,71.61,42.96,115.04,15.1
2025-12-31,614.31,142.13,119.32,52.72,70.41,42.69,115.1,15.27
2026-01-02,613.12,141.34,119.67,52.35,70.1,43.18,115.13,15.2
2026-01-05,617.99,142.76,120.42,53.6,71.2,42.7,115.13,15.2
2026-01-06,623.42,145.69,121.05,55.01,72.46,42.91,115.16,15.17
2026-01-07,624.02,145.75,120.19,55.17,72.59,41.87,115.17,15.27
2026-01-08,620.47,143.56,119.02,54.19,71.75,41.99,115.22,15.13
2026-01-09,626.65,144.22,120.03,55.76,73.14,42.51,115.26,14.98
2026-01-12,627.17,144.0,120.47,55.89,73.27,42.58,115.26,14.9
2026-01-13,626.24,142.78,120.13,55.6,73.01,42.85,115.28,14.97
2026-01-14,619.55,141.0,118.91,53.83,71.49,43.17,115.3,15.12
2026-01-15,621.78,141.11,119.72,54.38,71.94,43.61,115.3,14.97
2026-01-16,621.26,140.82,120.0,54.14,71.75,43.39,115.32,14.96
2026-01-20,608.06,138.57,116.98,50.73,68.73,42.96,115.36,15.25
2026-01-21,616.28,140.78,117.65,52.73,70.54,43.02,115.39,14.96
2026-01-22,620.76,142.26,117.94,53.9,71.61,42.71,115.41,14.82
2026-01-23,622.72,142.51,117.92,54.38,72.05,42.56,115.41,14.97
2026-01-26,625.46,143.84,118.83,55.08,72.66,42.87,115.44,15.0
2026-01-27,631.13,144.34,119.61,56.54,73.96,43.43,115.43,15.13
2026-01-28,633.22,143.87,119.18,57.06,74.36,43.33,115.44,15.14
2026-01-29,629.43,142.08,120.52,56.04,73.52,43.33,115.43,15.3
2026-01-30,621.87,139.09,119.87,54.0,71.71,43.25,115.45,15.32
2026-02-02,626.14,139.61,120.27,55.1,72.73,42.62,115.48,15.1
2026-02-03,616.52,135.4,119.52,52.52,70.46,43.24,115.51,15.27
2026-02-04,605.75,133.45,117.03,49.76,67.98,43.08,115.52,15.4
2026-02-05,597.03,131.0,116.02,47.64,66.04,43.1,115.5,15.64
2026-02-06,609.65,134.51,119.84,50.59,68.79,43.35,115.58,15.21
2026-02-09,614.32,135.06,121.49,51.74,69.83,43.48,115.59,15.11
2026-02-10,611.47,134.21,120.78,51.02,69.18,44.2,115.56,15.28
2026-02-11,613.11,133.97,120.59,51.4,69.52,44.59,115.59,15.3
2026-02-12,600.64,131.0,118.27,48.26,66.69,45.25,115.6,15.47
2026-02-13,601.92,132.43,118.25,48.47,66.92,46.5,115.69,15.54
2026-02-17,601.3,132.24,118.86,48.35,66.77,46.38,115.73,15.33
2026-02-18,605.79,133.76,119.33,49.39,67.75,45.61,115.71,15.43
2026-02-19,603.47,132.8,119.39,48.83,67.24,46.11,115.73,15.57
2026-02-20,608.81,133.12,119.96,50.06,68.4,46.33,115.75,15.47
2026-02-23,601.41,130.22,117.94,48.24,66.75,46.68,115.75,15.65
2026-02-24,607.87,131.92,118.75,49.78,68.13,47.2,115.76,15.56
2026-02-25,616.68,134.47,120.49,51.87,70.08,47.36,115.78,15.44
2026-02-26,609.24,134.6,119.96,50.05,68.44,47.18,115.79,15.59
2026-02-27,607.29,134.11,119.47,49.52,67.99,47.73,115.83,15.69
2026-03-02,608.09,133.96,120.11,49.7,68.13,47.37,115.84,15.81
2026-03-03,601.58,132.76,119.22,48.1,66.68,47.07,115.87,15.89
2026-03-04,610.75,134.87,120.26,50.26,68.65,47.27,115.85,15.72
2026-03-05,608.91,134.86,119.65,49.8,68.26,46.9,115.86,16.02
2026-03-06,599.75,133.25,118.24,47.54,66.19,46.74,115.89,16.63
2026-03-09,607.76,134.68,119.3,49.39,67.94,46.85,115.89,16.34
2026-03-10,607.77,133.6,119.08,49.4,67.91,46.56,115.89,16.63
2026-03-11,607.69,133.11,118.7,49.35,67.9,46.17,115.95,16.38
2026-03-12,597.26,130.37,117.17,46.83,65.58,46.5,115.97,16.78
2026-03-13,593.72,129.96,116.18,45.93,64.76,46.96,116.01,16.93
2026-03-16,600.38,131.74,117.35,47.46,66.19,47.26,116.0,16.43
2026-03-17,603.31,133.0,117.35,48.16,66.85,47.13,116.005,16.4
2026-03-18,594.9,131.32,116.06,46.1,64.95,46.73,116.01,16.95
2026-03-19,593.02,131.55,115.88,45.69,64.53,46.54,116.0,16.83
2026-03-20,582.06,129.53,113.78,43.08,62.13,44.65,116.03,17.22
2026-03-23,588.0,131.06,114.53,44.57,63.58,44.78,116.03,16.62
2026-03-24,583.98,128.33,114.84,43.62,62.64,45.09,116.04,16.79
2026-03-25,587.82,128.72,115.32,44.39,63.43,45.25,116.06,16.72
2026-03-26,573.79,126.88,111.34,41.23,60.43,45.33,116.1,17.11
2026-03-27,562.58,123.28,110.31,38.78,58.05,45.59,116.14,17.64
2026-03-30,558.28,123.05,107.84,37.89,57.16,45.92,116.16,17.63
2026-03-31,577.18,126.97,112.11,41.68,61.0,45.89,116.29,17.15
2026-04-01,584.31,127.62,114.5,43.23,62.49,46.11,116.21,16.86
2026-04-02,584.98,127.58,114.74,43.33,62.6,46.34,116.26,16.73
2026-04-06,588.5,128.46,115.67,44.1,63.35,46.17,116.26,16.67
2026-04-07,588.59,128.15,116.65,44.15,63.39,46.27,116.28,16.79
2026-04-08,606.09,130.87,121.36,48.0,67.08,46.78,116.27,16.1
2026-04-09,610.19,128.83,122.76,48.96,68.01,47.15,116.26,15.98
2026-04-10,611.07,127.29,123.34,49.17,68.19,46.96,116.31,16.06
2026-04-13,617.39,130.55,124.59,50.66,69.59,46.39,116.28,15.77
2026-04-14,628.6,132.22,126.65,53.41,72.1,46.47,116.3,15.75
2026-04-15,637.4,134.68,126.58,55.65,74.11,46.02,116.33,15.77
2026-04-16,640.47,135.1,126.74,56.43,74.8,46.35,116.36,15.73
2026-04-17,648.85,136.68,128.3,58.59,76.73,46.16,116.39,15.68
2026-04-20,646.79,137.31,127.64,58.08,76.27,45.75,116.42,15.86
2026-04-21,644.33,136.85,126.65,57.4,75.67,44.95,116.45,15.93
2026-04-22,655.11,139.05,129.11,60.21,78.18,44.87,116.45,15.89
2026-04-23,651.42,136.45,129.23,59.22,77.3,46.09,116.47,15.89
2026-04-24,663.88,138.62,131.52,62.56,80.24,46.18,116.5,15.92
2026-04-27,664.23,138.04,132.11,62.64,80.29,46.19,116.49,15.95
2026-04-28,657.55,136.3,129.96,60.74,78.67,46.25,116.51,15.81
2026-04-29,661.57,136.67,130.77,61.86,79.64,45.68,116.51,15.85
2026-04-30,667.74,137.39,133.79,63.54,81.05,46.85,116.53,15.71
2026-05-01,674.15,139.03,134.42,65.3,82.6,46.55,116.57,15.71
2026-05-04,672.88,139.17,134.44,64.91,82.28,46.37,116.59,15.84
2026-05-05,681.61,140.17,137.88,67.39,84.39,46.37,116.59,15.9
2026-05-06,695.77,141.86,141.59,71.57,87.85,45.71,116.59,15.72
2026-05-07,694.94,143.93,139.3,71.34,87.66,45.12,116.61,15.69
2026-05-08,711.23,145.04,143.81,76.28,91.72,44.72,116.65,15.77
2026-05-11,713.29,144.44,146.07,76.96,92.26,45.14,116.65,15.93
2026-05-12,707.24,143.66,144.45,74.96,90.69,45.19,116.67,15.82
2026-05-13,714.71,144.1,146.29,77.24,92.55,44.67,116.67,16.0
2026-05-14,719.79,145.1,147.52,78.95,93.9,44.9,116.69,15.92
2026-05-15,708.93,144.37,143.48,75.34,91.03,43.87,116.73,15.93
2026-05-18,705.88,144.93,141.42,74.32,90.2,43.94,116.76,15.88
2026-05-19,701.53,144.49,140.63,72.93,89.13,44.34,116.77,15.9
2026-05-20,713.15,147.74,143.31,76.51,92.05,44.51,116.77,15.81
2026-05-21,714.51,148.76,144.69,76.95,92.38,45.0,116.78,15.64
2026-05-22,717.54,150.55,144.94,77.84,93.1,45.35,116.87,15.73
2026-05-26,730.28,152.54,149.8,81.95,96.4,45.33,116.85,15.56
2026-05-27,729.45,150.43,149.6,81.67,96.19,45.14,116.84,15.44
2026-05-28,735.6,152.68,150.13,83.68,97.79,44.63,116.88,15.38
2026-05-29,738.31,156.14,150.59,84.56,98.46,44.42,116.88,15.36
2026-06-01,742.74,161.85,152.32,86.04,99.63,43.1,116.91,15.5
2026-06-02,746.16,160.63,154.32,87.22,100.53,43.9,116.92,15.41
2026-06-03,744.21,159.37,155.09,86.56,100.0,43.71,116.92,15.47
2026-06-04,740.61,158.47,152.83,85.22,99.02,43.94,116.93,15.32
2026-06-05,705.06,151.93,144.28,73.05,89.54,44.35,116.95,15.44
2026-06-08,716.07,153.1,147.88,76.27,92.25,43.52,116.94,15.35
2026-06-09,707.83,151.37,147.51,73.72,90.12,43.98,116.99,15.41
2026-06-10,693.69,148.61,143.68,69.27,86.51,44.0,116.99,15.64
2026-06-11,717.12,152.77,150.58,76.01,92.18,44.05,116.97,15.42
2026-06-12,721.34,153.81,152.48,77.52,93.38,44.53,117.01,15.24
2026-06-15,744.0,158.12,157.84,84.59,99.18,44.74,117.0,14.99
2026-06-16,729.86,155.67,154.62,79.93,95.46,45.06,117.03,15.03
2026-06-17,722.51,154.57,155.49,77.54,93.56,44.46,117.0,15.18
2026-06-18,740.62,156.82,159.9,82.87,97.91,44.76,117.06,14.97
2026-06-22,737.95,156.38,161.66,82.58,97.68,44.72,117.08,14.9
2026-06-23,713.65,152.96,154.34,74.44,91.22,45.07,117.06,15.0
2026-06-24,710.62,153.3,153.79,73.3,90.37,45.54,117.07,14.87
2026-06-25,716.38,154.52,159.64,74.95,91.77,45.85,117.12,14.69
2026-06-26,706.52,154.44,154.2,71.83,89.12,46.2,117.13,14.66
2026-06-29,724.08,158.08,158.53,77.19,93.68,46.02,117.11,14.54
2026-06-30,736.4,159.6,161.54,81.0,96.76,45.34,117.09,14.35
2026-07-01,725.17,159.16,155.32,77.46,93.9,44.77,117.14,14.37
2026-07-02,712.6,157.61,150.83,73.35,90.61,45.76,117.22,14.32
2026-07-06,722.82,159.63,152.98,76.42,93.14,45.3,117.24,14.26
2026-07-07,709.43,158.02,149.42,72.23,89.69,45.7,117.27,14.33
2026-07-08,711.44,156.98,150.57,72.72,90.14,45.36,117.3,14.32
2026-07-09,723.28,159.41,153.08,76.34,93.14,45.13,117.34,14.3
2026-07-10,725.51,159.09,153.75,77.03,93.7,45.41,117.4,14.31
2026-07-13,711.74,156.97,149.73,72.64,90.13,45.72,117.4,14.38
2026-07-14,719.69,157.44,152.86,75.02,92.13,45.69,117.42,14.32
2026-07-15,717.74,156.81,150.0,74.44,91.61,45.22,117.45,14.23
2026-07-16,705.94,156.17,145.28,70.74,88.57,45.47,117.47,14.36
2026-07-17,695.33,153.54,143.89,67.53,85.91,45.17,117.49,14.53
2026-07-20,696.06,154.0,144.52,67.65,86.03,44.94,117.5,14.44
2026-07-21,708.97,155.46,149.7,71.37,89.23,44.92,117.5,14.39
2026-07-22,705.35,153.19,150.07,70.28,88.28,45.93,117.52,14.48
2026-07-23,691.96,151.68,149.83,66.3,85.0,46.19,117.53,14.64
2026-07-24,684.23,151.03,146.51,64.0,83.0,46.29,117.58,14.62
2026-07-27,682.12,152.46,144.75,63.4,82.48,45.68,117.61,14.52
2026-07-28,675.49,153.12,140.95,61.56,80.87,45.52,117.6,14.52
2026-07-29,661.73,152.08,136.37,57.75,77.58,44.91,117.62,14.7
2026-07-30,683.55,153.9,143.42,63.3,82.68,44.66,117.63,14.57
2026-07-31,687.99,155.32,143.83,64.62,83.67,44.35,117.7,14.47
2026-08-03,700.07,157.32,145.35,67.96,86.62,44.36,117.7,14.39
2026-08-04,723.85,162.23,151.17,74.82,92.46,44.11,117.69,14.42
2026-08-05,717.3,161.38,150.27,72.84,90.8,43.66,117.7,14.2
2026-08-06,714.65,159.22,149.1,72.03,90.13,43.38,117.72,14.17
2026-08-07,723.03,161.99,149.69,74.47,92.21,43.61,117.75,14.35
2026-08-10,720.87,162.96,148.7,73.8,91.63,43.13,117.77,14.28
2026-08-11,718.45,163.31,148.56,73.06,90.98,43.63,117.8,14.24
2026-08-12,723.7,163.52,151.21,74.6,92.32,43.84,117.82,14.16
2026-08-13,732.07,167.03,152.72,77.15,94.43,44.04,117.84,14.22
2026-08-14,731.07,166.3,153.31,76.79,94.15,44.31,117.87,14.2
2026-08-17,729.87,164.82,155.16,76.4,93.84,44.18,117.86,14.35
2026-08-18,717.51,163.54,150.9,72.53,90.65,44.02,117.9,14.3
2026-08-19,716.08,163.99,148.35,72.06,90.25,44.02,117.89,14.19
2026-08-20,710.93,163.15,148.31,70.48,88.95,43.77,117.9,14.15
2026-08-21,713.44,164.42,148.73,71.17,89.53,42.77,117.96,14.02
2026-08-24,706.32,163.09,146.14,69.01,87.72,43.22,117.93,13.95
2026-08-25,710.72,164.0,147.41,70.27,88.8,43.31,117.95,13.9
2026-08-26,711.37,164.14,147.52,70.47,88.93,43.51,117.99,13.81
2026-08-27,721.11,166.55,148.6,73.3,91.38,43.18,118.0,13.64
2026-08-28,716.43,165.54,146.78,71.85,90.17,42.73,118.06,13.66
2026-08-31,716.76,165.12,147.09,71.92,90.24,42.23,118.07,13.4
2026-09-01,707.64,162.02,145.54,69.15,87.92,42.56,118.11,13.5
2026-09-02,709.24,161.69,146.34,69.6,88.31,42.67,118.06,13.43
2026-09-03,717.67,162.49,147.41,72.03,90.38,43.03,118.08,13.3
2026-09-04,718.96,161.36,149.72,72.37,90.68,43.08,118.13,13.2
2026-09-08,718.36,159.11,150.47,72.16,90.53,43.45,118.13,13.38
2026-09-09,716.31,158.29,150.3,71.55,89.98,42.94,118.13,13.38
2026-09-10,708.69,156.65,147.53,69.21,88.02,42.52,118.135,13.43
2026-09-11,714.88,157.3,148.31,70.98,89.55,42.39,118.19,13.34
2026-09-14,709.18,157.52,144.19,69.27,88.1,41.82,118.16,13.27
2026-09-15,704.54,155.7,143.69,67.9,86.96,41.32,118.17,13.22
2026-09-16,704.72,155.99,143.66,67.93,86.96,41.32,118.2,13.27
2026-09-17,716.92,157.41,146.54,71.38,89.94,41.69,118.22,13.12
2026-09-18,721.45,157.72,149.21,72.64,91.0,41.1,118.24,13.15
2026-09-21,741.47,162.69,152.14,78.91,96.27,40.66,118.25,13.06
2026-09-22,747.46,164.94,153.3,80.83,97.82,40.53,118.26,12.89
2026-09-23,741.21,163.7,151.92,78.66,96.16,39.75,118.3,12.95
2026-09-24,741.1,162.56,152.18,78.58,96.1,39.36,118.295,12.98
2026-09-25,744.5,163.81,152.92,79.6,96.95,39.51,118.345,12.93
2026-09-28,736.53,161.77,151.18,77.04,94.87,39.25,118.32,12.97
2026-09-29,737.93,162.85,151.25,77.46,95.22,39.71,118.36,12.86
2026-09-30,739.77,162.73,151.58,78.03,95.65,39.44,118.39,12.92
2026-10-01,742.03,163.27,152.75,78.73,96.24,39.68,118.4,13.03
2026-10-02,749.58,163.66,153.23,81.01,98.13,39.83,118.45,12.92
2026-10-05,756.2,165.61,153.16,83.12,99.84,39.97,118.46,12.84
2026-10-06,759.66,165.74,152.99,84.25,100.77,41.16,118.48,12.67
2026-10-07,757.73,164.59,153.0,83.62,100.23,41.15,118.53,12.68
