d,c,n
1999-01-05,102.880106,29
1999-01-06,106.494846,29
1999-01-07,106.667022,29
1999-01-08,106.444740,29
1999-01-11,107.005133,29
1999-01-12,104.303943,29
1999-01-13,104.122003,29
1999-01-14,102.743755,29
1999-01-15,105.938723,29
1999-01-19,108.234080,29
1999-01-20,106.952651,29
1999-01-21,103.120098,29
1999-01-22,105.044627,29
1999-01-25,104.608890,29
1999-01-26,106.412640,29
1999-01-27,105.227032,29
1999-01-28,108.676747,29
1999-01-29,109.803513,29
1999-02-01,109.791024,29
1999-02-02,108.011653,29
1999-02-03,111.595339,29
1999-02-04,108.231602,29
1999-02-05,106.147119,29
1999-02-08,107.614689,29
1999-02-09,102.767777,29
1999-02-10,102.835448,29
1999-02-11,108.347251,29
1999-02-12,104.907008,29
1999-02-16,104.368857,29
1999-02-17,101.699740,29
1999-02-18,102.136476,29
1999-02-19,104.609365,29
1999-02-22,108.174108,29
1999-02-23,109.869305,29
1999-02-24,108.752876,29
1999-02-25,107.638026,29
1999-02-26,105.683460,29
1999-03-01,106.545217,29
1999-03-02,104.319295,29
1999-03-03,103.474369,29
1999-03-04,106.389370,29
1999-03-05,108.167428,29
1999-03-08,110.230488,29
1999-03-09,110.252927,29
1999-03-10,111.447648,29
1999-03-11,112.234628,29
1999-03-12,109.647488,29
1999-03-15,111.603506,29
1999-03-16,111.257739,29
1999-03-17,110.455452,29
1999-03-18,111.613381,29
1999-03-19,109.950197,29
1999-03-22,108.809067,29
1999-03-23,105.368387,29
1999-03-24,107.306740,29
1999-03-25,111.071393,29
1999-03-26,110.219114,29
1999-03-29,114.037294,29
1999-03-30,112.954837,29
1999-03-31,112.599993,29
1999-04-01,113.588038,29
1999-04-05,116.348411,29
1999-04-06,115.719489,29
1999-04-07,113.948677,29
1999-04-08,115.022775,29
1999-04-09,115.391335,29
1999-04-12,115.504014,29
1999-04-13,113.590800,29
1999-04-14,112.971008,29
1999-04-15,114.878546,29
1999-04-16,113.952678,29
1999-04-19,108.894277,29
1999-04-20,111.271340,29
1999-04-21,114.991726,29
1999-04-22,118.849710,29
1999-04-23,121.037122,29
1999-04-26,123.976117,29
1999-04-27,124.375411,29
1999-04-28,122.067334,29
1999-04-29,120.609573,29
1999-04-30,121.310275,29
1999-05-03,122.133231,29
1999-05-04,120.423667,29
1999-05-05,123.868508,29
1999-05-06,120.804763,29
1999-05-07,121.602968,29
1999-05-10,121.478954,29
1999-05-11,122.270551,29
1999-05-12,123.885772,29
1999-05-13,122.478659,29
1999-05-14,120.348386,29
1999-05-17,122.084098,29
1999-05-18,121.185748,29
1999-05-19,123.781942,29
1999-05-20,121.374551,29
1999-05-21,120.707231,29
1999-05-24,117.242653,29
1999-05-25,115.005865,29
1999-05-26,116.780530,29
1999-05-27,116.614915,29
1999-05-28,118.142360,29
1999-06-01,115.108122,29
1999-06-02,118.293480,29
1999-06-03,116.762947,29
1999-06-04,119.866471,29
1999-06-07,121.449182,29
1999-06-08,118.263330,29
1999-06-09,120.612919,29
1999-06-10,120.080254,29
1999-06-11,118.147970,29
1999-06-14,117.498223,29
1999-06-15,119.176639,29
1999-06-16,125.309129,29
1999-06-17,126.098893,29
1999-06-18,125.951693,29
1999-06-21,128.506944,29
1999-06-22,125.816534,29
1999-06-23,127.955583,29
1999-06-24,124.837454,29
1999-06-25,124.705457,29
1999-06-28,127.858545,29
1999-06-29,130.284179,29
1999-06-30,131.629146,29
1999-07-01,132.003928,29
1999-07-02,132.907351,29
1999-07-06,132.419053,29
1999-07-07,131.949051,29
1999-07-08,134.840457,29
1999-07-09,135.387450,29
1999-07-12,132.712322,29
1999-07-13,133.717271,29
1999-07-14,136.269127,29
1999-07-15,137.327587,29
1999-07-16,138.347240,29
1999-07-19,136.425756,29
1999-07-20,132.267050,29
1999-07-21,133.762402,29
1999-07-22,129.268637,29
1999-07-23,131.546578,29
1999-07-26,128.060966,29
1999-07-27,131.318122,29
1999-07-28,131.534745,29
1999-07-29,128.558709,29
1999-07-30,130.041640,29
1999-08-02,129.105779,29
1999-08-03,127.375899,29
1999-08-04,126.186781,29
1999-08-05,127.792095,29
1999-08-06,126.394739,29
1999-08-09,124.824493,29
1999-08-10,124.115476,29
1999-08-11,128.081253,29
1999-08-12,126.866160,29
1999-08-13,130.270058,29
1999-08-16,129.959355,29
1999-08-17,131.175428,29
1999-08-18,129.476257,29
1999-08-19,127.947227,29
1999-08-20,129.320841,29
1999-08-23,132.108919,29
1999-08-24,131.409910,29
1999-08-25,133.314566,29
1999-08-26,132.522990,29
1999-08-27,132.665793,29
1999-08-30,130.460809,29
1999-08-31,131.767170,29
1999-09-01,132.817633,29
1999-09-02,132.073421,29
1999-09-03,137.227256,29
1999-09-07,137.830256,29
1999-09-08,136.417804,29
1999-09-09,138.349809,29
1999-09-10,139.414398,29
1999-09-13,137.979649,29
1999-09-14,141.290907,29
1999-09-15,137.469679,29
1999-09-16,138.227984,29
1999-09-17,142.355083,29
1999-09-20,142.475885,29
1999-09-21,138.268118,29
1999-09-22,141.317770,29
1999-09-23,136.765791,29
1999-09-24,136.728507,29
1999-09-27,137.864680,29
1999-09-28,138.554455,29
1999-09-29,137.720313,29
1999-09-30,139.293260,29
1999-10-01,138.365069,27
1999-10-04,142.021943,27
1999-10-05,142.565063,27
1999-10-06,144.968166,27
1999-10-07,142.983159,27
1999-10-08,144.233254,27
1999-10-11,146.763859,27
1999-10-12,143.848691,27
1999-10-13,140.839605,27
1999-10-14,141.325010,27
1999-10-15,138.653799,27
1999-10-18,135.778837,27
1999-10-19,135.217690,27
1999-10-20,140.557347,27
1999-10-21,141.443773,27
1999-10-22,143.772571,27
1999-10-25,143.025227,27
1999-10-26,142.295593,27
1999-10-27,142.371928,27
1999-10-28,147.694282,27
1999-10-29,153.252159,27
1999-11-01,152.593390,27
1999-11-02,155.093630,27
1999-11-03,157.968618,27
1999-11-04,159.499779,27
1999-11-05,163.547658,27
1999-11-08,167.235509,27
1999-11-09,164.533816,27
1999-11-10,166.183078,27
1999-11-11,169.784117,27
1999-11-12,171.957362,27
1999-11-15,169.542464,27
1999-11-16,173.537431,27
1999-11-17,174.395203,27
1999-11-18,177.180627,27
1999-11-19,178.118006,27
1999-11-22,178.689664,27
1999-11-23,175.991701,27
1999-11-24,181.621324,27
1999-11-26,183.093484,27
1999-11-29,180.927030,27
1999-11-30,177.600126,27
1999-12-01,180.117717,27
1999-12-02,189.727247,27
1999-12-03,194.011143,27
1999-12-06,197.105487,27
1999-12-07,197.874212,27
1999-12-08,195.345333,27
1999-12-09,196.179669,27
1999-12-10,196.300744,27
1999-12-13,196.209931,27
1999-12-14,191.726608,27
1999-12-15,193.907587,27
1999-12-16,197.104058,27
1999-12-17,199.635352,27
1999-12-20,203.149452,27
1999-12-21,208.836704,27
1999-12-22,209.685974,27
1999-12-23,210.305421,27
1999-12-27,210.556830,27
1999-12-28,210.529415,27
1999-12-29,216.843900,27
1999-12-30,214.991682,27
1999-12-31,215.327133,27
2000-01-03,217.987353,27
2000-01-04,205.974312,27
2000-01-05,206.634402,27
2000-01-06,201.370665,27
2000-01-07,212.113676,27
2000-01-10,222.598445,27
2000-01-11,213.085283,27
2000-01-12,210.140641,27
2000-01-13,219.180573,27
2000-01-14,225.149611,27
2000-01-18,228.475768,27
2000-01-19,229.155624,27
2000-01-20,230.769083,27
2000-01-21,228.841980,27
2000-01-24,222.150804,27
2000-01-25,226.012652,27
2000-01-26,219.449661,27
2000-01-27,215.986992,27
2000-01-28,207.172860,27
2000-01-31,214.820604,27
2000-02-01,221.596583,27
2000-02-02,226.002254,27
2000-02-03,233.552585,27
2000-02-04,235.795712,27
2000-02-07,235.924906,27
2000-02-08,242.633114,27
2000-02-09,239.256987,27
2000-02-10,245.009529,27
2000-02-11,240.345684,27
2000-02-14,239.486790,27
2000-02-15,240.340989,27
2000-02-16,243.087894,27
2000-02-17,249.238891,27
2000-02-18,239.813746,27
2000-02-22,241.219515,27
2000-02-23,250.356422,27
2000-02-24,254.789647,27
2000-02-25,250.225413,27
2000-02-28,252.339117,27
2000-02-29,258.690613,27
2000-03-01,256.496878,27
2000-03-02,250.019384,27
2000-03-03,262.531101,27
2000-03-06,260.405292,27
2000-03-07,253.126793,27
2000-03-08,254.069984,27
2000-03-09,264.674748,27
2000-03-10,265.975284,27
2000-03-13,256.639186,27
2000-03-14,247.144617,27
2000-03-15,250.468853,27
2000-03-16,265.170225,27
2000-03-17,267.931629,27
2000-03-20,260.998964,27
2000-03-21,272.623167,27
2000-03-22,277.902929,27
2000-03-23,281.031041,27
2000-03-24,284.122843,27
2000-03-27,284.957581,27
2000-03-28,277.340501,27
2000-03-29,271.137410,27
2000-03-30,262.035452,27
2000-03-31,276.437903,27
2000-04-03,258.884204,27
2000-04-04,258.993421,27
2000-04-05,257.953880,27
2000-04-06,268.340496,27
2000-04-07,281.164964,27
2000-04-10,262.110055,27
2000-04-11,260.626885,27
2000-04-12,248.183295,27
2000-04-13,243.114956,27
2000-04-14,221.064649,27
2000-04-17,238.551928,27
2000-04-18,251.400658,27
2000-04-19,244.113458,27
2000-04-20,242.658374,27
2000-04-24,235.802916,27
2000-04-25,251.883346,27
2000-04-26,247.740127,27
2000-04-27,260.390172,27
2000-04-28,261.128060,27
2000-05-01,263.680291,27
2000-05-02,252.290377,27
2000-05-03,247.596471,27
2000-05-04,249.292873,27
2000-05-05,255.762406,27
2000-05-08,245.577333,27
2000-05-09,242.947564,27
2000-05-10,236.532170,27
2000-05-11,241.509785,27
2000-05-12,241.862503,27
2000-05-15,249.155582,27
2000-05-16,259.749354,27
2000-05-17,252.295348,27
2000-05-18,244.105771,27
2000-05-19,235.463787,27
2000-05-22,232.568730,27
2000-05-23,220.535543,27
2000-05-24,230.249229,27
2000-05-25,224.607281,27
2000-05-26,224.287589,27
2000-05-30,245.888120,27
2000-05-31,241.836070,27
2000-06-01,253.940694,27
2000-06-02,268.236587,27
2000-06-05,265.510716,27
2000-06-06,258.945978,27
2000-06-07,262.774686,27
2000-06-08,261.162278,27
2000-06-09,264.623023,27
2000-06-12,255.578929,27
2000-06-13,262.645333,27
2000-06-14,256.521431,27
2000-06-15,259.478140,27
2000-06-16,260.474281,27
2000-06-19,268.875605,27
2000-06-20,270.549186,27
2000-06-21,272.905861,27
2000-06-22,264.832487,27
2000-06-23,255.403305,27
2000-06-26,262.359630,27
2000-06-27,258.765908,27
2000-06-28,264.275306,27
2000-06-29,259.263705,27
2000-06-30,263.566321,27
2000-07-03,267.683209,27
2000-07-05,258.513098,27
2000-07-06,265.953420,27
2000-07-07,271.509758,27
2000-07-10,269.872900,27
2000-07-11,267.959271,27
2000-07-12,275.514114,27
2000-07-13,276.472851,27
2000-07-14,281.127464,27
2000-07-17,282.190981,27
2000-07-18,277.746227,27
2000-07-19,272.305677,27
2000-07-20,279.977557,27
2000-07-21,271.471381,27
2000-07-24,268.439642,27
2000-07-25,271.277322,27
2000-07-26,267.230184,27
2000-07-27,259.371874,27
2000-07-28,248.456316,27
2000-07-31,258.387100,27
2000-08-01,253.531465,27
2000-08-02,252.187132,27
2000-08-03,256.811254,27
2000-08-04,257.990756,27
2000-08-07,264.983345,27
2000-08-08,262.355654,27
2000-08-09,260.975792,27
2000-08-10,255.230661,27
2000-08-11,259.172931,27
2000-08-14,264.855272,27
2000-08-15,264.960488,27
2000-08-16,265.553717,27
2000-08-17,272.699889,27
2000-08-18,271.547744,27
2000-08-21,269.555576,27
2000-08-22,271.394900,27
2000-08-23,276.497005,27
2000-08-24,281.167316,27
2000-08-25,280.427532,27
2000-08-28,282.150105,27
2000-08-29,285.946443,27
2000-08-30,288.704467,27
2000-08-31,292.886495,27
2000-09-01,294.812992,27
2000-09-05,289.955085,27
2000-09-06,281.880707,27
2000-09-07,288.868695,27
2000-09-08,281.886682,27
2000-09-11,276.727527,27
2000-09-12,274.795449,27
2000-09-13,278.490528,27
2000-09-14,278.300480,27
2000-09-15,276.636824,27
2000-09-18,274.169719,27
2000-09-19,282.891839,27
2000-09-20,285.275347,27
2000-09-21,280.719716,27
2000-09-22,276.849612,27
2000-09-25,272.934946,27
2000-09-26,269.399888,27
2000-09-27,268.579671,27
2000-09-28,277.745601,27
2000-09-29,263.210059,27
2000-10-02,259.982079,27
2000-10-03,253.145933,27
2000-10-04,257.046377,27
2000-10-05,256.504268,27
2000-10-06,249.259215,27
2000-10-09,247.988013,27
2000-10-10,239.217699,27
2000-10-11,235.043815,27
2000-10-12,229.201122,27
2000-10-13,244.450471,27
2000-10-16,240.459053,27
2000-10-17,233.048619,27
2000-10-18,233.860842,27
2000-10-19,254.352116,27
2000-10-20,257.067719,27
2000-10-23,253.520487,27
2000-10-24,249.199643,27
2000-10-25,239.661660,27
2000-10-26,246.193697,27
2000-10-27,244.118867,27
2000-10-30,238.212343,27
2000-10-31,253.037116,27
2000-11-01,252.927805,27
2000-11-02,257.627293,27
2000-11-03,255.020879,27
2000-11-06,255.374915,27
2000-11-07,253.987984,27
2000-11-08,240.687382,27
2000-11-09,238.677139,27
2000-11-10,227.231463,27
2000-11-13,225.113061,27
2000-11-14,241.155975,27
2000-11-15,241.866692,27
2000-11-16,232.887323,27
2000-11-17,233.756791,27
2000-11-20,224.431521,27
2000-11-21,225.204949,27
2000-11-22,218.669729,27
2000-11-24,228.447213,27
2000-11-27,225.999379,27
2000-11-28,215.973532,27
2000-11-29,215.845352,27
2000-11-30,208.562683,27
2000-12-01,211.755247,27
2000-12-04,211.812220,27
2000-12-05,228.630953,27
2000-12-06,218.333311,27
2000-12-07,213.415613,27
2000-12-08,232.703254,27
2000-12-11,238.031938,27
2000-12-12,231.106736,27
2000-12-13,225.436545,27
2000-12-14,218.250174,27
2000-12-15,213.150381,27
2000-12-18,213.634516,27
2000-12-19,203.515212,27
2000-12-20,189.700732,27
2000-12-21,190.992017,27
2000-12-22,207.405612,27
2000-12-26,204.942220,27
2000-12-27,210.536320,27
2000-12-28,212.077943,27
2000-12-29,209.792373,27
2001-01-02,194.070247,27
2001-01-03,225.026172,27
2001-01-04,222.167172,27
2001-01-05,207.878414,27
2001-01-08,211.370015,27
2001-01-09,213.914973,27
2001-01-10,214.896136,27
2001-01-11,226.338511,27
2001-01-12,223.987519,27
2001-01-16,221.926658,27
2001-01-17,230.512755,27
2001-01-18,241.915454,27
2001-01-19,241.410104,27
2001-01-22,239.842425,27
2001-01-23,243.972842,27
2001-01-24,243.961824,27
2001-01-25,237.228702,27
2001-01-26,239.036740,27
2001-01-29,244.229460,27
2001-01-30,244.851418,27
2001-01-31,240.523966,27
2001-02-01,239.427756,27
2001-02-02,228.690343,27
2001-02-05,227.249284,27
2001-02-06,229.194459,27
2001-02-07,222.436718,27
2001-02-08,218.393617,27
2001-02-09,211.041462,27
2001-02-12,216.041887,27
2001-02-13,210.359811,27
2001-02-14,220.082283,27
2001-02-15,226.627007,27
2001-02-16,217.036908,27
2001-02-20,207.521409,27
2001-02-21,206.076495,27
2001-02-22,205.338822,27
2001-02-23,205.275925,27
2001-02-26,207.699296,27
2001-02-27,198.446968,27
2001-02-28,190.832354,27
2001-03-01,196.611467,27
2001-03-02,190.632709,27
2001-03-05,196.566432,27
2001-03-06,201.949993,27
2001-03-07,204.906881,27
2001-03-08,200.299938,27
2001-03-09,190.574036,27
2001-03-12,176.989518,26
2001-03-13,186.437191,26
2001-03-14,182.394097,27
2001-03-15,176.759692,27
2001-03-16,174.972714,27
2001-03-19,182.946388,27
2001-03-20,172.176611,27
2001-03-21,173.608573,27
2001-03-22,183.221792,27
2001-03-23,184.020708,27
2001-03-26,183.984213,27
2001-03-27,189.096278,27
2001-03-28,176.163109,27
2001-03-29,171.892181,27
2001-03-30,171.798801,27
2001-04-02,165.603780,27
2001-04-03,155.211807,27
2001-04-04,151.800436,27
2001-04-05,166.286481,27
2001-04-06,157.793696,27
2001-04-09,162.077725,27
2001-04-10,177.445340,27
2001-04-11,183.298911,27
2001-04-12,189.735856,27
2001-04-16,183.369320,27
2001-04-17,184.827561,27
2001-04-18,203.850913,27
2001-04-19,215.447278,27
2001-04-20,211.269310,27
2001-04-23,200.732036,27
2001-04-24,194.745383,27
2001-04-25,203.647404,27
2001-04-26,198.447004,27
2001-04-27,203.604368,27
2001-04-30,207.480025,27
2001-05-01,212.768261,27
2001-05-02,215.867490,27
2001-05-03,209.597680,27
2001-05-04,213.959918,27
2001-05-07,211.791934,27
2001-05-08,214.822757,27
2001-05-09,209.426392,27
2001-05-10,205.606543,27
2001-05-11,204.061550,27
2001-05-14,201.882593,27
2001-05-15,202.047166,27
2001-05-16,212.295198,27
2001-05-17,214.689501,27
2001-05-18,214.223536,27
2001-05-21,227.262518,27
2001-05-22,227.105189,27
2001-05-23,218.331732,27
2001-05-24,223.449411,27
2001-05-25,220.156778,27
2001-05-29,211.287296,26
2001-05-30,200.422760,26
2001-05-31,203.552767,27
2001-06-01,207.137411,27
2001-06-04,205.536075,27
2001-06-05,213.195998,27
2001-06-06,210.500507,27
2001-06-07,217.832277,27
2001-06-08,211.109717,27
2001-06-11,206.534041,27
2001-06-12,206.186809,27
2001-06-13,200.221163,27
2001-06-14,192.616636,27
2001-06-15,192.535504,27
2001-06-18,191.257371,27
2001-06-19,190.884283,27
2001-06-20,195.458561,27
2001-06-21,199.779674,27
2001-06-22,198.217505,27
2001-06-25,200.520483,27
2001-06-26,201.395667,27
2001-06-27,200.985538,27
2001-06-28,206.770010,27
2001-06-29,209.072528,27
2001-07-02,209.361642,27
2001-07-03,208.960637,27
2001-07-05,202.329706,26
2001-07-06,193.225806,26
2001-07-09,196.478128,26
2001-07-10,190.207398,26
2001-07-11,192.038723,27
2001-07-12,203.339358,27
2001-07-13,203.776080,27
2001-07-16,195.114607,27
2001-07-17,199.844092,27
2001-07-18,195.074157,27
2001-07-19,199.215257,27
2001-07-20,195.691718,27
2001-07-23,192.129011,27
2001-07-24,191.183024,27
2001-07-25,191.988552,27
2001-07-26,196.913676,27
2001-07-27,200.061232,27
2001-07-30,199.575072,27
2001-07-31,201.389477,27
2001-08-01,207.042014,27
2001-08-02,209.970618,27
2001-08-03,207.874400,27
2001-08-06,203.848039,27
2001-08-07,203.807551,27
2001-08-08,197.587227,27
2001-08-09,197.283393,27
2001-08-10,195.575315,27
2001-08-13,198.560227,27
2001-08-14,195.408332,27
2001-08-15,190.181756,27
2001-08-16,189.313786,27
2001-08-17,182.435346,27
2001-08-20,186.412538,27
2001-08-21,180.999728,27
2001-08-22,186.344477,27
2001-08-23,184.145582,26
2001-08-24,194.241148,26
2001-08-27,194.387144,26
2001-08-28,188.774820,26
2001-08-29,185.376795,26
2001-08-30,180.529489,26
2001-08-31,185.228139,27
2001-09-04,174.398462,27
2001-09-05,171.360204,27
2001-09-06,171.592670,27
2001-09-07,172.849677,27
2001-09-10,172.542082,27
2001-09-17,161.929209,27
2001-09-18,157.868663,27
2001-09-19,155.102859,27
2001-09-20,150.064198,27
2001-09-21,145.468790,27
2001-09-24,151.761269,27
2001-09-25,155.395433,27
2001-09-26,147.652249,27
2001-09-27,149.178257,27
2001-09-28,151.196545,27
2001-10-01,148.538360,32
2001-10-02,148.899167,32
2001-10-03,160.440895,32
2001-10-04,163.257538,32
2001-10-05,165.241624,32
2001-10-08,166.801573,32
2001-10-09,161.980685,32
2001-10-10,169.391598,32
2001-10-11,180.478840,32
2001-10-12,180.907099,32
2001-10-15,180.120829,32
2001-10-16,183.698213,32
2001-10-17,174.085065,32
2001-10-18,175.192817,32
2001-10-19,177.262653,32
2001-10-22,181.940647,32
2001-10-23,183.582446,32
2001-10-24,188.092708,32
2001-10-25,195.155367,32
2001-10-26,191.255739,32
2001-10-29,180.372722,32
2001-10-30,177.003611,32
2001-10-31,179.015053,32
2001-11-01,185.204104,32
2001-11-02,185.979438,32
2001-11-05,193.083077,32
2001-11-06,198.237070,32
2001-11-07,198.502100,32
2001-11-08,195.745749,32
2001-11-09,197.022112,32
2001-11-12,199.110984,32
2001-11-13,205.275808,32
2001-11-14,206.499628,32
2001-11-15,205.799656,32
2001-11-16,205.357835,32
2001-11-19,208.768326,32
2001-11-20,200.872663,32
2001-11-21,201.988736,32
2001-11-23,205.403925,32
2001-11-26,212.763019,32
2001-11-27,212.290726,32
2001-11-28,206.139888,32
2001-11-29,210.295148,32
2001-11-30,209.556263,32
2001-12-03,207.047751,32
2001-12-04,215.788470,32
2001-12-05,227.530915,32
2001-12-06,227.346898,32
2001-12-07,223.043053,32
2001-12-10,220.122717,32
2001-12-11,221.950185,32
2001-12-12,220.697386,32
2001-12-13,212.534850,32
2001-12-14,211.918966,32
2001-12-17,215.854359,32
2001-12-18,218.079987,32
2001-12-19,214.946218,32
2001-12-20,206.396879,32
2001-12-21,209.682538,32
2001-12-24,210.267316,32
2001-12-26,211.744251,32
2001-12-27,212.952867,32
2001-12-28,215.216658,32
2001-12-31,210.229919,32
2002-01-02,214.265817,32
2002-01-03,221.573969,32
2002-01-04,223.348109,32
2002-01-07,221.288473,32
2002-01-08,223.106959,32
2002-01-09,221.582460,32
2002-01-10,221.794719,32
2002-01-11,218.185788,32
2002-01-14,213.598078,32
2002-01-15,214.105226,32
2002-01-16,206.269413,32
2002-01-17,212.116758,32
2002-01-18,206.768726,32
2002-01-22,203.554161,32
2002-01-23,210.583182,32
2002-01-24,212.708341,32
2002-01-25,211.939356,32
2002-01-28,213.215621,32
2002-01-29,207.516777,32
2002-01-30,210.247319,32
2002-01-31,211.862565,32
2002-02-01,208.849961,32
2002-02-04,202.310712,32
2002-02-05,200.512753,32
2002-02-06,197.995244,32
2002-02-07,194.576441,32
2002-02-08,199.828937,32
2002-02-11,205.256834,32
2002-02-12,198.918786,32
2002-02-13,204.189913,32
2002-02-14,202.838869,32
2002-02-15,197.866218,32
2002-02-19,192.368695,32
2002-02-20,209.802109,32
2002-02-21,199.179732,32
2002-02-22,200.567936,32
2002-02-25,210.784493,32
2002-02-26,210.284664,32
2002-02-27,207.884659,32
2002-02-28,205.157846,32
2002-03-01,216.079138,32
2002-03-04,227.177464,32
2002-03-05,226.909114,32
2002-03-06,228.546542,32
2002-03-07,227.124914,32
2002-03-08,232.885052,32
2002-03-11,234.353043,32
2002-03-12,228.481243,32
2002-03-13,223.853721,32
2002-03-14,221.740487,32
2002-03-15,223.983094,32
2002-03-18,226.044182,32
2002-03-19,226.004204,32
2002-03-20,219.265413,32
2002-03-21,224.642638,32
2002-03-22,222.854948,32
2002-03-25,216.797238,32
2002-03-26,218.758701,32
2002-03-27,219.044130,32
2002-03-28,221.703571,32
2002-04-01,224.368919,32
2002-04-02,217.266618,32
2002-04-03,214.999349,32
2002-04-04,214.602058,32
2002-04-05,212.821101,32
2002-04-08,216.930562,32
2002-04-09,215.508051,32
2002-04-10,215.919881,32
2002-04-11,210.700494,32
2002-04-12,214.946811,32
2002-04-15,216.319955,32
2002-04-16,224.252208,32
2002-04-17,222.735027,32
2002-04-18,220.536680,32
2002-04-19,219.248309,32
2002-04-22,213.839918,32
2002-04-23,209.606946,32
2002-04-24,205.978272,32
2002-04-25,207.636690,32
2002-04-26,198.532615,32
2002-04-29,197.304778,32
2002-04-30,201.372914,32
2002-05-01,200.841341,32
2002-05-02,193.450988,32
2002-05-03,188.774301,32
2002-05-06,186.057872,32
2002-05-07,187.861283,32
2002-05-08,205.962989,32
2002-05-09,200.972237,32
2002-05-10,193.717180,32
2002-05-13,201.362944,32
2002-05-14,211.075890,32
2002-05-15,212.414556,32
2002-05-16,213.059255,32
2002-05-17,214.416367,32
2002-05-20,210.789824,32
2002-05-21,202.522653,32
2002-05-22,202.758461,32
2002-05-23,205.410065,32
2002-05-24,204.185946,32
2002-05-28,202.685273,32
2002-05-29,198.833163,32
2002-05-30,197.149982,32
2002-05-31,194.760559,32
2002-06-03,188.129096,32
2002-06-04,190.265707,32
2002-06-05,190.706976,32
2002-06-06,184.828355,32
2002-06-07,188.769471,32
2002-06-10,188.378747,32
2002-06-11,180.011628,32
2002-06-12,181.276593,32
2002-06-13,181.521714,32
2002-06-14,181.468336,32
2002-06-17,187.889149,32
2002-06-18,184.329668,32
2002-06-19,180.340787,32
2002-06-20,175.488835,32
2002-06-21,171.909157,32
2002-06-24,175.393965,32
2002-06-25,167.597231,32
2002-06-26,167.477918,32
2002-06-27,169.925327,32
2002-06-28,169.888827,32
2002-07-01,161.478103,32
2002-07-02,155.946315,32
2002-07-03,162.385175,32
2002-07-05,173.333175,32
2002-07-08,166.904313,32
2002-07-09,161.590197,32
2002-07-10,156.731402,32
2002-07-11,163.309950,32
2002-07-12,163.060377,32
2002-07-15,168.313940,32
2002-07-16,165.452733,32
2002-07-17,171.146425,32
2002-07-18,165.839014,32
2002-07-19,159.973590,32
2002-07-22,156.340124,32
2002-07-23,148.322973,32
2002-07-24,157.547289,32
2002-07-25,146.680809,32
2002-07-26,149.600056,32
2002-07-29,157.549319,32
2002-07-30,156.035615,32
2002-07-31,154.780237,32
2002-08-01,146.851690,32
2002-08-02,141.283972,32
2002-08-05,137.622069,32
2002-08-06,144.695159,32
2002-08-07,145.836805,32
2002-08-08,150.792483,32
2002-08-09,146.885351,32
2002-08-12,147.587253,32
2002-08-13,145.930460,32
2002-08-14,155.477527,32
2002-08-15,156.019645,32
2002-08-16,158.186598,32
2002-08-19,164.464975,32
2002-08-20,162.914937,32
2002-08-21,168.649209,32
2002-08-22,172.105536,32
2002-08-23,165.172412,32
2002-08-26,166.550151,32
2002-08-27,160.404530,32
2002-08-28,155.246932,32
2002-08-29,158.705342,32
2002-08-30,156.162445,32
2002-09-03,148.664659,32
2002-09-04,151.746429,32
2002-09-05,146.447067,32
2002-09-06,153.735101,32
2002-09-09,154.804742,32
2002-09-10,157.268871,32
2002-09-11,158.536021,32
2002-09-12,153.015961,32
2002-09-13,153.632993,32
2002-09-16,150.444951,32
2002-09-17,149.177348,32
2002-09-18,148.347111,32
2002-09-19,143.375369,32
2002-09-20,144.725980,32
2002-09-23,140.123584,32
2002-09-24,140.002910,32
2002-09-25,146.441218,32
2002-09-26,145.283689,32
2002-09-27,143.388213,32
2002-09-30,142.553796,32
2002-10-01,146.505781,44
2002-10-02,142.226521,44
2002-10-03,140.873330,44
2002-10-04,138.213741,44
2002-10-07,134.640011,44
2002-10-08,135.525978,44
2002-10-09,133.803117,44
2002-10-10,140.368527,44
2002-10-11,144.831267,44
2002-10-14,145.585464,44
2002-10-15,153.029652,44
2002-10-16,147.420268,44
2002-10-17,153.156184,44
2002-10-18,154.247533,44
2002-10-21,158.751215,44
2002-10-22,169.197592,44
2002-10-23,173.824438,44
2002-10-24,168.856598,44
2002-10-25,172.287269,44
2002-10-28,171.125853,44
2002-10-29,167.871284,44
2002-10-30,173.034742,44
2002-10-31,173.575957,44
2002-11-01,179.566084,44
2002-11-04,185.301714,44
2002-11-05,184.590891,44
2002-11-06,187.805757,44
2002-11-07,180.749139,44
2002-11-08,178.087523,44
2002-11-11,171.615136,44
2002-11-12,176.457923,44
2002-11-13,177.979139,44
2002-11-14,185.688726,44
2002-11-15,187.506876,44
2002-11-18,185.373449,44
2002-11-19,182.149851,44
2002-11-20,188.246778,44
2002-11-21,195.344358,44
2002-11-22,196.839129,44
2002-11-25,198.269359,44
2002-11-26,192.393702,44
2002-11-27,199.345952,44
2002-11-29,198.802861,44
2002-12-02,198.956307,44
2002-12-03,193.836300,44
2002-12-04,190.460433,44
2002-12-05,189.039295,44
2002-12-06,191.175633,44
2002-12-09,183.439555,44
2002-12-10,187.245334,44
2002-12-11,187.708475,44
2002-12-12,188.778160,44
2002-12-13,184.206495,44
2002-12-16,187.043334,44
2002-12-17,185.447604,44
2002-12-18,180.282937,44
2002-12-19,184.040849,44
2002-12-20,183.425261,44
2002-12-23,186.512848,44
2002-12-24,184.777351,44
2002-12-26,183.849159,44
2002-12-27,180.349027,44
2002-12-30,178.351748,44
2002-12-31,178.343648,44
2003-01-02,186.555675,44
2003-01-03,186.847916,44
2003-01-06,191.816066,44
2003-01-07,193.115039,44
2003-01-08,187.520706,44
2003-01-09,193.306382,44
2003-01-10,198.959514,44
2003-01-13,197.451529,44
2003-01-14,199.015808,44
2003-01-15,195.026231,44
2003-01-16,193.039519,44
2003-01-17,187.386429,44
2003-01-21,185.171257,44
2003-01-22,184.614586,44
2003-01-23,189.039673,44
2003-01-24,183.435410,44
2003-01-27,181.651257,44
2003-01-28,184.001833,44
2003-01-29,186.771148,44
2003-01-30,181.634828,44
2003-01-31,181.688070,44
2003-02-03,181.918157,44
2003-02-04,179.245270,44
2003-02-05,178.939899,44
2003-02-06,179.166568,44
2003-02-07,176.574375,44
2003-02-10,178.951273,44
2003-02-11,178.796141,44
2003-02-12,175.588171,44
2003-02-13,174.562748,44
2003-02-14,179.523563,44
2003-02-18,184.674602,44
2003-02-19,182.769585,44
2003-02-20,180.756407,44
2003-02-21,182.857461,44
2003-02-24,179.380301,44
2003-02-25,180.550943,44
2003-02-26,176.828150,44
2003-02-27,180.246541,44
2003-02-28,183.121684,44
2003-03-03,180.594566,44
2003-03-04,178.357146,44
2003-03-05,178.958117,44
2003-03-06,178.166013,44
2003-03-07,178.462827,44
2003-03-10,174.947512,44
2003-03-11,173.478499,44
2003-03-12,174.448899,44
2003-03-13,183.822731,44
2003-03-14,184.382341,44
2003-03-17,192.703556,44
2003-03-18,194.487674,44
2003-03-19,192.403976,44
2003-03-20,193.906844,44
2003-03-21,195.932046,44
2003-03-24,188.679870,44
2003-03-25,197.203138,44
2003-03-26,197.292585,44
2003-03-27,195.905900,44
2003-03-28,193.789884,44
2003-03-31,187.735470,44
2003-04-01,188.235743,44
2003-04-02,195.710675,44
2003-04-03,196.179535,44
2003-04-04,194.622275,44
2003-04-07,195.958600,44
2003-04-08,200.306568,44
2003-04-09,196.895594,44
2003-04-10,196.509090,44
2003-04-11,195.237764,44
2003-04-14,198.631378,44
2003-04-15,200.337713,44
2003-04-16,199.709131,44
2003-04-17,204.797004,44
2003-04-21,204.846512,44
2003-04-22,208.291187,44
2003-04-23,209.596128,44
2003-04-24,207.787723,44
2003-04-25,203.349204,44
2003-04-28,207.851633,44
2003-04-29,210.928343,44
2003-04-30,210.846146,44
2003-05-01,211.435264,44
2003-05-02,215.991592,44
2003-05-05,217.628861,44
2003-05-06,221.307378,44
2003-05-07,218.144518,44
2003-05-08,214.429156,44
2003-05-09,220.024924,44
2003-05-12,223.216575,44
2003-05-13,221.950464,44
2003-05-14,219.897551,44
2003-05-15,222.787212,44
2003-05-16,221.539650,44
2003-05-19,213.943411,44
2003-05-20,213.291462,44
2003-05-21,214.963867,44
2003-05-22,218.326953,44
2003-05-23,218.307338,44
2003-05-27,227.098361,44
2003-05-28,228.465101,44
2003-05-29,230.624379,44
2003-05-30,240.144745,44
2003-06-02,238.037037,44
2003-06-03,239.875479,44
2003-06-04,245.213119,44
2003-06-05,244.118770,44
2003-06-06,245.281269,44
2003-06-09,242.132461,44
2003-06-10,244.809559,44
2003-06-11,248.158417,44
2003-06-12,248.471607,44
2003-06-13,242.535222,44
2003-06-16,248.676183,44
2003-06-17,248.898858,44
2003-06-18,250.202886,44
2003-06-19,243.496559,44
2003-06-20,243.266134,44
2003-06-23,240.192037,44
2003-06-24,239.039135,44
2003-06-25,241.055983,44
2003-06-26,245.128324,44
2003-06-27,244.386423,44
2003-06-30,244.214546,44
2003-07-01,246.537372,44
2003-07-02,250.875637,44
2003-07-03,248.897516,44
2003-07-07,256.779143,44
2003-07-08,260.718209,44
2003-07-09,261.232688,44
2003-07-10,255.844630,44
2003-07-11,258.358745,44
2003-07-14,259.894338,44
2003-07-15,259.572931,44
2003-07-16,259.309599,44
2003-07-17,251.047261,44
2003-07-18,253.408088,44
2003-07-21,249.663045,44
2003-07-22,253.335865,44
2003-07-23,254.494177,44
2003-07-24,251.687919,44
2003-07-25,256.949693,44
2003-07-28,258.049129,44
2003-07-29,257.496856,44
2003-07-30,255.532243,44
2003-07-31,258.442223,44
2003-08-01,256.200585,44
2003-08-04,261.922228,44
2003-08-05,256.373317,44
2003-08-06,249.727124,44
2003-08-07,250.539644,44
2003-08-08,252.492512,44
2003-08-11,256.266376,44
2003-08-12,260.890149,44
2003-08-13,265.830844,44
2003-08-14,267.388182,44
2003-08-15,267.822637,44
2003-08-18,273.677638,44
2003-08-19,274.630595,44
2003-08-20,274.842198,44
2003-08-21,279.400072,44
2003-08-22,276.720439,44
2003-08-25,276.214864,44
2003-08-26,276.925271,44
2003-08-27,279.170853,44
2003-08-28,282.003750,44
2003-08-29,283.632158,44
2003-09-02,290.163663,44
2003-09-03,290.025761,44
2003-09-04,292.740569,44
2003-09-05,287.905520,44
2003-09-08,292.456554,44
2003-09-09,288.309398,44
2003-09-10,281.058623,44
2003-09-11,288.809516,44
2003-09-12,289.115798,44
2003-09-15,286.905338,44
2003-09-16,293.926396,44
2003-09-17,290.046758,44
2003-09-18,293.840105,44
2003-09-19,290.729322,44
2003-09-22,284.768581,44
2003-09-23,288.743162,44
2003-09-24,279.880105,44
2003-09-25,276.169192,44
2003-09-26,272.146916,44
2003-09-29,276.569659,44
2003-09-30,272.483964,44
2003-10-01,277.455844,46
2003-10-02,278.115052,46
2003-10-03,285.228775,46
2003-10-06,285.972403,46
2003-10-07,289.042315,46
2003-10-08,287.626599,46
2003-10-09,293.009230,46
2003-10-10,294.748098,46
2003-10-13,295.612814,46
2003-10-14,298.025515,46
2003-10-15,296.776715,46
2003-10-16,298.456232,46
2003-10-17,292.062863,46
2003-10-20,295.050178,46
2003-10-21,298.121478,46
2003-10-22,296.695161,46
2003-10-23,294.616337,46
2003-10-24,294.453603,46
2003-10-27,295.807395,46
2003-10-28,306.290901,46
2003-10-29,306.663510,46
2003-10-30,305.492637,46
2003-10-31,305.378796,46
2003-11-03,311.344077,46
2003-11-04,309.975024,46
2003-11-05,311.163865,46
2003-11-06,313.393072,46
2003-11-07,313.906121,46
2003-11-10,309.757923,46
2003-11-11,308.933210,46
2003-11-12,315.782188,46
2003-11-13,315.639292,46
2003-11-14,309.250853,46
2003-11-17,306.742438,46
2003-11-18,301.141688,46
2003-11-19,299.160636,46
2003-11-20,299.411984,46
2003-11-21,300.106890,46
2003-11-24,315.722975,46
2003-11-25,318.472576,46
2003-11-26,318.055401,46
2003-11-28,320.453489,46
2003-12-01,325.003545,46
2003-12-02,321.983924,46
2003-12-03,316.982941,46
2003-12-04,318.351446,46
2003-12-05,312.365804,46
2003-12-08,315.462791,46
2003-12-09,307.792485,46
2003-12-10,309.383535,46
2003-12-11,315.862974,46
2003-12-12,316.145444,46
2003-12-15,310.839485,46
2003-12-16,310.732420,46
2003-12-17,310.130750,46
2003-12-18,316.920034,46
2003-12-19,314.996185,46
2003-12-22,315.735425,46
2003-12-23,318.257794,46
2003-12-24,317.299573,46
2003-12-26,318.655645,46
2003-12-29,322.963150,46
2003-12-30,320.989764,46
2003-12-31,320.652105,46
2004-01-02,319.800714,46
2004-01-05,325.549351,46
2004-01-06,328.129143,46
2004-01-07,329.929203,46
2004-01-08,333.544619,46
2004-01-09,332.509441,46
2004-01-12,335.440824,46
2004-01-13,333.571308,46
2004-01-14,334.560372,46
2004-01-15,335.268553,46
2004-01-16,339.725304,46
2004-01-20,341.801682,46
2004-01-21,340.071458,46
2004-01-22,337.413090,46
2004-01-23,335.428472,46
2004-01-26,338.108040,46
2004-01-27,332.086434,46
2004-01-28,326.598708,46
2004-01-29,329.035996,46
2004-01-30,330.102825,46
2004-02-02,329.669898,46
2004-02-03,329.377943,46
2004-02-04,325.275654,46
2004-02-05,327.004054,46
2004-02-06,332.778507,46
2004-02-09,332.140800,46
2004-02-10,334.576955,46
2004-02-11,336.912308,46
2004-02-12,334.435847,46
2004-02-13,330.945755,46
2004-02-17,334.214695,46
2004-02-18,337.308124,46
2004-02-19,333.285542,46
2004-02-20,331.675081,46
2004-02-23,324.490584,46
2004-02-24,325.722345,46
2004-02-25,327.702262,46
2004-02-26,330.418529,46
2004-02-27,327.731065,46
2004-03-01,333.297455,46
2004-03-02,331.358683,46
2004-03-03,329.265653,46
2004-03-04,332.527293,46
2004-03-05,330.759998,46
2004-03-08,324.485984,46
2004-03-09,321.869202,46
2004-03-10,318.047497,46
2004-03-11,314.561613,46
2004-03-12,319.532134,46
2004-03-15,312.472580,46
2004-03-16,314.234599,46
2004-03-17,319.658215,46
2004-03-18,317.939066,46
2004-03-19,314.832623,46
2004-03-22,310.550538,46
2004-03-23,309.017585,46
2004-03-24,314.044803,46
2004-03-25,322.966290,46
2004-03-26,320.724931,46
2004-03-29,325.945207,46
2004-03-30,328.297761,46
2004-03-31,327.036818,46
2004-04-01,329.911641,46
2004-04-02,337.818059,46
2004-04-05,341.794297,46
2004-04-06,338.440550,46
2004-04-07,337.033771,46
2004-04-08,336.956338,46
2004-04-12,339.368648,46
2004-04-13,334.083327,46
2004-04-14,335.022469,46
2004-04-15,331.847654,46
2004-04-16,330.733186,46
2004-04-19,336.138247,46
2004-04-20,328.067480,46
2004-04-21,330.607020,46
2004-04-22,334.957130,46
2004-04-23,338.075292,46
2004-04-26,334.156378,46
2004-04-27,333.451756,46
2004-04-28,327.491227,46
2004-04-29,323.453220,46
2004-04-30,317.656065,46
2004-05-03,319.801540,46
2004-05-04,321.416945,46
2004-05-05,322.720392,46
2004-05-06,318.433948,46
2004-05-07,315.859407,46
2004-05-10,313.502101,46
2004-05-11,318.338437,46
2004-05-12,317.196120,46
2004-05-13,317.049476,46
2004-05-14,314.113217,46
2004-05-17,310.874220,46
2004-05-18,314.523192,46
2004-05-19,313.881645,46
2004-05-20,313.426446,46
2004-05-21,317.166255,46
2004-05-24,318.972418,46
2004-05-25,326.042963,46
2004-05-26,326.833145,46
2004-05-27,329.456580,46
2004-05-28,330.062987,46
2004-06-01,331.712925,46
2004-06-02,330.652175,46
2004-06-03,326.905868,46
2004-06-04,328.394311,46
2004-06-07,336.017966,46
2004-06-08,336.060355,46
2004-06-09,330.506918,46
2004-06-10,332.149768,46
2004-06-14,326.438869,46
2004-06-15,331.859751,46
2004-06-16,331.915293,46
2004-06-17,328.134704,46
2004-06-18,328.929945,46
2004-06-21,326.024633,46
2004-06-22,330.257231,46
2004-06-23,335.368018,46
2004-06-24,335.508579,46
2004-06-25,337.760174,46
2004-06-28,335.804641,46
2004-06-29,339.276761,46
2004-06-30,341.494125,46
2004-07-01,334.593377,46
2004-07-02,330.776126,46
2004-07-06,324.411861,46
2004-07-07,325.555208,46
2004-07-08,320.764179,46
2004-07-09,322.148639,46
2004-07-12,319.241202,46
2004-07-13,320.535289,46
2004-07-14,315.914050,46
2004-07-15,316.989646,46
2004-07-16,311.828676,46
2004-07-19,312.570808,46
2004-07-20,318.753753,46
2004-07-21,308.770679,46
2004-07-22,312.853055,46
2004-07-23,306.768794,46
2004-07-26,304.237571,46
2004-07-27,309.901650,46
2004-07-28,307.043895,46
2004-07-29,311.426357,46
2004-07-30,312.957737,46
2004-08-02,313.014952,46
2004-08-03,307.195116,46
2004-08-04,309.169944,46
2004-08-05,303.306484,46
2004-08-06,292.389555,46
2004-08-09,294.117426,46
2004-08-10,300.346066,46
2004-08-11,294.942537,46
2004-08-12,289.383344,46
2004-08-13,289.882954,46
2004-08-16,294.641018,46
2004-08-17,296.967144,46
2004-08-18,302.724204,46
2004-08-19,298.901650,46
2004-08-20,302.485893,46
2004-08-23,302.500762,46
2004-08-24,302.371365,46
2004-08-25,306.561126,46
2004-08-26,306.160082,46
2004-08-27,307.859039,46
2004-08-30,303.241892,46
2004-08-31,303.807938,46
2004-09-01,305.770243,46
2004-09-02,311.995500,46
2004-09-03,306.674394,46
2004-09-07,310.857965,46
2004-09-08,309.381602,46
2004-09-09,314.166328,46
2004-09-10,318.751357,46
2004-09-13,322.891291,46
2004-09-14,324.209509,46
2004-09-15,319.492937,46
2004-09-16,319.210406,46
2004-09-17,321.877465,46
2004-09-20,321.789246,46
2004-09-21,325.125768,46
2004-09-22,318.275327,46
2004-09-23,318.101639,46
2004-09-24,317.047285,46
2004-09-27,316.004205,46
2004-09-28,316.421216,46
2004-09-29,321.317735,46
2004-09-30,323.163441,46
2004-10-01,331.520625,47
2004-10-04,333.574871,47
2004-10-05,336.724029,47
2004-10-06,338.333238,47
2004-10-07,335.732398,47
2004-10-08,328.460009,47
2004-10-11,330.500006,47
2004-10-12,329.563353,47
2004-10-13,330.839918,47
2004-10-14,327.919377,47
2004-10-15,328.950802,47
2004-10-18,334.729134,47
2004-10-19,333.263591,47
2004-10-20,334.646886,47
2004-10-21,339.510557,47
2004-10-22,332.087342,47
2004-10-25,331.890145,47
2004-10-26,334.456085,47
2004-10-27,342.837020,47
2004-10-28,345.575388,47
2004-10-29,346.538576,47
2004-11-01,346.889334,47
2004-11-02,348.481339,47
2004-11-03,351.848352,47
2004-11-04,355.746465,47
2004-11-05,358.712255,47
2004-11-08,361.079799,47
2004-11-09,359.677018,47
2004-11-10,358.818631,47
2004-11-11,363.019433,47
2004-11-12,366.931817,47
2004-11-15,368.530502,47
2004-11-16,366.203843,47
2004-11-17,371.194346,47
2004-11-18,373.216896,47
2004-11-19,367.973013,47
2004-11-22,373.554267,47
2004-11-23,374.679228,47
2004-11-24,376.824280,47
2004-11-26,377.340055,47
2004-11-29,377.097102,47
2004-11-30,374.980797,47
2004-12-01,384.176998,47
2004-12-02,384.415068,47
2004-12-03,385.711563,47
2004-12-06,387.490722,47
2004-12-07,382.638107,47
2004-12-08,383.176251,47
2004-12-09,386.880976,47
2004-12-10,385.638962,47
2004-12-13,391.748034,47
2004-12-14,396.288697,47
2004-12-15,395.196162,47
2004-12-16,391.187050,47
2004-12-17,389.886574,47
2004-12-20,388.524248,47
2004-12-21,391.522165,47
2004-12-22,391.536318,47
2004-12-23,391.935483,47
2004-12-27,391.332182,47
2004-12-28,397.017815,47
2004-12-29,396.411048,47
2004-12-30,395.816903,47
2004-12-31,395.858836,47
2005-01-03,390.794358,47
2005-01-04,381.638488,47
2005-01-05,379.392080,47
2005-01-06,379.121322,47
2005-01-07,380.126587,47
2005-01-10,379.752935,47
2005-01-11,376.186070,47
2005-01-12,376.845827,47
2005-01-13,373.694731,47
2005-01-14,380.987377,47
2005-01-18,383.854576,47
2005-01-19,376.569957,47
2005-01-20,373.281400,47
2005-01-21,370.641647,47
2005-01-24,365.731535,47
2005-01-25,369.133016,47
2005-01-26,374.457643,47
2005-01-27,375.393352,47
2005-01-28,371.756599,47
2005-01-31,376.567115,47
2005-02-01,377.757630,47
2005-02-02,379.195697,47
2005-02-03,374.890743,47
2005-02-04,381.496724,47
2005-02-07,381.048038,47
2005-02-08,381.658487,47
2005-02-09,374.826626,47
2005-02-10,376.204156,47
2005-02-11,383.011961,47
2005-02-14,384.300587,47
2005-02-15,389.613858,47
2005-02-16,390.096155,47
2005-02-17,386.084878,47
2005-02-18,384.695871,47
2005-02-22,377.100056,47
2005-02-23,377.583683,47
2005-02-24,383.176397,47
2005-02-25,386.122185,47
2005-02-28,381.643132,47
2005-03-01,385.545888,47
2005-03-02,384.748876,47
2005-03-03,384.488132,47
2005-03-04,386.859075,47
2005-03-07,392.026491,47
2005-03-08,387.562500,47
2005-03-09,385.360683,47
2005-03-10,385.234327,47
2005-03-11,380.163052,47
2005-03-14,382.572492,47
2005-03-15,378.036749,47
2005-03-16,372.870195,47
2005-03-17,373.938967,47
2005-03-18,372.608697,47
2005-03-21,372.328483,47
2005-03-22,370.617747,47
2005-03-23,371.379988,47
2005-03-24,371.266838,47
2005-03-28,370.437653,47
2005-03-29,368.517230,47
2005-03-30,375.213624,47
2005-03-31,373.264431,47
2005-04-01,368.775597,47
2005-04-04,368.984389,47
2005-04-05,372.567269,47
2005-04-06,372.958466,47
2005-04-07,375.261871,47
2005-04-08,370.570586,47
2005-04-11,371.218541,47
2005-04-12,373.679071,47
2005-04-13,367.914354,47
2005-04-14,361.782563,47
2005-04-15,353.259480,47
2005-04-18,352.921292,47
2005-04-19,359.219098,47
2005-04-20,354.331326,47
2005-04-21,365.883212,47
2005-04-22,360.961642,47
2005-04-25,363.700013,47
2005-04-26,359.421323,47
2005-04-27,358.206244,47
2005-04-28,353.591373,47
2005-04-29,356.455810,47
2005-05-02,357.563221,47
2005-05-03,357.527242,47
2005-05-04,364.144451,47
2005-05-05,362.227859,47
2005-05-06,365.298819,47
2005-05-09,367.032951,47
2005-05-10,364.783728,47
2005-05-11,366.717364,47
2005-05-12,363.533354,47
2005-05-13,366.720930,47
2005-05-16,369.287430,47
2005-05-17,371.665293,47
2005-05-18,376.426774,47
2005-05-19,378.629179,47
2005-05-20,379.780103,47
2005-05-23,381.714351,47
2005-05-24,382.682610,47
2005-05-25,380.555245,47
2005-05-26,384.955761,47
2005-05-27,385.686929,47
2005-05-31,387.910757,47
2005-06-01,386.536111,47
2005-06-02,391.729496,47
2005-06-03,387.162147,47
2005-06-06,386.792607,47
2005-06-07,385.634052,47
2005-06-08,385.942431,47
2005-06-09,389.725420,47
2005-06-10,385.829994,47
2005-06-13,388.269956,47
2005-06-14,387.575069,47
2005-06-15,388.733297,47
2005-06-16,391.764597,47
2005-06-17,392.382428,47
2005-06-20,391.235491,47
2005-06-21,390.132559,47
2005-06-22,389.701190,47
2005-06-23,385.527855,47
2005-06-24,380.248144,47
2005-06-27,377.858548,47
2005-06-28,382.837093,47
2005-06-29,382.626866,47
2005-06-30,380.025631,47
2005-07-01,380.049063,47
2005-07-05,383.899578,47
2005-07-06,383.502734,47
2005-07-07,383.778793,47
2005-07-08,390.945469,47
2005-07-11,394.191871,47
2005-07-12,395.556491,47
2005-07-13,396.254964,47
2005-07-14,400.229996,47
2005-07-15,401.869432,47
2005-07-18,400.502154,47
2005-07-19,404.895402,47
2005-07-20,410.309914,47
2005-07-21,406.341821,47
2005-07-22,405.109953,47
2005-07-25,403.750750,47
2005-07-26,405.720343,47
2005-07-27,407.506311,47
2005-07-28,409.552776,47
2005-07-29,407.795770,47
2005-08-01,409.426700,47
2005-08-02,411.717621,47
2005-08-03,407.760964,47
2005-08-04,403.462343,47
2005-08-05,400.085701,47
2005-08-08,397.765078,47
2005-08-09,401.366805,47
2005-08-10,397.820518,47
2005-08-11,402.361171,47
2005-08-12,401.983426,47
2005-08-15,404.184848,47
2005-08-16,398.050417,47
2005-08-17,401.168824,47
2005-08-18,400.227976,47
2005-08-19,399.932405,47
2005-08-22,399.694988,47
2005-08-23,398.397773,47
2005-08-24,397.277753,47
2005-08-25,399.108726,47
2005-08-26,397.195157,47
2005-08-29,402.388065,47
2005-08-30,401.235969,47
2005-08-31,405.532343,47
2005-09-01,403.185423,47
2005-09-02,401.973797,47
2005-09-06,407.981514,47
2005-09-07,405.408890,47
2005-09-08,404.525589,47
2005-09-09,407.899969,47
2005-09-12,408.868975,47
2005-09-13,407.326522,47
2005-09-14,401.264336,47
2005-09-15,400.394245,47
2005-09-16,403.400442,47
2005-09-19,399.983758,47
2005-09-20,398.431797,47
2005-09-21,394.402866,47
2005-09-22,394.487355,47
2005-09-23,395.814311,47
2005-09-26,397.285876,47
2005-09-27,395.562778,47
2005-09-28,397.227757,47
2005-09-29,401.652707,47
2005-09-30,406.542914,47
2005-10-03,408.796944,51
2005-10-04,405.947377,51
2005-10-05,399.243144,51
2005-10-06,395.042442,51
2005-10-07,396.811053,51
2005-10-10,395.630954,51
2005-10-11,393.909452,51
2005-10-12,389.153852,51
2005-10-13,391.818222,51
2005-10-14,396.234226,51
2005-10-17,398.780472,51
2005-10-18,395.527649,51
2005-10-19,402.969372,51
2005-10-20,399.684694,51
2005-10-21,404.748980,51
2005-10-24,411.117607,51
2005-10-25,411.492447,51
2005-10-26,407.682623,51
2005-10-27,400.090994,51
2005-10-28,406.722127,51
2005-10-31,412.800312,51
2005-11-01,413.217706,51
2005-11-02,422.393743,51
2005-11-03,427.383929,51
2005-11-04,428.664653,51
2005-11-07,429.219487,51
2005-11-08,429.794496,51
2005-11-09,431.597695,51
2005-11-10,438.319199,51
2005-11-11,438.029177,51
2005-11-14,439.170353,51
2005-11-15,436.390758,51
2005-11-16,437.921380,51
2005-11-17,445.773119,51
2005-11-18,446.692145,51
2005-11-21,450.592473,51
2005-11-22,455.244831,51
2005-11-23,455.405472,51
2005-11-25,457.374633,51
2005-11-28,451.766631,51
2005-11-29,451.000322,51
2005-11-30,449.776100,51
2005-12-01,459.084375,51
2005-12-02,460.748985,51
2005-12-05,457.879314,51
2005-12-06,459.208438,51
2005-12-07,458.438879,51
2005-12-08,456.555209,51
2005-12-09,458.772398,51
2005-12-12,459.993802,51
2005-12-13,460.291951,51
2005-12-14,459.071990,51
2005-12-15,458.640654,51
2005-12-16,456.117360,51
2005-12-19,450.169936,51
2005-12-20,451.216696,51
2005-12-21,453.527994,51
2005-12-22,457.048881,51
2005-12-23,456.706825,51
2005-12-27,452.134998,51
2005-12-28,451.385957,51
2005-12-29,449.397415,51
2005-12-30,445.771500,51
2006-01-03,453.120073,51
2006-01-04,456.425493,51
2006-01-05,456.795058,51
2006-01-06,464.404331,51
2006-01-09,467.790509,51
2006-01-10,467.199088,51
2006-01-11,469.700106,51
2006-01-12,468.473515,51
2006-01-13,469.109611,51
2006-01-17,466.367098,51
2006-01-18,464.729419,51
2006-01-19,471.316642,51
2006-01-20,458.336506,51
2006-01-23,457.001462,51
2006-01-24,461.399127,51
2006-01-25,457.891240,51
2006-01-26,463.961464,51
2006-01-27,469.682720,51
2006-01-30,468.673898,51
2006-01-31,467.575586,51
2006-02-01,467.859317,51
2006-02-02,461.507367,51
2006-02-03,454.383236,51
2006-02-06,453.112367,51
2006-02-07,451.745423,51
2006-02-08,455.308531,51
2006-02-09,456.912256,51
2006-02-10,458.359076,51
2006-02-13,455.046765,51
2006-02-14,457.933387,51
2006-02-15,461.773298,51
2006-02-16,464.454937,51
2006-02-17,460.278255,51
2006-02-21,455.847901,51
2006-02-22,462.478271,51
2006-02-23,460.960130,51
2006-02-24,462.149057,51
2006-02-27,466.328539,51
2006-02-28,460.270300,51
2006-03-01,467.249157,51
2006-03-02,466.510678,51
2006-03-03,464.100711,51
2006-03-06,460.857932,51
2006-03-07,457.188818,51
2006-03-08,456.071170,51
2006-03-09,453.419708,51
2006-03-10,455.601556,51
2006-03-13,457.388001,51
2006-03-14,464.803945,51
2006-03-15,467.838873,51
2006-03-16,463.222267,51
2006-03-17,465.975766,51
2006-03-20,467.803581,51
2006-03-21,463.739711,51
2006-03-22,465.940052,51
2006-03-23,465.875480,51
2006-03-24,468.650863,51
2006-03-27,469.935327,51
2006-03-28,467.070361,51
2006-03-29,475.019300,51
2006-03-30,477.012871,51
2006-03-31,477.292336,51
2006-04-03,477.460236,51
2006-04-04,479.289074,51
2006-04-05,482.611847,51
2006-04-06,485.285412,51
2006-04-07,480.997184,51
2006-04-10,479.106256,51
2006-04-11,475.773513,51
2006-04-12,476.895267,51
2006-04-13,479.765995,51
2006-04-17,476.190085,51
2006-04-18,485.983421,51
2006-04-19,489.032257,51
2006-04-20,488.450030,51
2006-04-21,482.853960,51
2006-04-24,482.607172,51
2006-04-25,481.936733,51
2006-04-26,480.958302,51
2006-04-27,482.781955,51
2006-04-28,481.822878,51
2006-05-01,479.189835,51
2006-05-02,481.266571,51
2006-05-03,481.132012,51
2006-05-04,487.531898,51
2006-05-05,492.261533,51
2006-05-08,493.249323,51
2006-05-09,494.460592,51
2006-05-10,491.688823,51
2006-05-11,483.557091,51
2006-05-12,474.508356,51
2006-05-15,473.694824,51
2006-05-16,472.676088,51
2006-05-17,463.159298,51
2006-05-18,458.828996,51
2006-05-19,462.951427,51
2006-05-22,457.552223,51
2006-05-23,452.883917,51
2006-05-24,453.925367,51
2006-05-25,461.494051,51
2006-05-26,463.488226,51
2006-05-30,454.670249,51
2006-05-31,459.144650,51
2006-06-01,469.216871,51
2006-06-02,467.802708,51
2006-06-05,457.292603,51
2006-06-06,455.284341,51
2006-06-07,453.136248,51
2006-06-08,449.616723,51
2006-06-09,448.507570,51
2006-06-12,439.983781,51
2006-06-13,437.527051,51
2006-06-14,442.950315,51
2006-06-15,456.437599,51
2006-06-16,453.588899,51
2006-06-19,448.847651,51
2006-06-20,449.260277,51
2006-06-21,458.110454,51
2006-06-22,453.240638,51
2006-06-23,454.694357,51
2006-06-26,456.722351,51
2006-06-27,447.783114,51
2006-06-28,451.620687,51
2006-06-29,468.096624,51
2006-06-30,467.276402,51
2006-07-03,471.132063,51
2006-07-05,460.982084,51
2006-07-06,461.383452,51
2006-07-07,454.872441,51
2006-07-10,449.328223,51
2006-07-11,454.431418,51
2006-07-12,444.704557,51
2006-07-13,437.537628,51
2006-07-14,432.240068,51
2006-07-17,433.051074,51
2006-07-18,433.154766,51
2006-07-19,441.644400,51
2006-07-20,431.199294,51
2006-07-21,424.058240,51
2006-07-24,433.879499,51
2006-07-25,435.747445,51
2006-07-26,432.215183,51
2006-07-27,429.426559,51
2006-07-28,437.971695,51
2006-07-31,439.881917,51
2006-08-01,430.902282,51
2006-08-02,436.696960,51
2006-08-03,439.105508,51
2006-08-04,436.492654,51
2006-08-07,432.226799,51
2006-08-08,430.120889,51
2006-08-09,429.739324,51
2006-08-10,434.735633,51
2006-08-11,431.076939,51
2006-08-14,432.998270,51
2006-08-15,445.342888,51
2006-08-16,453.122049,51
2006-08-17,455.163950,51
2006-08-18,455.730230,51
2006-08-21,450.963448,51
2006-08-22,450.866581,51
2006-08-23,446.982889,51
2006-08-24,446.999789,51
2006-08-25,446.513815,51
2006-08-28,451.106857,51
2006-08-29,451.881041,51
2006-08-30,454.577222,51
2006-08-31,455.490485,51
2006-09-01,458.334831,51
2006-09-05,461.817585,51
2006-09-06,452.062037,51
2006-09-07,448.459065,51
2006-09-08,451.462882,51
2006-09-11,453.507882,51
2006-09-12,464.131110,51
2006-09-13,467.003139,51
2006-09-14,468.278555,51
2006-09-15,470.378351,51
2006-09-18,471.608747,51
2006-09-19,469.343601,51
2006-09-20,474.856346,51
2006-09-21,470.445746,51
2006-09-22,466.579246,51
2006-09-25,475.863970,51
2006-09-26,478.113097,51
2006-09-27,478.459157,51
2006-09-28,479.835923,51
2006-09-29,475.745277,51
2006-10-02,469.458979,51
2006-10-03,470.430421,51
2006-10-04,482.324607,51
2006-10-05,486.899948,51
2006-10-06,484.502681,51
2006-10-09,485.657531,51
2006-10-10,486.976293,51
2006-10-11,487.585284,51
2006-10-12,494.983248,51
2006-10-13,497.194523,51
2006-10-16,498.273449,51
2006-10-17,491.282730,51
2006-10-18,488.536564,51
2006-10-19,490.816486,51
2006-10-20,491.065990,51
2006-10-23,494.979180,51
2006-10-24,493.382391,51
2006-10-25,496.933154,51
2006-10-26,502.810886,51
2006-10-27,492.536432,51
2006-10-30,494.273759,51
2006-10-31,494.290385,51
2006-11-01,485.963796,51
2006-11-02,487.943545,51
2006-11-03,486.082124,51
2006-11-06,493.896873,51
2006-11-07,496.361089,51
2006-11-08,498.879330,51
2006-11-09,494.382077,51
2006-11-10,500.182743,51
2006-11-13,505.201888,51
2006-11-14,511.153011,51
2006-11-15,514.986655,51
2006-11-16,517.907198,51
2006-11-17,516.473694,51
2006-11-20,517.634094,51
2006-11-21,518.279767,51
2006-11-22,520.608665,51
2006-11-24,518.786584,51
2006-11-27,508.867842,51
2006-11-28,510.928758,51
2006-11-29,515.348547,51
2006-11-30,516.020034,51
2006-12-01,511.533816,51
2006-12-04,518.596004,51
2006-12-05,520.491782,51
2006-12-06,519.995862,51
2006-12-07,516.602971,51
2006-12-08,519.013436,51
2006-12-11,519.755633,51
2006-12-12,518.292046,51
2006-12-13,517.128467,51
2006-12-14,522.512621,51
2006-12-15,523.898477,51
2006-12-18,518.093235,51
2006-12-19,516.871297,51
2006-12-20,515.652625,51
2006-12-21,512.301931,51
2006-12-22,508.022070,51
2006-12-26,509.846762,51
2006-12-27,513.375302,51
2006-12-28,511.646354,51
2006-12-29,509.427260,51
