d,c
2012-07-20,8.855000
2012-07-23,8.585000
2012-07-24,9.250000
2012-07-25,9.825000
2012-07-26,9.980000
2012-07-27,9.500000
2012-07-30,9.166667
2012-07-31,9.523333
2012-08-01,9.363333
2012-08-02,9.183333
2012-08-03,9.131667
2012-08-06,9.130000
2012-08-07,9.466667
2012-08-08,10.155000
2012-08-09,10.221667
2012-08-10,10.220000
2012-08-13,10.453333
2012-08-14,9.966667
2012-08-15,10.455000
2012-08-16,11.083333
2012-08-17,11.215000
2012-08-20,10.911667
2012-08-21,10.720000
2012-08-22,10.541667
2012-08-23,10.690000
2012-08-24,10.795000
2012-08-27,10.615000
2012-08-28,10.650000
2012-08-29,10.788333
2012-08-30,10.571667
2012-08-31,10.730000
2012-09-04,11.701667
2012-09-05,11.666667
2012-09-06,11.901667
2012-09-07,11.790000
2012-09-10,11.958333
2012-09-11,11.100000
2012-09-12,10.810000
2012-09-13,11.330000
2012-09-14,11.165000
2012-09-17,11.318333
2012-09-18,11.530000
2012-09-19,11.333333
2012-09-20,10.841667
2012-09-21,10.670000
2012-09-24,10.776667
2012-09-25,10.695000
2012-09-26,10.541667
2012-09-27,10.845000
2012-09-28,10.261667
2012-10-01,10.100000
2012-10-02,10.333333
2012-10-03,10.976667
2012-10-04,10.960000
2012-10-05,10.333333
2012-10-08,10.345000
2012-10-09,10.326667
2012-10-10,10.240000
2012-10-11,10.160000
2012-10-12,10.493333
2012-10-15,10.925000
2012-10-16,10.928333
2012-10-17,10.916667
2012-10-18,10.316667
2012-10-19,10.003333
2012-10-22,10.000000
2012-10-23,9.958333
2012-10-24,9.958333
2012-10-25,9.675000
2012-10-26,9.383333
2012-10-31,9.163333
2012-11-01,9.365000
2012-11-02,9.100000
2012-11-05,9.300000
2012-11-06,9.236667
2012-11-07,8.983333
2012-11-08,8.660000
2012-11-09,8.666667
2012-11-12,8.716667
2012-11-13,8.865000
2012-11-14,8.731667
2012-11-15,8.566667
2012-11-16,8.875000
2012-11-19,9.335000
2012-11-20,9.070000
2012-11-21,9.241667
2012-11-23,9.235000
2012-11-26,9.313333
2012-11-27,9.340000
2012-11-28,9.096667
2012-11-29,9.311667
2012-11-30,9.070000
2012-12-03,8.610000
2012-12-04,8.941667
2012-12-05,8.683333
2012-12-06,8.550000
2012-12-07,8.551667
2012-12-10,8.136667
2012-12-11,8.148333
2012-12-12,8.208333
2012-12-13,8.160000
2012-12-14,8.298333
2012-12-17,8.335000
2012-12-18,8.660000
2012-12-19,8.681667
2012-12-20,8.630000
2012-12-21,9.110000
2012-12-24,9.130000
2012-12-26,8.881667
2012-12-27,8.811667
2012-12-28,8.771667
2012-12-31,8.920000
2013-01-02,8.538333
2013-01-03,8.225000
2013-01-04,8.041667
2013-01-07,7.871667
2013-01-08,7.938333
2013-01-09,8.330000
2013-01-10,8.433333
2013-01-11,8.801667
2013-01-14,8.725000
2013-01-15,9.011667
2013-01-16,9.125000
2013-01-17,9.081667
2013-01-18,9.226667
2013-01-22,9.208333
2013-01-23,9.316667
2013-01-24,9.336667
2013-01-25,9.453333
2013-01-28,9.573333
2013-01-29,9.470000
2013-01-30,8.988333
2013-01-31,9.226667
2013-02-01,9.068333
2013-02-04,8.891667
2013-02-05,8.971667
2013-02-06,9.023333
2013-02-07,9.026667
2013-02-08,9.176667
2013-02-11,9.161667
2013-02-12,9.451667
2013-02-13,9.193333
2013-02-14,9.288333
2013-02-15,9.200000
2013-02-19,9.250000
2013-02-20,9.133333
2013-02-21,9.103333
2013-02-22,9.548333
2013-02-25,9.538333
2013-02-26,9.498333
2013-02-27,9.653333
2013-02-28,10.188333
2013-03-01,9.758333
2013-03-04,9.333333
2013-03-05,9.473333
2013-03-06,9.396667
2013-03-07,9.398333
2013-03-08,9.325000
2013-03-11,9.291667
2013-03-12,9.343333
2013-03-13,9.400000
2013-03-14,9.430000
2013-03-15,9.381667
2013-03-18,9.351667
2013-03-19,9.330000
2013-03-20,9.321667
2013-03-21,9.273333
2013-03-22,9.086667
2013-03-25,9.090000
2013-03-26,8.996667
2013-03-27,9.420000
2013-03-28,9.433333
2013-04-01,9.223333
2013-04-02,9.146667
2013-04-03,8.941667
2013-04-04,8.838333
2013-04-05,8.835000
2013-04-08,8.633333
2013-04-09,8.825000
2013-04-10,9.118333
2013-04-11,9.026667
2013-04-12,8.858333
2013-04-15,8.618333
2013-04-16,8.758333
2013-04-17,8.656667
2013-04-18,8.583333
2013-04-19,8.451667
2013-04-22,8.563333
2013-04-23,8.851667
2013-04-24,9.001667
2013-04-25,9.026667
2013-04-26,8.935000
2013-04-29,9.011667
2013-04-30,9.016667
2013-05-01,8.613333
2013-05-02,8.800000
2013-05-03,9.065000
2013-05-06,8.980000
2013-05-07,8.786667
2013-05-08,8.276667
2013-05-09,8.285000
2013-05-10,8.288333
2013-05-13,8.380000
2013-05-14,8.710000
2013-05-15,8.771667
2013-05-16,9.015000
2013-05-17,9.405000
2013-05-20,9.045000
2013-05-21,8.771667
2013-05-22,8.701667
2013-05-23,8.685000
2013-05-24,8.730000
2013-05-28,8.963333
2013-05-29,9.126667
2013-05-30,9.065000
2013-05-31,8.086667
2013-06-03,7.638333
2013-06-04,7.343333
2013-06-05,7.401667
2013-06-06,7.500000
2013-06-07,7.700000
2013-06-10,7.743333
2013-06-11,7.796667
2013-06-12,7.598333
2013-06-13,7.535000
2013-06-14,7.186667
2013-06-17,7.191667
2013-06-18,6.933333
2013-06-19,7.010000
2013-06-20,6.976667
2013-06-21,6.841667
2013-06-24,6.593333
2013-06-25,6.928333
2013-06-26,7.013333
2013-06-27,7.396667
2013-06-28,7.026667
2013-07-01,7.036667
2013-07-02,6.858333
2013-07-03,7.150000
2013-07-05,7.048333
2013-07-08,7.140000
2013-07-09,7.181667
2013-07-10,7.370000
2013-07-11,7.795000
2013-07-12,7.738333
2013-07-15,7.801667
2013-07-16,7.751667
2013-07-17,7.890000
2013-07-18,8.115000
2013-07-19,8.301667
2013-07-22,8.258333
2013-07-23,8.090000
2013-07-24,8.090000
2013-07-25,8.310000
2013-07-26,8.215000
2013-07-29,8.123333
2013-07-30,8.128333
2013-07-31,8.156667
2013-08-01,8.193333
2013-08-02,8.218333
2013-08-05,8.340000
2013-08-06,8.231667
2013-08-07,8.010000
2013-08-08,8.251667
2013-08-09,8.191667
2013-08-12,8.205000
2013-08-13,8.185000
2013-08-14,8.305000
2013-08-15,8.128333
2013-08-16,7.970000
2013-08-19,7.990000
2013-08-20,7.978333
2013-08-21,7.945000
2013-08-22,7.960000
2013-08-23,7.950000
2013-08-26,7.935000
2013-08-27,7.891667
2013-08-28,7.883333
2013-08-29,7.955000
2013-08-30,8.003333
2013-09-03,7.751667
2013-09-04,7.668333
2013-09-05,7.586667
2013-09-06,7.466667
2013-09-09,7.806667
2013-09-10,7.990000
2013-09-11,7.746667
2013-09-12,7.878333
2013-09-13,7.951667
2013-09-16,7.913333
2013-09-17,8.010000
2013-09-18,7.923333
2013-09-19,7.996667
2013-09-20,8.165000
2013-09-23,7.910000
2013-09-24,7.765000
2013-09-25,7.715000
2013-09-26,7.768333
2013-09-27,7.760000
2013-09-30,7.636667
2013-10-01,7.510000
2013-10-02,7.755000
2013-10-03,7.778333
2013-10-04,7.986667
2013-10-07,7.971667
2013-10-08,7.720000
2013-10-09,7.611667
2013-10-10,7.555000
2013-10-11,7.593333
2013-10-14,7.583333
2013-10-15,7.321667
2013-10-16,7.195000
2013-10-17,7.211667
2013-10-18,7.208333
2013-10-21,7.325000
2013-10-22,7.228333
2013-10-23,7.320000
2013-10-24,7.450000
2013-10-25,7.308333
2013-10-28,7.120000
2013-10-29,7.250000
2013-10-30,7.175000
2013-10-31,7.026667
2013-11-01,6.988333
2013-11-04,7.073333
2013-11-05,6.921667
2013-11-06,6.968333
2013-11-07,6.881667
2013-11-08,6.831667
2013-11-11,6.978333
2013-11-12,6.880000
2013-11-13,6.908333
2013-11-14,7.033333
2013-11-15,7.618333
2013-11-18,7.408333
2013-11-19,7.318333
2013-11-20,7.330000
2013-11-21,7.486667
2013-11-22,7.550000
2013-11-25,7.683333
2013-11-26,8.248333
2013-11-27,8.311667
2013-11-29,8.325000
2013-12-02,8.248333
2013-12-03,8.141667
2013-12-04,8.330000
2013-12-05,8.310000
2013-12-06,8.628333
2013-12-09,8.698333
2013-12-10,8.666667
2013-12-11,8.605000
2013-12-12,8.681667
2013-12-13,8.990000
2013-12-16,9.121667
2013-12-17,9.306667
2013-12-18,9.446667
2013-12-19,9.583333
2013-12-20,9.410000
2013-12-23,9.423333
2013-12-24,9.475000
2013-12-26,9.366667
2013-12-27,9.633333
2013-12-30,9.581667
2013-12-31,9.578333
2014-01-02,9.276667
2014-01-03,9.573333
2014-01-06,9.640000
2014-01-07,9.998333
2014-01-08,10.008333
2014-01-09,10.106667
2014-01-10,10.108333
2014-01-13,9.845000
2014-01-14,10.103333
2014-01-15,10.483333
2014-01-16,10.611667
2014-01-17,10.480000
2014-01-21,10.245000
2014-01-22,10.336667
2014-01-23,10.296667
2014-01-24,10.066667
2014-01-27,9.950000
2014-01-28,10.240000
2014-01-29,9.946667
2014-01-30,10.353333
2014-01-31,9.908333
2014-02-03,9.618333
2014-02-04,10.031667
2014-02-05,9.991667
2014-02-06,11.156667
2014-02-07,10.960000
2014-02-10,11.293333
2014-02-11,11.481667
2014-02-12,11.461667
2014-02-13,12.078333
2014-02-14,12.133333
2014-02-18,12.276667
2014-02-19,11.983333
2014-02-20,12.190000
2014-02-21,12.270000
2014-02-24,12.796667
2014-02-25,12.491667
2014-02-26,12.676667
2014-02-27,12.081667
2014-02-28,11.858333
2014-03-03,11.300000
2014-03-04,11.771667
2014-03-05,11.566667
2014-03-06,11.575000
2014-03-07,12.853333
2014-03-10,13.043333
2014-03-11,12.860000
2014-03-12,12.986667
2014-03-13,12.740000
2014-03-14,12.798333
2014-03-17,13.085000
2014-03-18,13.303333
2014-03-19,13.110000
2014-03-20,13.086667
2014-03-21,12.760000
2014-03-24,12.188333
2014-03-25,12.115000
2014-03-26,11.563333
2014-03-27,11.875000
2014-03-28,11.626667
2014-03-31,11.433333
2014-04-01,11.826667
2014-04-02,11.840000
2014-04-03,10.880000
2014-04-04,10.510000
2014-04-07,10.038333
2014-04-08,10.581667
2014-04-09,11.355000
2014-04-10,10.633333
2014-04-11,10.716667
2014-04-14,10.990000
2014-04-15,11.393333
2014-04-16,11.640000
2014-04-17,11.660000
2014-04-21,11.396667
2014-04-22,11.865000
2014-04-23,11.508333
2014-04-24,11.335000
2014-04-25,11.026667
2014-04-28,10.720000
2014-04-29,10.726667
2014-04-30,10.596667
2014-05-01,10.878333
2014-05-02,10.846667
2014-05-05,11.170000
2014-05-06,10.951667
2014-05-07,9.998333
2014-05-08,9.935000
2014-05-09,9.751667
2014-05-12,10.370000
2014-05-13,10.313333
2014-05-14,10.021667
2014-05-15,9.935000
2014-05-16,10.220000
2014-05-19,10.446667
2014-05-20,10.503333
2014-05-21,10.586667
2014-05-22,11.106667
2014-05-23,11.165000
2014-05-27,11.601667
2014-05-28,11.585000
2014-05-29,12.195000
2014-05-30,12.485000
2014-06-02,12.281667
2014-06-03,12.376667
2014-06-04,12.556667
2014-06-05,12.833333
2014-06-06,12.996667
2014-06-09,12.900000
2014-06-10,13.023333
2014-06-11,13.033333
2014-06-12,13.085000
2014-06-13,13.133333
2014-06-16,13.438333
2014-06-17,13.443333
2014-06-18,13.416667
2014-06-19,13.366667
2014-06-20,13.373333
2014-06-23,13.361667
2014-06-24,13.128333
2014-06-25,13.291667
2014-06-26,13.480000
2014-06-27,13.535000
2014-06-30,13.975000
2014-07-01,13.710000
2014-07-02,13.645000
2014-07-03,13.703333
2014-07-07,13.261667
2014-07-08,12.560000
2014-07-09,12.693333
2014-07-10,12.785000
2014-07-11,12.820000
2014-07-14,12.703333
2014-07-15,12.663333
2014-07-16,12.931667
2014-07-17,12.876667
2014-07-18,13.201667
2014-07-21,13.338333
2014-07-22,13.625000
2014-07-23,13.581667
2014-07-24,14.021667
2014-07-25,13.840000
2014-07-28,13.685000
2014-07-29,13.683333
2014-07-30,14.035000
2014-07-31,13.476667
2014-08-01,13.111667
2014-08-04,13.373333
2014-08-05,13.293333
2014-08-06,13.221667
2014-08-07,13.326667
2014-08-08,13.365000
2014-08-11,13.653333
2014-08-12,13.543333
2014-08-13,14.131667
2014-08-14,14.248333
2014-08-15,14.105000
2014-08-18,14.263333
2014-08-19,14.231667
2014-08-20,14.161667
2014-08-21,14.156667
2014-08-22,14.168333
2014-08-25,14.095000
2014-08-26,14.265000
2014-08-27,13.735000
2014-08-28,13.710000
2014-08-29,14.165000
2014-09-02,14.956667
2014-09-03,14.895000
2014-09-04,14.543333
2014-09-05,14.840000
2014-09-08,14.996667
2014-09-09,14.880000
2014-09-10,16.458332
2014-09-11,16.748333
2014-09-12,16.663334
2014-09-15,16.245001
2014-09-16,16.388332
2014-09-17,16.434999
2014-09-18,16.491667
2014-09-19,16.546667
2014-09-22,16.321667
2014-09-23,16.238333
2014-09-24,16.523333
2014-09-25,16.049999
2014-09-26,16.325001
2014-09-29,16.546667
2014-09-30,16.350000
2014-10-01,15.898333
2014-10-02,16.363333
2014-10-03,17.450001
2014-10-06,17.041668
2014-10-07,16.631666
2014-10-08,17.040001
2014-10-09,17.121668
2014-10-10,15.726667
2014-10-13,14.901667
2014-10-14,15.708333
2014-10-15,16.238333
2014-10-16,16.313334
2014-10-17,16.555000
2014-10-20,16.813334
2014-10-21,17.446667
2014-10-22,17.096666
2014-10-23,17.908333
2014-10-24,18.010000
2014-10-27,17.278334
2014-10-28,17.568333
2014-10-29,17.260000
2014-10-30,17.488333
2014-10-31,17.616667
2014-11-03,17.660000
2014-11-04,17.785000
2014-11-05,17.086666
2014-11-06,17.684999
2014-11-07,17.836666
2014-11-10,18.170000
2014-11-11,18.049999
2014-11-12,18.148333
2014-11-13,18.266666
2014-11-14,18.463333
2014-11-17,18.225000
2014-11-18,18.166668
2014-11-19,17.888332
2014-11-20,18.173332
2014-11-21,18.155001
2014-11-24,18.876667
2014-11-25,20.031668
2014-11-26,20.100000
2014-11-28,20.500000
2014-12-01,19.951668
2014-12-02,19.616667
2014-12-03,19.763332
2014-12-04,19.715000
2014-12-05,19.813334
2014-12-08,19.476667
2014-12-09,19.806667
2014-12-10,19.523333
2014-12-11,19.818333
2014-12-12,19.678333
2014-12-15,19.680000
2014-12-16,19.440001
2014-12-17,20.004999
2014-12-18,20.573334
2014-12-19,20.726667
2014-12-22,20.953333
2014-12-23,20.870001
2014-12-24,20.998333
2014-12-26,21.238333
2014-12-29,20.481667
2014-12-30,20.299999
2014-12-31,20.428333
2015-01-02,20.236668
2015-01-05,20.621668
2015-01-06,20.308332
2015-01-07,20.921667
2015-01-08,21.201668
2015-01-09,20.969999
2015-01-12,21.213333
2015-01-13,20.791668
2015-01-14,21.049999
2015-01-15,20.346666
2015-01-16,20.834999
2015-01-20,20.743334
2015-01-21,20.891666
2015-01-22,20.613333
2015-01-23,21.135000
2015-01-26,21.155001
2015-01-27,21.000000
2015-01-28,20.908333
2015-01-29,21.548332
2015-01-30,21.065001
2015-02-02,20.851667
2015-02-03,20.588333
2015-02-04,20.946667
2015-02-05,21.184999
2015-02-06,20.936666
2015-02-09,20.838333
2015-02-10,21.405001
2015-02-11,21.953333
2015-02-12,22.168333
2015-02-13,22.545000
2015-02-17,22.815001
2015-02-18,22.813334
2015-02-19,22.985001
2015-02-20,23.601667
2015-02-23,23.033333
2015-02-24,23.101667
2015-02-25,23.676666
2015-02-26,23.841667
2015-02-27,23.703333
2015-03-02,24.330000
2015-03-03,24.816668
2015-03-04,23.918333
2015-03-05,23.856667
2015-03-06,23.455000
2015-03-09,23.121668
2015-03-10,23.091667
2015-03-11,23.426666
2015-03-12,23.556667
2015-03-13,23.556667
2015-03-16,24.021667
2015-03-17,24.153334
2015-03-18,24.193333
2015-03-19,24.365000
2015-03-20,24.013332
2015-03-23,23.553333
2015-03-24,23.379999
2015-03-25,23.103333
2015-03-26,23.575001
2015-03-27,24.406668
2015-03-30,24.768333
2015-03-31,24.346666
2015-04-01,23.588333
2015-04-02,23.635000
2015-04-06,23.606667
2015-04-07,24.138332
2015-04-08,24.545000
2015-04-09,24.341667
2015-04-10,24.661667
2015-04-13,24.191668
2015-04-14,24.090000
2015-04-15,24.118334
2015-04-16,24.465000
2015-04-17,23.750000
2015-04-20,24.418333
2015-04-21,25.728333
2015-04-22,25.645000
2015-04-23,25.796667
2015-04-24,25.639999
2015-04-27,25.638332
2015-04-28,25.546667
2015-04-29,25.336666
2015-04-30,24.620001
2015-05-01,25.136667
2015-05-04,25.461666
2015-05-05,24.504999
2015-05-06,24.299999
2015-05-07,24.901667
2015-05-08,25.183332
2015-05-11,25.303333
2015-05-12,25.278334
2015-05-13,25.246668
2015-05-14,25.618334
2015-05-15,25.786667
2015-05-18,26.288334
2015-05-19,26.388332
2015-05-20,26.420000
2015-05-21,26.690001
2015-05-22,27.145000
2015-05-26,27.306667
2015-05-27,26.775000
2015-05-28,27.728333
2015-05-29,28.248333
2015-06-01,28.416668
2015-06-02,28.083332
2015-06-03,28.198334
2015-06-04,28.125000
2015-06-05,28.931667
2015-06-08,28.803333
2015-06-09,28.663334
2015-06-10,29.111668
2015-06-11,29.105000
2015-06-12,29.308332
2015-06-15,29.473333
2015-06-16,29.450001
2015-06-17,30.106667
2015-06-18,30.480000
2015-06-19,30.680000
2015-06-22,30.673332
2015-06-23,30.321667
2015-06-24,29.856667
2015-06-25,29.803333
2015-06-26,29.209999
2015-06-29,28.641666
2015-06-30,29.116667
2015-07-01,29.356667
2015-07-02,28.983334
2015-07-06,29.219999
2015-07-07,28.584999
2015-07-08,28.746668
2015-07-09,29.135000
2015-07-10,30.133333
2015-07-13,30.188334
2015-07-14,30.708332
2015-07-15,30.856667
2015-07-16,31.676666
2015-07-17,31.875000
2015-07-20,31.671667
2015-07-21,32.011665
2015-07-22,32.066666
2015-07-23,32.848331
2015-07-24,32.813332
2015-07-27,31.048332
2015-07-28,31.138332
2015-07-29,30.608334
2015-07-30,30.865000
2015-07-31,30.971666
2015-08-03,30.818333
2015-08-04,30.916668
2015-08-05,31.711666
2015-08-06,29.081667
2015-08-07,29.253332
2015-08-10,29.493334
2015-08-11,28.988333
2015-08-12,28.500000
2015-08-13,28.793333
2015-08-14,28.923332
2015-08-17,29.295000
2015-08-18,28.941668
2015-08-19,29.020000
2015-08-20,26.770000
2015-08-21,26.498333
2015-08-24,25.834999
2015-08-25,26.400000
2015-08-26,27.991667
2015-08-27,27.963333
2015-08-28,28.000000
2015-08-31,27.370001
2015-09-01,26.975000
2015-09-02,27.264999
2015-09-03,27.006666
2015-09-04,27.065001
2015-09-08,27.745001
2015-09-09,27.528334
2015-09-10,29.566668
2015-09-11,29.565001
2015-09-14,29.923332
2015-09-15,30.531668
2015-09-16,30.424999
2015-09-17,30.713333
2015-09-18,30.830000
2015-09-21,30.900000
2015-09-22,30.014999
2015-09-23,29.883333
2015-09-24,30.128332
2015-09-25,30.135000
2015-09-28,29.283333
2015-09-29,27.968332
2015-09-30,28.666668
2015-10-01,28.610001
2015-10-02,29.201668
2015-10-05,29.540001
2015-10-06,29.020000
2015-10-07,29.163334
2015-10-08,28.264999
2015-10-09,28.646667
2015-10-12,27.968332
2015-10-13,27.855000
2015-10-14,27.386667
2015-10-15,28.443333
2015-10-16,28.629999
2015-10-19,27.993334
2015-10-20,27.676666
2015-10-21,26.635000
2015-10-22,27.690001
2015-10-23,26.533333
2015-10-26,25.684999
2015-10-27,26.433332
2015-10-28,27.308332
2015-10-29,26.316668
2015-10-30,26.833332
2015-11-02,27.355000
2015-11-03,27.879999
2015-11-04,27.735001
2015-11-05,26.655001
2015-11-06,26.969999
2015-11-09,26.868334
2015-11-10,26.215000
2015-11-11,25.963333
2015-11-12,26.116667
2015-11-13,26.106667
2015-11-16,26.458332
2015-11-17,27.195000
2015-11-18,27.278334
2015-11-19,27.898333
2015-11-20,28.495001
2015-11-23,28.670000
2015-11-24,30.475000
2015-11-25,30.368334
2015-11-27,30.985001
2015-11-30,31.223333
2015-12-01,31.490000
2015-12-02,31.798332
2015-12-03,31.270000
2015-12-04,31.945000
2015-12-07,32.008331
2015-12-08,32.256668
2015-12-09,31.680000
2015-12-10,31.665001
2015-12-11,30.838333
2015-12-14,30.615000
2015-12-15,30.958332
2015-12-16,31.213333
2015-12-17,31.094999
2015-12-18,30.481667
2015-12-21,30.351667
2015-12-22,30.275000
2015-12-23,30.216667
2015-12-24,29.788334
2015-12-28,29.440001
2015-12-29,29.628332
2015-12-30,29.465000
2015-12-31,29.356667
2016-01-04,28.586666
2016-01-05,28.426666
2016-01-06,27.885000
2016-01-07,27.346666
2016-01-08,27.123333
2016-01-11,27.003332
2016-01-12,26.898333
2016-01-13,25.666668
2016-01-14,26.520000
2016-01-15,25.803333
2016-01-19,24.873333
2016-01-20,24.483334
2016-01-21,24.100000
2016-01-22,24.750000
2016-01-25,24.428333
2016-01-26,24.711666
2016-01-27,24.391666
2016-01-28,23.296667
2016-01-29,24.915001
2016-02-01,25.091667
2016-02-02,24.338333
2016-02-03,24.125000
2016-02-04,24.215000
2016-02-05,21.251667
2016-02-08,19.281668
2016-02-09,19.676666
2016-02-10,20.070000
2016-02-11,20.728333
2016-02-12,20.623333
2016-02-16,21.290001
2016-02-17,22.111668
2016-02-18,20.510000
2016-02-19,21.193333
2016-02-22,21.690001
2016-02-23,21.251667
2016-02-24,21.323334
2016-02-25,23.381666
2016-02-26,24.598333
2016-02-29,24.131666
2016-03-01,24.773333
2016-03-02,24.686666
2016-03-03,25.336666
2016-03-04,25.161667
2016-03-07,25.740000
2016-03-08,25.438334
2016-03-09,25.525000
2016-03-10,25.125000
2016-03-11,26.303333
2016-03-14,25.828333
2016-03-15,25.555000
2016-03-16,25.785000
2016-03-17,25.615000
2016-03-18,25.955000
2016-03-21,25.816668
2016-03-22,26.405001
2016-03-23,25.831667
2016-03-24,25.955000
2016-03-28,26.031668
2016-03-29,26.549999
2016-03-30,26.998333
2016-03-31,27.190001
2016-04-01,26.853333
2016-04-04,26.931667
2016-04-05,25.320000
2016-04-06,26.370001
2016-04-07,24.933332
2016-04-08,24.641666
2016-04-11,23.406668
2016-04-12,23.173332
2016-04-13,23.680000
2016-04-14,23.451668
2016-04-15,23.443333
2016-04-18,23.590000
2016-04-19,23.379999
2016-04-20,23.385000
2016-04-21,24.408333
2016-04-22,24.753332
2016-04-25,25.084999
2016-04-26,25.133333
2016-04-27,26.001667
2016-04-28,25.240000
2016-04-29,25.145000
2016-05-02,25.313334
2016-05-03,24.501667
2016-05-04,23.678333
2016-05-05,23.448334
2016-05-06,22.690001
2016-05-09,23.208332
2016-05-10,23.406668
2016-05-11,23.248333
2016-05-12,21.588333
2016-05-13,21.828333
2016-05-16,22.456667
2016-05-17,22.344999
2016-05-18,22.791668
2016-05-19,23.201668
2016-05-20,23.626667
2016-05-23,23.995001
2016-05-24,24.351667
2016-05-25,24.281668
2016-05-26,24.696667
2016-05-27,21.643333
2016-05-31,21.743334
2016-06-01,22.411667
2016-06-02,23.455000
2016-06-03,23.273333
2016-06-06,23.266666
2016-06-07,22.876667
2016-06-08,22.828333
2016-06-09,22.473333
2016-06-10,21.876667
2016-06-13,21.951668
2016-06-14,21.706667
2016-06-15,21.844999
2016-06-16,21.660000
2016-06-17,21.383333
2016-06-20,21.360001
2016-06-21,21.145000
2016-06-22,20.758333
2016-06-23,21.108334
2016-06-24,20.296667
2016-06-27,19.459999
2016-06-28,19.736668
2016-06-29,20.533333
2016-06-30,20.440001
2016-07-01,20.178333
2016-07-05,19.813334
2016-07-06,19.995001
2016-07-07,20.271667
2016-07-08,20.990000
2016-07-11,21.336666
2016-07-12,21.148333
2016-07-13,21.223333
2016-07-14,20.771667
2016-07-15,20.611668
2016-07-18,20.671667
2016-07-19,20.910000
2016-07-20,21.584999
2016-07-21,21.100000
2016-07-22,21.581667
2016-07-25,21.920000
2016-07-26,22.160000
2016-07-27,21.844999
2016-07-28,22.111668
2016-07-29,21.815001
2016-08-01,21.413334
2016-08-02,21.398333
2016-08-03,21.601667
2016-08-04,21.906668
2016-08-05,21.963333
2016-08-08,21.400000
2016-08-09,21.806667
2016-08-10,20.844999
2016-08-11,20.911667
2016-08-12,21.196667
2016-08-15,21.833332
2016-08-16,22.600000
2016-08-17,22.683332
2016-08-18,22.848333
2016-08-19,22.790001
2016-08-22,22.923332
2016-08-23,23.684999
2016-08-24,23.395000
2016-08-25,23.398333
2016-08-26,23.446667
2016-08-29,23.581667
2016-08-30,23.908333
2016-08-31,22.195000
2016-09-01,23.443333
2016-09-02,24.196667
2016-09-06,24.161667
2016-09-07,24.555000
2016-09-08,24.496668
2016-09-09,24.068333
2016-09-12,24.525000
2016-09-13,24.510000
2016-09-14,24.721666
2016-09-15,24.748333
2016-09-16,24.850000
2016-09-19,25.123333
2016-09-20,25.011667
2016-09-21,24.936666
2016-09-22,25.430000
2016-09-23,25.203333
2016-09-26,24.973333
2016-09-27,25.316668
2016-09-28,25.760000
2016-09-29,26.013332
2016-09-30,26.555000
2016-10-03,26.513332
2016-10-04,26.670000
2016-10-05,26.891666
2016-10-06,26.600000
2016-10-07,26.653334
2016-10-10,26.623333
2016-10-11,25.913334
2016-10-12,25.703333
2016-10-13,25.226667
2016-10-14,25.081667
2016-10-17,24.333332
2016-10-18,24.743334
2016-10-19,24.693333
2016-10-20,24.756666
2016-10-21,25.028334
2016-10-24,25.254999
2016-10-25,24.969999
2016-10-26,25.241667
2016-10-27,24.941668
2016-10-28,25.264999
2016-10-31,25.638332
2016-11-01,25.301666
2016-11-02,24.469999
2016-11-03,24.266666
2016-11-04,24.666668
2016-11-07,25.405001
2016-11-08,25.488333
2016-11-09,26.503332
2016-11-10,25.318333
2016-11-11,26.001667
2016-11-14,26.075001
2016-11-15,26.575001
2016-11-16,26.738333
2016-11-17,27.358334
2016-11-18,26.891666
2016-11-21,26.843332
2016-11-22,23.288334
2016-11-23,23.281668
2016-11-25,23.584999
2016-11-28,22.709999
2016-11-29,22.263332
2016-11-30,22.395000
2016-12-01,21.603333
2016-12-02,21.110001
2016-12-05,21.491667
2016-12-06,21.558332
2016-12-07,21.561666
2016-12-08,21.773333
2016-12-09,21.678333
2016-12-12,21.298332
2016-12-13,21.540001
2016-12-14,21.368334
2016-12-15,21.501667
2016-12-16,21.553333
2016-12-19,21.406668
2016-12-20,21.053333
2016-12-21,21.018333
2016-12-22,20.843332
2016-12-23,21.233334
2016-12-27,21.181667
2016-12-28,20.828333
2016-12-29,20.855000
2016-12-30,20.841667
2017-01-03,21.156668
2017-01-04,21.333332
2017-01-05,21.995001
2017-01-06,22.508333
2017-01-09,22.286667
2017-01-10,22.446667
2017-01-11,22.916668
2017-01-12,22.726667
2017-01-13,23.080000
2017-01-17,23.075001
2017-01-18,23.126667
2017-01-19,23.653334
2017-01-20,23.684999
2017-01-23,23.473333
2017-01-24,23.996668
2017-01-25,24.353333
2017-01-26,24.258333
2017-01-27,24.196667
2017-01-30,24.146667
2017-01-31,24.593332
2017-02-01,24.348333
2017-02-02,24.261667
2017-02-03,25.170000
2017-02-06,24.940001
2017-02-07,25.025000
2017-02-08,25.315001
2017-02-09,25.915001
2017-02-10,25.881666
2017-02-13,26.038334
2017-02-14,26.151667
2017-02-15,25.891666
2017-02-16,25.488333
2017-02-17,25.793333
2017-02-21,25.966667
2017-02-22,25.895000
2017-02-23,25.456667
2017-02-24,25.501667
2017-02-27,25.658333
2017-02-28,25.316668
2017-03-01,19.201668
2017-03-02,19.415001
2017-03-03,19.258333
2017-03-06,19.108334
2017-03-07,19.041668
2017-03-08,19.091667
2017-03-09,19.174999
2017-03-10,19.813334
2017-03-13,19.613333
2017-03-14,19.440001
2017-03-15,19.491667
2017-03-16,19.496668
2017-03-17,19.301666
2017-03-20,19.145000
2017-03-21,18.516666
2017-03-22,18.620001
2017-03-23,18.648333
2017-03-24,18.628332
2017-03-27,18.633333
2017-03-28,18.811666
2017-03-29,18.905001
2017-03-30,18.916668
2017-03-31,18.780001
2017-04-03,18.503332
2017-04-04,18.303333
2017-04-05,18.001667
2017-04-06,18.480000
2017-04-07,18.700001
2017-04-10,18.735001
2017-04-11,18.911667
2017-04-12,18.896667
2017-04-13,18.701668
2017-04-17,18.311666
2017-04-18,18.181667
2017-04-19,18.193333
2017-04-20,18.139999
2017-04-21,18.091667
2017-04-24,18.303333
2017-04-25,18.400000
2017-04-26,18.211666
2017-04-27,18.325001
2017-04-28,18.068333
2017-05-01,18.070000
2017-05-02,18.318333
2017-05-03,18.856667
2017-05-04,19.273333
2017-05-05,19.385000
2017-05-08,19.471666
2017-05-09,19.716667
2017-05-10,19.305000
2017-05-11,19.191668
2017-05-12,19.410000
2017-05-15,19.934999
2017-05-16,19.778334
2017-05-17,19.078333
2017-05-18,18.951668
2017-05-19,19.416668
2017-05-22,19.518333
2017-05-23,19.686666
2017-05-24,19.661667
2017-05-25,19.606667
2017-05-26,19.680000
2017-05-30,19.500000
2017-05-31,19.764999
2017-06-01,23.165001
2017-06-02,23.018333
2017-06-05,23.420000
2017-06-06,23.190001
2017-06-07,23.338333
2017-06-08,23.203333
2017-06-09,22.340000
2017-06-12,22.166668
2017-06-13,22.458332
2017-06-14,22.313334
2017-06-15,22.006666
2017-06-16,21.931667
2017-06-19,22.356667
2017-06-20,22.055000
2017-06-21,22.156668
2017-06-22,22.676666
2017-06-23,23.068333
2017-06-26,22.851667
2017-06-27,22.496668
2017-06-28,22.698334
2017-06-29,22.450001
2017-06-30,22.301666
2017-07-03,22.155001
2017-07-05,22.305000
2017-07-06,22.106667
2017-07-07,22.691668
2017-07-10,22.928333
2017-07-11,23.143333
2017-07-12,23.231667
2017-07-13,23.500000
2017-07-14,23.160000
2017-07-17,23.110001
2017-07-18,23.238333
2017-07-19,23.461666
2017-07-20,23.251667
2017-07-21,23.120001
2017-07-24,23.241667
2017-07-25,23.243334
2017-07-26,23.121668
2017-07-27,22.503332
2017-07-28,22.283333
2017-07-31,21.963333
2017-08-01,22.180000
2017-08-02,21.891666
2017-08-03,21.958332
2017-08-04,21.745001
2017-08-07,21.830000
2017-08-08,21.606667
2017-08-09,21.648333
2017-08-10,21.286667
2017-08-11,21.473333
2017-08-14,21.823334
2017-08-15,21.905001
2017-08-16,22.155001
2017-08-17,21.760000
2017-08-18,21.711666
2017-08-21,21.844999
2017-08-22,22.076668
2017-08-23,21.740000
2017-08-24,21.956667
2017-08-25,21.438334
2017-08-28,21.546667
2017-08-29,21.680000
2017-08-30,22.133333
2017-08-31,22.115000
2017-09-01,24.445000
2017-09-05,24.004999
2017-09-06,24.121668
2017-09-07,23.945000
2017-09-08,24.004999
2017-09-11,24.146667
2017-09-12,23.926666
2017-09-13,24.023333
2017-09-14,23.750000
2017-09-15,23.908333
2017-09-18,23.905001
2017-09-19,23.811666
2017-09-20,23.625000
2017-09-21,23.343332
2017-09-22,23.376667
2017-09-25,23.040001
2017-09-26,23.328333
2017-09-27,23.320000
2017-09-28,23.448334
2017-09-29,24.016666
2017-10-02,24.100000
2017-10-03,24.058332
2017-10-04,24.008333
2017-10-05,24.250000
2017-10-06,24.561666
2017-10-09,24.403334
2017-10-10,25.086666
2017-10-11,24.833332
2017-10-12,24.706667
2017-10-13,24.985001
2017-10-16,24.834999
2017-10-17,24.903334
2017-10-18,24.948334
2017-10-19,24.888332
2017-10-20,24.934999
2017-10-23,24.705000
2017-10-24,24.873333
2017-10-25,24.758333
2017-10-26,24.799999
2017-10-27,24.443333
2017-10-30,24.594999
2017-10-31,24.533333
2017-11-01,23.998333
2017-11-02,23.871668
2017-11-03,24.393333
2017-11-06,24.661667
2017-11-07,24.448334
2017-11-08,24.743334
2017-11-09,23.166668
2017-11-10,23.391666
2017-11-13,23.111668
2017-11-14,23.135000
2017-11-15,23.035000
2017-11-16,23.116667
2017-11-17,23.786667
2017-11-20,23.754999
2017-11-21,24.900000
2017-11-22,25.231667
2017-11-24,25.106667
2017-11-27,25.111668
2017-11-28,24.850000
2017-11-29,24.150000
2017-11-30,24.291668
2017-12-01,23.961666
2017-12-04,23.815001
2017-12-05,23.803333
2017-12-06,23.561666
2017-12-07,23.805000
2017-12-08,23.981667
2017-12-11,24.026667
2017-12-12,23.915001
2017-12-13,24.145000
2017-12-14,24.238333
2017-12-15,24.543333
2017-12-18,24.708332
2017-12-19,24.823334
2017-12-20,24.570000
2017-12-21,24.434999
2017-12-22,24.358334
2017-12-26,24.365000
2017-12-27,24.459999
2017-12-28,24.478333
2017-12-29,24.156668
2018-01-02,24.758333
2018-01-03,24.946667
2018-01-04,24.876667
2018-01-05,25.495001
2018-01-08,25.608334
2018-01-09,25.381666
2018-01-10,25.510000
2018-01-11,25.693333
2018-01-12,25.586666
2018-01-16,25.266666
2018-01-17,25.705000
2018-01-18,26.303333
2018-01-19,26.203333
2018-01-22,25.645000
2018-01-23,26.588333
2018-01-24,26.379999
2018-01-25,26.213333
2018-01-26,26.618334
2018-01-29,26.120001
2018-01-30,25.738333
2018-01-31,26.311666
2018-02-01,26.601667
2018-02-02,25.863333
2018-02-05,25.590000
2018-02-06,26.093332
2018-02-07,26.001667
2018-02-08,25.219999
2018-02-09,25.645000
2018-02-12,25.875000
2018-02-13,26.148333
2018-02-14,26.395000
2018-02-15,26.764999
2018-02-16,27.013332
2018-02-20,27.153334
2018-02-21,27.400000
2018-02-22,26.996668
2018-02-23,27.590000
2018-02-26,28.219999
2018-02-27,28.873333
2018-02-28,28.895000
2018-03-01,28.906668
2018-03-02,29.461666
2018-03-05,30.045000
2018-03-06,30.536667
2018-03-07,31.045000
2018-03-08,31.275000
2018-03-09,31.418333
2018-03-12,31.621668
2018-03-13,31.373333
2018-03-14,31.408333
2018-03-15,31.501667
2018-03-16,31.243334
2018-03-19,31.020000
2018-03-20,31.309999
2018-03-21,31.328333
2018-03-22,30.805000
2018-03-23,30.293333
2018-03-26,31.241667
2018-03-27,29.906668
2018-03-28,29.483334
2018-03-29,30.253332
2018-04-02,30.023333
2018-04-03,30.728333
2018-04-04,31.540001
2018-04-05,32.733334
2018-04-06,32.306667
2018-04-09,31.320000
2018-04-10,31.136667
2018-04-11,31.165001
2018-04-12,31.746668
2018-04-13,31.230000
2018-04-16,31.503332
2018-04-17,31.983334
2018-04-18,32.078335
2018-04-19,32.003334
2018-04-20,32.011665
2018-04-23,32.044998
2018-04-24,31.878332
2018-04-25,31.758333
2018-04-26,32.285000
2018-04-27,32.078335
2018-04-30,32.084999
2018-05-01,32.353333
2018-05-02,32.781666
2018-05-03,32.236668
2018-05-04,32.560001
2018-05-07,33.090000
2018-05-08,33.633331
2018-05-09,34.435001
2018-05-10,34.314999
2018-05-11,33.718334
2018-05-14,33.349998
2018-05-15,33.706669
2018-05-16,33.296665
2018-05-17,33.336666
2018-05-18,33.625000
2018-05-21,34.450001
2018-05-22,34.055000
2018-05-23,34.503334
2018-05-24,34.858334
2018-05-25,34.881668
2018-05-29,34.641666
2018-05-30,34.945000
2018-05-31,34.681667
2018-06-01,34.865002
2018-06-04,34.681667
2018-06-05,33.976665
2018-06-06,33.830002
2018-06-07,33.083332
2018-06-08,33.221668
2018-06-11,33.118332
2018-06-12,34.570000
2018-06-13,35.508331
2018-06-14,35.926666
2018-06-15,35.766666
2018-06-18,35.306667
2018-06-19,35.161667
2018-06-20,35.906666
2018-06-21,35.450001
2018-06-22,34.598331
2018-06-25,33.723331
2018-06-26,33.980000
2018-06-27,33.520000
2018-06-28,34.153332
2018-06-29,34.244999
2018-07-02,34.906666
2018-07-03,34.946667
2018-07-05,34.744999
2018-07-06,35.193333
2018-07-09,34.816666
2018-07-10,35.116669
2018-07-11,35.465000
2018-07-12,36.386665
2018-07-13,35.991669
2018-07-16,35.726665
2018-07-17,36.096668
2018-07-18,36.036667
2018-07-19,35.763332
2018-07-20,35.676666
2018-07-23,35.273335
2018-07-24,34.793331
2018-07-25,35.790001
2018-07-26,35.895000
2018-07-27,34.661667
2018-07-30,32.610001
2018-07-31,33.043331
2018-08-01,33.363335
2018-08-02,34.810001
2018-08-03,34.493332
2018-08-06,35.235001
2018-08-07,35.400002
2018-08-08,35.355000
2018-08-09,35.516666
2018-08-10,35.436668
2018-08-13,35.091667
2018-08-14,35.133331
2018-08-15,34.138332
2018-08-16,35.083332
2018-08-17,35.514999
2018-08-20,35.436668
2018-08-21,35.381668
2018-08-22,35.931667
2018-08-23,36.118332
2018-08-24,37.571667
2018-08-27,37.791668
2018-08-28,38.203335
2018-08-29,38.538334
2018-08-30,38.373333
2018-08-31,38.525002
2018-09-04,38.171665
2018-09-05,37.038334
2018-09-06,36.728333
2018-09-07,37.935001
2018-09-10,39.353333
2018-09-11,39.020000
2018-09-12,39.371666
2018-09-13,39.349998
2018-09-14,39.103333
2018-09-17,38.666668
2018-09-18,39.008331
2018-09-19,38.169998
2018-09-20,38.334999
2018-09-21,38.253334
2018-09-24,38.443333
2018-09-25,38.279999
2018-09-26,37.691666
2018-09-27,37.628334
2018-09-28,37.543331
2018-10-01,37.468334
2018-10-02,37.123333
2018-10-03,36.883331
2018-10-04,36.553333
2018-10-05,35.951668
2018-10-08,35.396667
2018-10-09,35.386665
2018-10-10,33.730000
2018-10-11,33.861668
2018-10-12,35.325001
2018-10-15,34.866669
2018-10-16,34.166668
2018-10-17,34.341667
2018-10-18,33.759998
2018-10-19,32.251667
2018-10-22,32.398335
2018-10-23,32.846668
2018-10-24,30.958332
2018-10-25,31.770000
2018-10-26,30.901667
2018-10-29,29.831667
2018-10-30,29.610001
2018-10-31,30.506666
2018-11-01,31.459999
2018-11-02,30.706667
2018-11-05,30.465000
2018-11-06,30.633333
2018-11-07,31.558332
2018-11-08,31.406668
2018-11-09,30.514999
2018-11-12,29.558332
2018-11-13,29.466667
2018-11-14,29.463333
2018-11-15,28.728333
2018-11-16,28.268333
2018-11-19,27.240000
2018-11-20,27.625000
2018-11-21,27.823334
2018-11-23,27.733334
2018-11-26,28.386667
2018-11-27,27.764999
2018-11-28,29.423332
2018-11-29,29.341667
2018-11-30,28.825001
2018-12-03,29.885000
2018-12-04,29.541668
2018-12-06,30.296667
2018-12-07,29.181667
2018-12-10,29.873333
2018-12-11,30.736668
2018-12-12,31.586666
2018-12-13,31.355000
2018-12-14,30.671667
2018-12-17,29.434999
2018-12-18,29.536667
2018-12-19,29.831667
2018-12-20,29.906668
2018-12-21,28.885000
2018-12-24,28.325001
2018-12-26,30.275000
2018-12-27,30.378332
2018-12-28,30.688334
2018-12-31,31.391666
2019-01-02,30.535000
2019-01-03,29.950001
2019-01-04,30.731667
2019-01-07,31.225000
2019-01-08,31.738333
2019-01-09,32.185001
2019-01-10,32.666668
2019-01-11,32.661667
2019-01-14,32.488335
2019-01-15,33.361668
2019-01-16,33.549999
2019-01-17,33.883331
2019-01-18,33.883331
2019-01-22,33.833332
2019-01-23,34.286667
2019-01-24,35.078335
2019-01-25,34.953335
2019-01-28,34.601665
2019-01-29,34.461666
2019-01-30,35.476665
2019-01-31,35.803333
2019-02-01,36.711666
2019-02-04,36.693333
2019-02-05,36.488335
2019-02-06,36.758331
2019-02-07,36.575001
2019-02-08,37.436668
2019-02-11,37.310001
2019-02-12,37.408333
2019-02-13,37.026669
2019-02-14,37.526669
2019-02-15,37.794998
2019-02-19,38.316666
2019-02-20,37.773335
2019-02-21,37.696667
2019-02-22,38.349998
2019-02-25,38.980000
2019-02-26,39.258331
2019-02-27,42.480000
2019-02-28,41.044998
2019-03-01,40.911667
2019-03-04,40.423332
2019-03-05,39.056667
2019-03-06,39.073334
2019-03-07,39.086666
2019-03-08,39.105000
2019-03-11,40.146667
2019-03-12,40.036667
2019-03-13,40.458332
2019-03-14,40.459999
2019-03-15,39.953335
2019-03-18,40.168331
2019-03-19,40.416668
2019-03-20,40.970001
2019-03-21,41.631668
2019-03-22,40.393333
2019-03-25,40.305000
2019-03-26,40.700001
2019-03-27,39.908333
2019-03-28,39.731667
2019-03-29,40.480000
2019-04-01,40.235001
2019-04-02,40.033333
2019-04-03,40.368332
2019-04-04,39.511665
2019-04-05,39.808334
2019-04-08,39.813332
2019-04-09,40.128334
2019-04-10,40.419998
2019-04-11,40.988335
2019-04-12,40.776669
2019-04-15,41.369999
2019-04-16,40.746666
2019-04-17,39.904999
2019-04-18,39.243332
2019-04-22,39.880001
2019-04-23,40.181667
2019-04-24,40.518333
2019-04-25,40.910000
2019-04-26,40.973331
2019-04-29,41.533333
2019-04-30,41.471668
2019-05-01,41.064999
2019-05-02,41.121666
2019-05-03,41.794998
2019-05-06,41.306667
2019-05-07,39.701668
2019-05-08,39.750000
2019-05-09,39.638332
2019-05-10,39.158333
2019-05-13,37.416668
2019-05-14,37.808334
2019-05-15,36.625000
2019-05-16,37.471668
2019-05-17,37.603333
2019-05-20,37.281666
2019-05-21,37.956669
2019-05-22,38.000000
2019-05-23,35.965000
2019-05-24,36.043331
2019-05-28,35.746666
2019-05-29,35.886665
2019-05-30,34.049999
2019-05-31,33.356667
2019-06-03,32.783333
2019-06-04,33.618332
2019-06-05,33.201668
2019-06-06,32.923332
2019-06-07,32.590000
2019-06-10,33.154999
2019-06-11,33.465000
2019-06-12,33.841667
2019-06-13,34.244999
2019-06-14,33.881668
2019-06-17,34.166668
2019-06-18,34.224998
2019-06-19,34.853333
2019-06-20,34.439999
2019-06-21,34.081669
2019-06-24,33.084999
2019-06-25,33.090000
2019-06-26,33.263332
2019-06-27,34.148335
2019-06-28,33.959999
2019-07-01,34.271667
2019-07-02,34.126667
2019-07-03,34.825001
2019-07-05,34.903332
2019-07-08,34.971668
2019-07-09,35.889999
2019-07-10,35.779999
2019-07-11,36.276669
2019-07-12,36.156666
2019-07-15,36.610001
2019-07-16,36.645000
2019-07-17,37.273335
2019-07-18,37.051666
2019-07-19,37.043331
2019-07-22,36.931667
2019-07-23,37.325001
2019-07-24,37.503334
2019-07-25,37.233334
2019-07-26,37.838333
2019-07-29,37.608334
2019-07-30,37.963333
2019-07-31,37.756668
2019-08-01,37.564999
2019-08-02,36.926666
2019-08-05,35.755001
2019-08-06,35.685001
2019-08-07,35.330002
2019-08-08,35.841667
2019-08-09,35.865002
2019-08-12,36.049999
2019-08-13,37.076668
2019-08-14,36.095001
2019-08-15,35.768333
2019-08-16,33.211666
2019-08-19,33.005001
2019-08-20,33.279999
2019-08-21,33.961666
2019-08-22,34.093334
2019-08-23,33.595001
2019-08-26,33.941666
2019-08-27,33.680000
2019-08-28,33.033333
2019-08-29,33.358334
2019-08-30,33.936668
2019-09-03,33.188332
2019-09-04,33.415001
2019-09-05,35.341667
2019-09-06,35.986668
2019-09-09,35.196667
2019-09-10,34.473331
2019-09-11,35.735001
2019-09-12,34.873333
2019-09-13,34.724998
2019-09-16,35.966667
2019-09-17,35.448334
2019-09-18,35.031666
2019-09-19,34.814999
2019-09-20,34.708332
2019-09-23,34.951668
2019-09-24,34.578335
2019-09-25,35.226665
2019-09-26,34.798332
2019-09-27,33.733334
2019-09-30,33.971668
2019-10-01,34.166668
2019-10-02,34.235001
2019-10-03,34.743332
2019-10-04,35.095001
2019-10-07,35.468334
2019-10-08,34.490002
2019-10-09,34.901669
2019-10-10,34.883331
2019-10-11,35.070000
2019-10-14,35.591667
2019-10-15,35.430000
2019-10-16,35.490002
2019-10-17,35.711666
2019-10-18,35.435001
2019-10-21,35.378334
2019-10-22,35.568333
2019-10-23,36.200001
2019-10-24,36.928333
2019-10-25,37.441666
2019-10-28,37.991669
2019-10-29,37.431667
2019-10-30,37.830002
2019-10-31,37.898335
2019-11-01,38.928333
2019-11-04,39.003334
2019-11-05,38.919998
2019-11-06,38.781666
2019-11-07,38.976665
2019-11-08,39.488335
2019-11-11,39.334999
2019-11-12,40.191666
2019-11-13,40.538334
2019-11-14,40.918331
2019-11-15,41.166668
2019-11-18,41.431667
2019-11-19,41.363335
2019-11-20,41.311668
2019-11-21,41.123333
2019-11-22,41.145000
2019-11-25,41.713333
2019-11-26,36.728333
2019-11-27,37.044998
2019-11-29,37.869999
2019-12-02,37.451668
2019-12-03,37.834999
2019-12-04,37.603333
2019-12-05,38.145000
2019-12-06,37.731667
2019-12-09,37.643333
2019-12-10,37.548332
2019-12-11,37.828335
2019-12-12,37.814999
2019-12-13,37.831669
2019-12-16,38.281666
2019-12-17,38.445000
2019-12-18,38.236668
2019-12-19,38.183334
2019-12-20,38.334999
2019-12-23,38.555000
2019-12-24,38.631668
2019-12-26,38.923332
2019-12-27,38.878334
2019-12-30,38.571667
2019-12-31,38.541668
2020-01-02,39.235001
2020-01-03,39.471668
2020-01-06,40.043331
2020-01-07,40.273335
2020-01-08,39.761665
2020-01-09,40.011665
2020-01-10,39.645000
2020-01-13,40.153332
2020-01-14,40.000000
2020-01-15,40.116669
2020-01-16,40.543331
2020-01-17,40.345001
2020-01-21,40.538334
2020-01-22,40.621666
2020-01-23,40.816666
2020-01-24,40.483334
2020-01-27,39.641666
2020-01-28,39.853333
2020-01-29,39.591667
2020-01-30,39.666668
2020-01-31,39.130001
2020-02-03,39.328335
2020-02-04,40.031666
2020-02-05,40.276669
2020-02-06,41.011665
2020-02-07,40.970001
2020-02-10,41.253334
2020-02-11,41.138332
2020-02-12,40.786667
2020-02-13,40.935001
2020-02-14,41.208332
2020-02-18,41.536667
2020-02-19,41.451668
2020-02-20,41.523335
2020-02-21,40.500000
2020-02-24,39.555000
2020-02-25,32.826668
2020-02-26,31.596666
2020-02-27,31.260000
2020-02-28,30.770000
2020-03-02,31.548332
2020-03-03,30.340000
2020-03-04,30.981667
2020-03-05,30.174999
2020-03-06,29.361668
2020-03-09,26.463333
2020-03-10,27.911667
2020-03-11,26.254999
2020-03-12,23.424999
2020-03-13,25.261667
2020-03-16,22.861668
2020-03-17,23.593332
2020-03-18,22.096666
2020-03-19,23.184999
2020-03-20,23.921667
2020-03-23,24.360001
2020-03-24,26.786667
2020-03-25,27.668333
2020-03-26,28.000000
2020-03-27,27.090000
2020-03-30,27.745001
2020-03-31,27.326668
2020-04-01,27.309999
2020-04-02,27.590000
2020-04-03,27.110001
2020-04-06,28.556667
2020-04-07,28.801666
2020-04-08,29.360001
2020-04-09,29.646667
2020-04-13,30.493334
2020-04-14,31.321667
2020-04-15,31.058332
2020-04-16,31.715000
2020-04-17,32.238335
2020-04-20,32.381668
2020-04-21,31.084999
2020-04-22,31.976667
2020-04-23,32.014999
2020-04-24,32.241669
2020-04-27,32.813332
2020-04-28,32.258331
2020-04-29,32.950001
2020-04-30,32.751667
2020-05-01,32.446667
2020-05-04,31.973333
2020-05-05,33.035000
2020-05-06,33.538334
2020-05-07,35.521667
2020-05-08,35.660000
2020-05-11,36.376667
2020-05-12,35.695000
2020-05-13,35.956669
2020-05-14,36.595001
2020-05-15,37.138332
2020-05-18,37.689999
2020-05-19,37.858334
2020-05-20,39.080002
2020-05-21,38.250000
2020-05-22,39.654999
2020-05-26,38.528332
2020-05-27,38.631668
2020-05-28,38.231667
2020-05-29,39.211666
2020-06-01,39.718334
2020-06-02,39.976665
2020-06-03,38.901669
2020-06-04,37.781666
2020-06-05,38.564999
2020-06-08,39.631668
2020-06-09,38.926666
2020-06-10,38.779999
2020-06-11,36.986668
2020-06-12,36.974998
2020-06-15,37.716667
2020-06-16,38.116669
2020-06-17,38.206669
2020-06-18,38.388332
2020-06-19,38.455002
2020-06-22,38.813332
2020-06-23,38.218334
2020-06-24,37.233334
2020-06-25,37.816666
2020-06-26,37.564999
2020-06-29,37.848331
2020-06-30,38.278332
2020-07-01,38.226665
2020-07-02,38.421665
2020-07-06,39.318333
2020-07-07,38.845001
2020-07-08,40.470001
2020-07-09,41.430000
2020-07-10,41.493332
2020-07-13,40.176666
2020-07-14,40.888332
2020-07-15,40.083332
2020-07-16,39.563332
2020-07-17,39.968334
2020-07-20,41.933334
2020-07-21,41.553333
2020-07-22,41.726665
2020-07-23,41.416668
2020-07-24,40.628334
2020-07-27,41.276669
2020-07-28,40.801666
2020-07-29,41.424999
2020-07-30,41.965000
2020-07-31,42.653332
2020-08-03,42.404999
2020-08-04,42.485001
2020-08-05,44.016666
2020-08-06,44.313332
2020-08-07,43.541668
2020-08-10,43.038334
2020-08-11,42.538334
2020-08-12,43.303333
2020-08-13,43.593334
2020-08-14,43.185001
2020-08-17,43.743332
2020-08-18,44.293331
2020-08-19,44.913334
2020-08-20,45.419998
2020-08-21,44.888332
2020-08-24,44.511665
2020-08-25,43.498333
2020-08-26,43.906666
2020-08-27,42.561668
2020-08-28,42.445000
2020-08-31,42.901669
2020-09-01,43.083332
2020-09-02,42.910000
2020-09-03,40.368332
2020-09-04,39.275002
2020-09-08,38.988335
2020-09-09,39.733334
2020-09-10,39.493332
2020-09-11,40.490002
2020-09-14,40.955002
2020-09-15,41.346668
2020-09-16,41.145000
2020-09-17,40.238335
2020-09-18,40.266666
2020-09-21,40.435001
2020-09-22,41.083332
2020-09-23,39.855000
2020-09-24,39.665001
2020-09-25,40.356667
2020-09-28,40.990002
2020-09-29,41.081669
2020-09-30,40.791668
2020-10-01,41.755001
2020-10-02,40.860001
2020-10-05,41.445000
2020-10-06,41.206669
2020-10-07,41.826668
2020-10-08,41.584999
2020-10-09,42.086666
2020-10-12,42.183334
2020-10-13,42.424999
2020-10-14,42.683334
2020-10-15,41.970001
2020-10-16,41.060001
2020-10-19,40.389999
2020-10-20,39.880001
2020-10-21,39.308334
2020-10-22,39.599998
2020-10-23,39.423332
2020-10-26,38.603333
2020-10-27,38.590000
2020-10-28,37.654999
2020-10-29,38.128334
2020-10-30,36.865002
2020-11-02,36.974998
2020-11-03,37.986668
2020-11-04,39.196667
2020-11-05,40.703335
2020-11-06,41.671665
2020-11-09,42.021667
2020-11-10,40.453335
2020-11-11,42.133331
2020-11-12,41.993332
2020-11-13,43.116669
2020-11-16,46.416668
2020-11-17,48.951668
2020-11-18,46.856667
2020-11-19,47.919998
2020-11-20,48.668331
2020-11-23,49.340000
2020-11-24,49.528332
2020-11-25,49.548332
2020-11-27,49.218334
2020-11-30,48.986668
2020-12-01,49.138332
2020-12-02,48.871666
2020-12-03,49.438332
2020-12-04,50.715000
2020-12-07,50.481667
2020-12-08,51.703335
2020-12-09,50.358334
2020-12-10,51.311668
2020-12-11,51.654999
2020-12-14,52.380001
2020-12-15,52.908333
2020-12-16,53.888332
2020-12-17,55.233334
2020-12-18,59.255001
2020-12-21,59.336666
2020-12-22,62.009998
2020-12-23,60.803333
2020-12-24,61.189999
2020-12-28,60.246666
2020-12-29,59.366669
2020-12-30,59.298332
2020-12-31,59.231667
2021-01-04,58.610001
2021-01-05,58.358334
2021-01-06,57.546665
2021-01-07,60.518333
2021-01-08,61.091667
2021-01-11,60.799999
2021-01-12,61.746666
2021-01-13,60.966667
2021-01-14,60.526669
2021-01-15,60.811668
2021-01-19,60.674999
2021-01-20,61.758331
2021-01-21,60.936668
2021-01-22,60.770000
2021-01-25,60.130001
2021-01-26,59.043331
2021-01-27,55.861668
2021-01-28,58.853333
2021-01-29,58.458332
2021-02-01,60.226665
2021-02-02,64.559998
2021-02-03,62.930000
2021-02-04,63.748333
2021-02-05,63.308334
2021-02-08,64.233330
2021-02-09,65.161667
2021-02-10,65.368332
2021-02-11,65.184998
2021-02-12,65.853333
2021-02-16,65.540001
2021-02-17,65.903336
2021-02-18,65.088333
2021-02-19,66.150002
2021-02-22,64.058334
2021-02-23,62.976665
2021-02-24,61.601665
2021-02-25,60.006668
2021-02-26,59.718334
2021-03-01,61.231667
2021-03-02,59.110001
2021-03-03,57.293331
2021-03-04,55.939999
2021-03-05,55.788334
2021-03-08,55.246666
2021-03-09,57.070000
2021-03-10,55.781666
2021-03-11,57.395000
2021-03-12,57.088333
2021-03-15,57.381668
2021-03-16,56.666668
2021-03-17,56.153332
2021-03-18,52.924999
2021-03-19,52.808334
2021-03-22,53.906666
2021-03-23,53.933334
2021-03-24,53.500000
2021-03-25,53.913334
2021-03-26,53.285000
2021-03-29,53.371666
2021-03-30,53.001667
2021-03-31,53.676666
2021-04-01,54.674999
2021-04-05,55.171665
2021-04-06,56.230000
2021-04-07,56.428333
2021-04-08,57.208332
2021-04-09,58.251667
2021-04-12,59.226665
2021-04-13,59.983334
2021-04-14,60.163334
2021-04-15,61.730000
2021-04-16,61.108334
2021-04-19,61.160000
2021-04-20,60.000000
2021-04-21,59.435001
2021-04-22,58.801666
2021-04-23,59.736668
2021-04-26,60.244999
2021-04-27,59.746666
2021-04-28,60.026669
2021-04-29,59.191666
2021-04-30,58.898335
2021-05-03,58.180000
2021-05-04,57.599998
2021-05-05,56.863335
2021-05-06,56.240002
2021-05-07,57.056667
2021-05-10,56.889999
2021-05-11,57.238335
2021-05-12,55.848331
2021-05-13,53.980000
2021-05-14,56.136665
2021-05-17,55.966667
2021-05-18,56.681667
2021-05-19,55.930000
2021-05-20,57.098331
2021-05-21,60.408333
2021-05-24,60.753334
2021-05-25,60.846668
2021-05-26,61.294998
2021-05-27,61.209999
2021-05-28,60.541668
2021-06-01,60.058334
2021-06-02,59.611668
2021-06-03,58.521667
2021-06-04,59.558334
2021-06-07,59.395000
2021-06-08,58.889999
2021-06-09,58.731667
2021-06-10,60.408333
2021-06-11,60.973331
2021-06-14,61.258331
2021-06-15,60.139999
2021-06-16,60.583332
2021-06-17,62.011665
2021-06-18,61.951668
2021-06-21,61.823334
2021-06-22,60.900002
2021-06-23,61.398335
2021-06-24,62.099998
2021-06-25,62.595001
2021-06-28,63.078335
2021-06-29,62.611668
2021-06-30,61.841667
2021-07-01,61.781666
2021-07-02,62.136665
2021-07-06,65.316666
2021-07-07,64.498337
2021-07-08,64.418335
2021-07-09,65.040001
2021-07-12,64.754997
2021-07-13,64.666664
2021-07-14,64.383331
2021-07-15,64.639999
2021-07-16,64.716667
2021-07-19,64.906670
2021-07-20,66.831665
2021-07-21,65.303329
2021-07-22,66.393333
2021-07-23,66.936668
2021-07-26,66.498337
2021-07-27,66.251663
2021-07-28,66.576668
2021-07-29,66.500000
2021-07-30,66.508331
2021-08-02,66.720001
2021-08-03,66.388336
2021-08-04,67.221664
2021-08-05,67.273331
2021-08-06,64.393333
2021-08-09,64.746666
2021-08-10,62.833332
2021-08-11,60.913334
2021-08-12,61.500000
2021-08-13,62.340000
2021-08-16,61.720001
2021-08-17,60.961666
2021-08-18,60.393333
2021-08-19,60.483334
2021-08-20,61.243332
2021-08-23,62.095001
2021-08-24,73.644997
2021-08-25,74.508331
2021-08-26,76.239998
2021-08-27,76.879997
2021-08-30,76.468330
2021-08-31,76.839996
2021-09-01,76.716667
2021-09-02,77.091667
2021-09-03,78.036667
2021-09-07,77.106667
2021-09-08,77.621666
2021-09-09,77.750000
2021-09-10,78.316666
2021-09-13,79.353333
2021-09-14,80.805000
2021-09-15,79.989998
2021-09-16,80.813332
2021-09-17,79.394997
2021-09-20,79.065002
2021-09-21,78.838333
2021-09-22,79.328331
2021-09-23,80.525002
2021-09-24,81.745003
2021-09-27,81.006668
2021-09-28,79.391670
2021-09-29,78.845001
2021-09-30,79.833336
2021-10-01,81.084999
2021-10-04,78.256668
2021-10-05,79.264999
2021-10-06,81.021667
2021-10-07,82.279999
2021-10-08,82.131668
2021-10-11,83.301666
2021-10-12,84.206665
2021-10-13,84.081665
2021-10-14,83.830002
2021-10-15,84.641670
2021-10-18,85.861664
2021-10-19,85.415001
2021-10-20,85.320000
2021-10-21,84.666664
2021-10-22,84.021667
2021-10-25,82.961670
2021-10-26,81.091667
2021-10-27,82.143333
2021-10-28,83.065002
2021-10-29,84.848335
2021-11-01,84.718330
2021-11-02,84.743332
2021-11-03,83.160004
2021-11-04,82.305000
2021-11-05,82.296669
2021-11-08,86.216667
2021-11-09,85.386665
2021-11-10,83.198334
2021-11-11,84.646667
2021-11-12,85.863335
2021-11-15,86.343330
2021-11-16,87.523331
2021-11-17,85.626663
2021-11-18,86.665001
2021-11-19,88.389999
2021-11-22,89.993332
2021-11-23,88.836670
2021-11-24,91.620003
2021-11-26,88.873337
2021-11-29,91.863335
2021-11-30,91.156670
2021-12-01,88.026665
2021-12-02,89.216667
2021-12-03,86.809998
2021-12-06,83.536667
2021-12-07,87.238335
2021-12-08,88.438332
2021-12-09,87.921669
2021-12-10,88.641670
2021-12-13,89.153336
2021-12-14,85.416664
2021-12-15,90.048332
2021-12-16,87.285004
2021-12-17,88.356667
2021-12-20,88.264999
2021-12-21,89.605003
2021-12-22,92.459999
2021-12-23,93.629997
2021-12-27,94.723335
2021-12-28,94.118332
2021-12-29,93.933334
2021-12-30,93.570000
2021-12-31,92.793335
2022-01-03,90.701668
2022-01-04,87.333336
2022-01-05,84.143333
2022-01-06,88.818336
2022-01-07,87.581665
2022-01-10,87.101669
2022-01-11,87.675003
2022-01-12,88.669998
2022-01-13,83.099998
2022-01-14,83.184998
2022-01-18,83.728333
2022-01-19,86.601669
2022-01-20,86.611664
2022-01-21,80.605003
2022-01-24,84.035004
2022-01-25,79.245003
2022-01-26,79.373337
2022-01-27,80.870003
2022-01-28,82.695000
2022-01-31,86.233330
2022-02-01,85.476669
2022-02-02,84.900002
2022-02-03,82.068336
2022-02-04,85.916664
2022-02-07,85.163330
2022-02-08,85.541664
2022-02-09,89.081665
2022-02-10,87.958336
2022-02-11,85.025002
2022-02-14,86.836670
2022-02-15,87.733330
2022-02-16,87.735001
2022-02-17,83.190002
2022-02-18,80.361664
2022-02-22,79.251663
2022-02-23,79.601669
2022-02-24,89.989998
2022-02-25,94.958336
2022-02-28,99.041664
2022-03-01,96.125000
2022-03-02,97.010002
2022-03-03,95.568336
2022-03-04,92.918335
2022-03-07,88.918335
2022-03-08,87.525002
2022-03-09,92.485001
2022-03-10,91.974998
2022-03-11,91.004997
2022-03-14,87.551666
2022-03-15,90.010002
2022-03-16,92.320000
2022-03-17,94.026665
2022-03-18,96.169998
2022-03-21,96.199997
2022-03-22,99.570000
2022-03-23,100.673332
2022-03-24,103.693336
2022-03-25,103.733330
2022-03-28,104.208336
2022-03-29,102.751663
2022-03-30,102.625000
2022-03-31,103.751663
2022-04-01,101.851669
2022-04-04,104.683334
2022-04-05,103.523331
2022-04-06,101.133331
2022-04-07,102.745003
2022-04-08,101.371666
2022-04-11,101.816666
2022-04-12,101.981667
2022-04-13,104.834999
2022-04-14,104.463333
2022-04-18,102.964996
2022-04-19,104.760002
2022-04-20,104.361664
2022-04-21,98.666664
2022-04-22,95.263336
2022-04-25,99.955002
2022-04-26,96.798332
2022-04-27,96.470001
2022-04-28,98.123337
2022-04-29,93.546669
2022-05-02,95.324997
2022-05-03,92.989998
2022-05-04,92.211670
2022-05-05,88.273331
2022-05-06,84.144997
2022-05-09,76.584999
2022-05-10,80.673332
2022-05-11,77.778336
2022-05-12,79.751663
2022-05-13,81.834999
2022-05-16,78.029999
2022-05-17,78.878334
2022-05-18,73.099998
2022-05-19,72.728333
2022-05-20,79.779999
2022-05-23,83.378334
2022-05-24,79.523331
2022-05-25,84.251663
2022-05-26,83.681664
2022-05-27,84.466667
2022-05-31,83.796669
2022-06-01,83.621666
2022-06-02,86.223335
2022-06-03,85.430000
2022-06-06,85.669998
2022-06-07,87.833336
2022-06-08,87.480003
2022-06-09,86.025002
2022-06-10,82.536667
2022-06-13,79.621666
2022-06-14,80.271667
2022-06-15,81.169998
2022-06-16,77.718330
2022-06-17,79.226669
2022-06-21,83.226669
2022-06-22,82.386665
2022-06-23,83.845001
2022-06-24,85.118332
2022-06-27,83.646667
2022-06-28,81.985001
2022-06-29,81.966667
2022-06-30,82.323334
2022-07-01,84.708336
2022-07-05,86.856667
2022-07-06,85.826668
2022-07-07,86.208336
2022-07-08,87.370003
2022-07-11,85.985001
2022-07-12,82.096664
2022-07-13,82.235001
2022-07-14,81.666664
2022-07-15,84.826668
2022-07-18,84.306664
2022-07-19,85.599998
2022-07-20,84.033333
2022-07-21,85.723335
2022-07-22,85.195000
2022-07-25,84.211670
2022-07-26,77.536667
2022-07-27,79.680000
2022-07-28,82.035004
2022-07-29,83.183334
2022-08-01,84.610001
2022-08-02,85.114998
2022-08-03,88.178329
2022-08-04,83.616669
2022-08-05,83.561668
2022-08-08,83.511665
2022-08-09,83.394997
2022-08-10,86.973335
2022-08-11,86.084999
2022-08-12,87.813332
2022-08-15,87.961670
2022-08-16,87.425003
2022-08-17,85.751663
2022-08-18,86.308334
2022-08-19,85.584999
2022-08-22,84.675003
2022-08-23,94.918335
2022-08-24,94.135002
2022-08-25,95.930000
2022-08-26,93.448334
2022-08-29,93.165001
2022-08-30,93.279999
2022-08-31,92.801666
2022-09-01,90.858330
2022-09-02,89.866669
2022-09-06,88.423332
2022-09-07,90.000000
2022-09-08,91.208336
2022-09-09,94.128334
2022-09-12,94.680000
2022-09-13,91.480003
2022-09-14,91.029999
2022-09-15,89.809998
2022-09-16,87.044998
2022-09-19,87.675003
2022-09-20,87.510002
2022-09-21,85.559998
2022-09-22,83.089996
2022-09-23,80.785004
2022-09-26,81.584999
2022-09-27,81.830002
2022-09-28,83.400002
2022-09-29,82.790001
2022-09-30,81.894997
2022-10-03,84.845001
2022-10-04,86.919998
2022-10-05,87.824997
2022-10-06,87.375000
2022-10-07,84.955002
2022-10-10,81.570000
2022-10-11,78.684998
2022-10-12,77.654999
2022-10-13,78.945000
2022-10-14,77.415001
2022-10-17,79.269997
2022-10-18,81.684998
2022-10-19,80.055000
2022-10-20,79.285004
2022-10-21,81.014999
2022-10-24,80.669998
2022-10-25,83.095001
2022-10-26,83.364998
2022-10-27,84.070000
2022-10-28,85.540001
2022-10-31,85.794998
2022-11-01,85.385002
2022-11-02,80.889999
2022-11-03,74.849998
2022-11-04,71.105003
2022-11-07,72.224998
2022-11-08,77.084999
2022-11-09,75.785004
2022-11-10,81.730003
2022-11-11,82.660004
2022-11-14,80.864998
2022-11-15,81.190002
2022-11-16,79.544998
2022-11-17,78.279999
2022-11-18,83.739998
2022-11-21,85.309998
2022-11-22,85.834999
2022-11-23,86.550003
2022-11-25,86.385002
2022-11-28,85.695000
2022-11-29,85.254997
2022-11-30,84.949997
2022-12-01,89.199997
2022-12-02,86.345001
2022-12-05,84.995003
2022-12-06,83.345001
2022-12-07,82.345001
2022-12-08,80.389999
2022-12-09,79.449997
2022-12-12,80.889999
2022-12-13,80.375000
2022-12-14,80.114998
2022-12-15,76.294998
2022-12-16,75.500000
2022-12-19,75.260002
2022-12-20,74.639999
2022-12-21,73.709999
2022-12-22,71.574997
2022-12-23,70.635002
2022-12-27,69.605003
2022-12-28,68.665001
2022-12-29,70.099998
2022-12-30,69.769997
2023-01-03,69.224998
2023-01-04,69.269997
2023-01-05,67.555000
2023-01-06,67.425003
2023-01-09,67.540001
2023-01-10,67.095001
2023-01-11,68.355003
2023-01-12,68.300003
2023-01-13,69.430000
2023-01-17,71.000000
2023-01-18,70.839996
2023-01-19,70.355003
2023-01-20,73.050003
2023-01-23,74.669998
2023-01-24,75.570000
2023-01-25,75.889999
2023-01-26,79.555000
2023-01-27,79.889999
2023-01-30,78.815002
2023-01-31,79.320000
2023-02-01,79.860001
2023-02-02,81.275002
2023-02-03,79.860001
2023-02-06,78.114998
2023-02-07,79.849998
2023-02-08,83.070000
2023-02-09,83.065002
2023-02-10,82.625000
2023-02-13,83.154999
2023-02-14,85.070000
2023-02-15,88.629997
2023-02-16,86.010002
2023-02-17,84.639999
2023-02-21,83.445000
2023-02-22,93.875000
2023-02-23,94.370003
2023-02-24,93.315002
2023-02-27,94.254997
2023-02-28,94.184998
2023-03-01,93.470001
2023-03-02,94.925003
2023-03-03,95.794998
2023-03-06,93.955002
2023-03-07,93.599998
2023-03-08,94.190002
2023-03-09,92.209999
2023-03-10,92.855003
2023-03-13,92.949997
2023-03-14,92.239998
2023-03-15,91.900002
2023-03-16,94.885002
2023-03-17,94.559998
2023-03-20,94.714996
2023-03-21,97.245003
2023-03-22,95.445000
2023-03-23,96.945000
2023-03-24,95.775002
2023-03-27,96.264999
2023-03-28,95.379997
2023-03-29,96.095001
2023-03-30,96.785004
2023-03-31,99.870003
2023-04-03,98.165001
2023-04-04,98.279999
2023-04-05,97.089996
2023-04-06,95.964996
2023-04-10,96.309998
2023-04-11,96.404999
2023-04-12,97.639999
2023-04-13,98.934998
2023-04-14,99.720001
2023-04-17,100.580002
2023-04-18,100.000000
2023-04-19,97.660004
2023-04-20,96.135002
2023-04-21,96.625000
2023-04-24,95.974998
2023-04-25,91.285004
2023-04-26,91.894997
2023-04-27,92.559998
2023-04-28,91.230003
2023-05-01,91.650002
2023-05-02,88.445000
2023-05-03,88.830002
2023-05-04,89.504997
2023-05-05,91.964996
2023-05-08,95.760002
2023-05-09,97.919998
2023-05-10,99.699997
2023-05-11,98.589996
2023-05-12,99.650002
2023-05-15,96.500000
2023-05-16,95.714996
2023-05-17,95.760002
2023-05-18,94.860001
2023-05-19,94.330002
2023-05-22,96.055000
2023-05-23,94.870003
2023-05-24,102.154999
2023-05-25,103.989998
2023-05-26,105.849998
2023-05-30,106.239998
2023-05-31,106.695000
2023-06-01,108.394997
2023-06-02,108.620003
2023-06-05,113.394997
2023-06-06,112.360001
2023-06-07,108.125000
2023-06-08,111.410004
2023-06-09,110.050003
2023-06-12,114.570000
2023-06-13,116.815002
2023-06-14,119.279999
2023-06-15,121.900002
2023-06-16,123.264999
2023-06-20,120.800003
2023-06-21,119.459999
2023-06-22,124.574997
2023-06-23,121.970001
2023-06-26,121.900002
2023-06-27,125.794998
2023-06-28,126.705002
2023-06-29,126.665001
2023-06-30,127.754997
2023-07-03,127.320000
2023-07-05,128.940002
2023-07-06,126.699997
2023-07-07,123.794998
2023-07-10,123.735001
2023-07-11,125.114998
2023-07-12,116.320000
2023-07-13,119.504997
2023-07-14,120.629997
2023-07-17,125.025002
2023-07-18,124.169998
2023-07-19,123.000000
2023-07-20,121.025002
2023-07-21,121.910004
2023-07-24,121.665001
2023-07-25,121.455002
2023-07-26,122.504997
2023-07-27,122.639999
2023-07-28,124.220001
2023-07-31,124.980003
2023-08-01,126.584999
2023-08-02,118.084999
2023-08-03,118.724998
2023-08-04,109.160004
2023-08-07,107.620003
2023-08-08,105.739998
2023-08-09,106.735001
2023-08-10,107.029999
2023-08-11,108.980003
2023-08-14,109.669998
2023-08-15,107.830002
2023-08-16,106.985001
2023-08-17,103.785004
2023-08-18,104.845001
2023-08-21,120.404999
2023-08-22,117.279999
2023-08-23,117.830002
2023-08-24,113.724998
2023-08-25,115.379997
2023-08-28,116.209999
2023-08-29,116.959999
2023-08-30,118.949997
2023-08-31,121.650002
2023-09-01,121.360001
2023-09-05,122.535004
2023-09-06,122.605003
2023-09-07,122.720001
2023-09-08,124.370003
2023-09-11,126.570000
2023-09-12,122.864998
2023-09-13,123.144997
2023-09-14,122.910004
2023-09-15,120.099998
2023-09-18,119.945000
2023-09-19,118.084999
2023-09-20,117.650002
2023-09-21,113.720001
2023-09-22,114.254997
2023-09-25,113.264999
2023-09-26,113.394997
2023-09-27,115.949997
2023-09-28,117.589996
2023-09-29,117.220001
2023-10-02,118.385002
2023-10-03,115.855003
2023-10-04,118.220001
2023-10-05,118.389999
2023-10-06,123.345001
2023-10-09,126.389999
2023-10-10,128.389999
2023-10-11,129.604996
2023-10-12,130.309998
2023-10-13,129.699997
2023-10-16,130.759995
2023-10-17,130.869995
2023-10-18,130.669998
2023-10-19,126.565002
2023-10-20,121.550003
2023-10-23,123.084999
2023-10-24,126.035004
2023-10-25,122.394997
2023-10-26,118.595001
2023-10-27,119.394997
2023-10-30,119.275002
2023-10-31,121.510002
2023-11-01,122.430000
2023-11-02,125.180000
2023-11-03,121.764999
2023-11-06,118.500000
2023-11-07,121.040001
2023-11-08,120.540001
2023-11-09,121.294998
2023-11-10,126.754997
2023-11-13,127.820000
2023-11-14,130.585007
2023-11-15,128.089996
2023-11-16,121.150002
2023-11-17,123.794998
2023-11-20,130.285004
2023-11-21,132.014999
2023-11-22,131.570007
2023-11-24,133.039993
2023-11-27,134.544998
2023-11-28,138.914993
2023-11-29,144.455002
2023-11-30,147.544998
2023-12-01,148.080002
2023-12-04,143.304993
2023-12-05,146.389999
2023-12-06,143.600006
2023-12-07,146.804993
2023-12-08,149.210007
2023-12-11,149.940002
2023-12-12,152.789993
2023-12-13,156.929993
2023-12-14,150.220001
2023-12-15,153.649994
2023-12-18,153.789993
2023-12-19,154.304993
2023-12-20,150.490005
2023-12-21,149.699997
2023-12-22,149.104996
2023-12-26,150.410004
2023-12-27,148.750000
2023-12-28,147.789993
2023-12-29,147.440002
2024-01-02,144.460007
2024-01-03,143.235001
2024-01-04,141.649994
2024-01-05,141.464996
2024-01-08,144.750000
2024-01-09,150.210007
2024-01-10,158.044998
2024-01-11,161.744995
2024-01-12,162.619995
2024-01-16,166.024994
2024-01-17,165.029999
2024-01-18,167.884995
2024-01-19,168.869995
2024-01-22,172.824997
2024-01-23,172.089996
2024-01-24,170.119995
2024-01-25,170.095001
2024-01-26,171.220001
2024-01-29,172.625000
2024-01-30,172.945007
2024-01-31,169.255005
2024-02-01,169.985001
2024-02-02,172.529999
2024-02-05,172.240005
2024-02-06,170.744995
2024-02-07,182.250000
2024-02-08,183.509995
2024-02-09,188.449997
2024-02-12,185.985001
2024-02-13,184.130005
2024-02-14,184.164993
2024-02-15,183.440002
2024-02-16,183.205002
2024-02-20,183.044998
2024-02-21,130.985001
2024-02-22,133.910004
2024-02-23,141.044998
2024-02-26,151.389999
2024-02-27,157.375000
2024-02-28,158.074997
2024-02-29,155.274994
2024-03-01,151.199997
2024-03-04,149.720001
2024-03-05,145.565002
2024-03-06,139.429993
2024-03-07,143.244995
2024-03-08,140.100006
2024-03-11,141.664993
2024-03-12,142.365005
2024-03-13,145.059998
2024-03-14,143.789993
2024-03-15,141.080002
2024-03-18,142.619995
2024-03-19,140.289993
2024-03-20,141.024994
2024-03-21,143.815002
2024-03-22,143.389999
2024-03-25,142.535004
2024-03-26,143.345001
2024-03-27,141.130005
2024-03-28,142.065002
2024-04-01,139.710007
2024-04-02,136.699997
2024-04-03,134.770004
2024-04-04,132.600006
2024-04-05,134.505005
2024-04-08,134.289993
2024-04-09,139.565002
2024-04-10,140.500000
2024-04-11,141.929993
2024-04-12,139.535004
2024-04-15,136.074997
2024-04-16,137.509995
2024-04-17,138.664993
2024-04-18,140.570007
2024-04-19,138.854996
2024-04-22,140.839996
2024-04-23,146.744995
2024-04-24,146.910004
2024-04-25,144.395004
2024-04-26,145.710007
2024-04-29,146.705002
2024-04-30,145.445007
2024-05-01,143.669998
2024-05-02,147.660004
2024-05-03,148.104996
2024-05-06,150.285004
2024-05-07,152.759995
2024-05-08,151.505005
2024-05-09,147.835007
2024-05-10,148.735001
2024-05-13,151.125000
2024-05-14,150.770004
2024-05-15,156.160004
2024-05-16,158.389999
2024-05-17,158.925003
2024-05-20,161.884995
2024-05-21,155.830002
2024-05-22,154.289993
2024-05-23,155.720001
2024-05-24,160.800003
2024-05-28,154.005005
2024-05-29,153.449997
2024-05-30,146.589996
2024-05-31,147.455002
2024-06-03,147.240005
2024-06-04,145.044998
2024-06-05,147.705002
2024-06-06,147.964996
2024-06-07,150.949997
2024-06-10,154.524994
2024-06-11,156.475006
2024-06-12,159.895004
2024-06-13,159.830002
2024-06-14,158.654999
2024-06-17,159.794998
2024-06-18,158.509995
2024-06-20,155.520004
2024-06-21,160.164993
2024-06-24,158.339996
2024-06-25,161.339996
2024-06-26,162.630005
2024-06-27,170.410004
2024-06-28,169.505005
2024-07-01,170.449997
2024-07-02,170.220001
2024-07-03,170.600006
2024-07-05,171.044998
2024-07-08,168.820007
2024-07-09,168.089996
2024-07-10,168.529999
2024-07-11,165.520004
2024-07-12,168.250000
2024-07-15,170.455002
2024-07-16,169.250000
2024-07-17,166.070007
2024-07-18,161.940002
2024-07-19,165.445007
2024-07-22,166.850006
2024-07-23,167.779999
2024-07-24,162.119995
2024-07-25,160.065002
2024-07-26,163.404999
2024-07-29,161.029999
2024-07-30,158.755005
2024-07-31,162.365005
2024-08-01,157.809998
2024-08-02,152.800003
2024-08-05,147.089996
2024-08-06,150.964996
2024-08-07,152.104996
2024-08-08,158.684998
2024-08-09,165.740005
2024-08-12,165.550003
2024-08-13,166.615005
2024-08-14,169.955002
2024-08-15,171.634995
2024-08-16,167.054993
2024-08-19,171.679993
2024-08-20,184.005005
2024-08-21,179.875000
2024-08-22,174.740005
2024-08-23,175.375000
2024-08-26,173.559998
2024-08-27,175.095001
2024-08-28,175.220001
2024-08-29,179.104996
2024-08-30,181.360001
2024-09-03,177.535004
2024-09-04,173.074997
2024-09-05,171.869995
2024-09-06,167.910004
2024-09-09,172.024994
2024-09-10,173.789993
2024-09-11,170.884995
2024-09-12,172.580002
2024-09-13,173.449997
2024-09-16,173.054993
2024-09-17,168.964996
2024-09-18,164.875000
2024-09-19,166.800003
2024-09-20,170.059998
2024-09-23,172.085007
2024-09-24,171.759995
2024-09-25,170.255005
2024-09-26,169.365005
2024-09-27,167.875000
2024-09-30,170.899994
2024-10-01,164.645004
2024-10-02,166.065002
2024-10-03,167.970001
2024-10-04,171.179993
2024-10-07,168.970001
2024-10-08,177.565002
2024-10-09,181.434998
2024-10-10,184.699997
2024-10-11,186.600006
2024-10-14,186.955002
2024-10-15,187.220001
2024-10-16,186.615005
2024-10-17,188.074997
2024-10-18,187.414993
2024-10-21,189.205002
2024-10-22,188.050003
2024-10-23,179.095001
2024-10-24,182.289993
2024-10-25,183.220001
2024-10-28,181.175003
2024-10-29,182.695007
2024-10-30,179.755005
2024-10-31,180.164993
2024-11-01,181.320007
2024-11-04,180.559998
2024-11-05,183.145004
2024-11-06,192.589996
2024-11-07,193.500000
2024-11-08,195.699997
2024-11-11,199.050003
2024-11-12,199.009995
2024-11-13,201.179993
2024-11-14,197.195007
2024-11-15,193.500000
2024-11-18,193.414993
2024-11-19,194.029999
2024-11-20,196.445007
2024-11-21,198.850006
2024-11-22,191.679993
2024-11-25,193.190002
2024-11-26,198.199997
2024-11-27,192.184998
2024-11-29,193.910004
2024-12-02,195.085007
2024-12-03,196.294998
2024-12-04,202.289993
2024-12-05,201.514999
2024-12-06,202.949997
2024-12-09,194.470001
2024-12-10,194.880005
2024-12-11,199.210007
2024-12-12,200.104996
2024-12-13,196.559998
2024-12-16,202.500000
2024-12-17,201.240005
2024-12-18,188.759995
2024-12-19,189.360001
2024-12-20,186.779999
2024-12-23,188.220001
2024-12-24,189.509995
2024-12-26,188.500000
2024-12-27,186.179993
2024-12-30,184.199997
2024-12-31,181.960007
2025-01-02,180.740005
2025-01-03,183.250000
2025-01-06,179.500000
2025-01-07,175.509995
2025-01-08,172.830002
2025-01-10,173.419998
2025-01-13,167.820007
2025-01-14,170.580002
2025-01-15,174.190002
2025-01-16,177.169998
2025-01-17,177.110001
2025-01-21,183.509995
2025-01-22,187.699997
2025-01-23,187.320007
2025-01-24,187.699997
2025-01-27,189.300003
2025-01-28,192.940002
2025-01-29,185.419998
2025-01-30,187.419998
2025-01-31,184.419998
2025-02-03,182.789993
2025-02-04,183.399994
2025-02-05,186.850006
2025-02-06,187.369995
2025-02-07,193.940002
2025-02-10,196.399994
2025-02-11,195.490005
2025-02-12,196.729996
2025-02-13,201.880005
2025-02-14,200.029999
2025-02-18,208.279999
2025-02-19,205.190002
2025-02-20,198.809998
2025-02-21,191.029999
2025-02-24,190.389999
2025-02-25,188.009995
2025-02-26,189.550003
2025-02-27,187.500000
2025-02-28,190.429993
2025-03-03,183.679993
2025-03-04,184.380005
2025-03-05,184.279999
2025-03-06,179.330002
2025-03-07,180.929993
2025-03-10,173.830002
2025-03-11,178.929993
2025-03-12,179.479996
2025-03-13,176.320007
2025-03-14,182.339996
2025-03-17,185.000000
2025-03-18,183.100006
2025-03-19,187.539993
2025-03-20,184.009995
2025-03-21,182.320007
2025-03-24,184.789993
2025-03-25,189.949997
2025-03-26,184.960007
2025-03-27,174.440002
2025-03-28,172.759995
2025-03-31,170.639999
2025-04-01,171.309998
2025-04-02,173.179993
2025-04-03,165.169998
2025-04-04,153.570007
2025-04-07,152.440002
2025-04-08,152.529999
2025-04-09,173.020004
2025-04-10,168.270004
2025-04-11,168.339996
2025-04-14,169.979996
2025-04-15,173.550003
2025-04-16,169.759995
2025-04-17,167.690002
2025-04-21,160.050003
2025-04-22,163.630005
2025-04-23,168.320007
2025-04-24,176.039993
2025-04-25,178.979996
2025-04-28,181.539993
2025-04-29,186.649994
2025-04-30,186.929993
2025-05-01,186.270004
2025-05-02,187.699997
2025-05-05,188.130005
2025-05-06,188.690002
2025-05-07,188.139999
2025-05-08,188.529999
2025-05-09,186.929993
2025-05-12,193.500000
2025-05-13,192.000000
2025-05-14,190.899994
2025-05-15,192.899994
2025-05-16,192.979996
2025-05-19,194.300003
2025-05-20,194.479996
2025-05-21,181.259995
2025-05-22,186.139999
2025-05-23,186.750000
2025-05-27,187.460007
2025-05-28,187.800003
2025-05-29,185.820007
2025-05-30,192.419998
2025-06-02,194.860001
2025-06-03,197.119995
2025-06-04,194.070007
2025-06-05,197.110001
2025-06-06,199.600006
2025-06-09,196.330002
2025-06-10,195.949997
2025-06-11,194.389999
2025-06-12,197.669998
2025-06-13,196.270004
2025-06-16,198.110001
2025-06-17,202.050003
2025-06-18,199.779999
2025-06-20,199.240005
2025-06-23,203.320007
2025-06-24,201.690002
2025-06-25,204.300003
2025-06-26,202.339996
2025-06-27,200.570007
2025-06-30,204.639999
2025-07-01,197.580002
2025-07-02,196.970001
2025-07-03,201.820007
2025-07-07,201.419998
2025-07-08,203.990005
2025-07-09,206.059998
2025-07-10,192.070007
2025-07-11,187.389999
2025-07-14,190.720001
2025-07-15,192.250000
2025-07-16,192.589996
2025-07-17,196.279999
2025-07-18,195.779999
2025-07-21,199.880005
2025-07-22,196.729996
2025-07-23,199.220001
2025-07-24,201.160004
2025-07-25,203.270004
2025-07-28,204.500000
2025-07-29,193.839996
2025-07-30,183.029999
2025-07-31,173.600006
2025-08-01,172.880005
2025-08-04,171.000000
2025-08-05,169.089996
2025-08-06,172.889999
2025-08-07,168.100006
2025-08-08,167.059998
2025-08-11,168.169998
2025-08-12,175.399994
2025-08-13,176.860001
2025-08-14,173.550003
2025-08-15,177.089996
2025-08-18,176.169998
2025-08-19,181.559998
2025-08-20,184.429993
2025-08-21,183.320007
2025-08-22,185.880005
2025-08-25,184.550003
2025-08-26,184.229996
2025-08-27,187.610001
2025-08-28,191.020004
2025-08-29,190.520004
2025-09-02,190.520004
2025-09-03,191.529999
2025-09-04,192.350006
2025-09-05,194.460007
2025-09-08,197.380005
2025-09-09,197.550003
2025-09-10,197.330002
2025-09-11,198.330002
2025-09-12,196.289993
2025-09-15,201.279999
2025-09-16,201.339996
2025-09-17,203.119995
2025-09-18,205.679993
2025-09-19,208.190002
2025-09-22,208.179993
2025-09-23,203.250000
2025-09-24,200.699997
2025-09-25,202.210007
2025-09-26,202.369995
2025-09-29,203.960007
2025-09-30,203.619995
2025-10-01,206.800003
2025-10-02,209.300003
2025-10-03,207.190002
2025-10-06,212.580002
2025-10-07,211.039993
2025-10-08,217.789993
2025-10-09,215.169998
2025-10-10,208.550003
2025-10-13,213.279999
2025-10-14,207.559998
2025-10-15,206.699997
2025-10-16,205.509995
2025-10-17,207.889999
2025-10-20,211.820007
2025-10-21,214.399994
2025-10-22,212.419998
2025-10-23,215.020004
2025-10-24,217.110001
2025-10-27,220.289993
2025-10-28,221.380005
2025-10-29,217.160004
2025-10-30,218.270004
2025-10-31,220.240005
2025-11-03,219.229996
2025-11-04,214.520004
2025-11-05,213.179993
2025-11-06,211.369995
2025-11-07,212.289993
2025-11-10,216.539993
2025-11-11,218.270004
2025-11-12,210.039993
2025-11-13,204.770004
2025-11-14,205.250000
2025-11-17,202.899994
2025-11-18,201.000000
2025-11-19,199.899994
2025-11-20,185.070007
2025-11-21,182.899994
2025-11-24,183.889999
2025-11-25,186.270004
2025-11-26,185.350006
2025-11-28,190.130005
2025-12-01,187.729996
2025-12-02,189.880005
2025-12-03,193.630005
2025-12-04,195.679993
2025-12-05,198.839996
2025-12-08,195.350006
2025-12-09,195.000000
2025-12-10,192.960007
2025-12-11,190.360001
2025-12-12,191.690002
2025-12-15,185.880005
2025-12-16,187.089996
2025-12-17,183.440002
2025-12-18,185.880005
2025-12-19,186.880005
2025-12-22,189.490005
2025-12-23,188.119995
2025-12-24,187.220001
2025-12-26,188.449997
2025-12-29,186.850006
2025-12-30,186.850006
2025-12-31,184.199997
2026-01-02,179.369995
2026-01-05,182.119995
2026-01-06,185.860001
2026-01-07,193.899994
2026-01-08,190.800003
2026-01-09,189.020004
2026-01-12,188.880005
2026-01-13,190.850006
2026-01-14,190.929993
2026-01-15,187.729996
2026-01-16,187.660004
2026-01-20,184.059998
2026-01-21,181.470001
2026-01-22,182.270004
2026-01-23,180.179993
2026-01-26,184.220001
2026-01-27,183.500000
2026-01-28,183.740005
2026-01-29,176.199997
2026-01-30,176.970001
2026-02-02,175.419998
2026-02-03,166.240005
2026-02-04,166.720001
2026-02-05,154.770004
2026-02-06,159.320007
2026-02-09,166.000000
2026-02-10,165.509995
2026-02-11,165.300003
2026-02-12,162.809998
2026-02-13,166.949997
2026-02-17,163.500000
2026-02-18,152.350006
2026-02-19,150.990005
2026-02-20,148.699997
2026-02-23,144.139999
2026-02-24,141.669998
2026-02-25,144.839996
2026-02-26,149.399994
2026-02-27,148.919998
2026-03-02,150.149994
2026-03-03,156.089996
2026-03-04,158.559998
2026-03-05,163.160004
2026-03-06,165.050003
2026-03-09,165.100006
2026-03-10,165.580002
2026-03-11,164.929993
2026-03-12,168.119995
2026-03-13,167.020004
2026-03-16,167.449997
2026-03-17,169.190002
2026-03-18,168.910004
2026-03-19,169.740005
2026-03-20,162.949997
2026-03-23,164.050003
2026-03-24,157.210007
2026-03-25,153.220001
2026-03-26,156.360001
2026-03-27,147.020004
2026-03-30,154.350006
2026-03-31,160.320007
2026-04-01,160.669998
2026-04-02,163.210007
2026-04-06,161.949997
2026-04-07,169.869995
2026-04-08,173.779999
2026-04-09,166.990005
2026-04-10,155.729996
2026-04-13,162.509995
2026-04-14,161.589996
2026-04-15,164.110001
2026-04-16,166.970001
2026-04-17,167.850006
2026-04-20,169.559998
2026-04-21,174.960007
2026-04-22,181.199997
2026-04-23,173.210007
2026-04-24,178.539993
2026-04-27,182.899994
2026-04-28,180.990005
2026-04-29,181.539993
2026-04-30,179.320007
2026-05-01,181.080002
2026-05-04,184.559998
2026-05-05,183.979996
2026-05-06,183.679993
2026-05-07,196.529999
2026-05-08,207.880005
2026-05-11,213.660004
2026-05-12,215.600006
2026-05-13,227.789993
2026-05-14,238.210007
2026-05-15,242.830002
2026-05-18,247.550003
2026-05-19,240.130005
2026-05-20,246.660004
2026-05-21,252.919998
2026-05-22,260.579987
2026-05-26,256.750000
2026-05-27,248.470001
2026-05-28,257.769989
2026-05-29,281.690002
2026-06-01,300.480011
2026-06-02,297.179993
2026-06-03,280.429993
2026-06-04,279.250000
2026-06-05,272.049988
2026-06-08,266.329987
2026-06-09,260.519989
2026-06-10,263.220001
2026-06-11,279.529999
2026-06-12,279.619995
2026-06-15,284.540009
2026-06-16,279.899994
2026-06-17,282.130005
2026-06-18,287.779999
2026-06-22,286.399994
2026-06-23,290.920013
2026-06-24,285.260010
2026-06-25,293.089996
2026-06-26,304.200012
2026-06-29,332.000000
2026-06-30,341.019989
2026-07-01,352.040009
2026-07-02,348.059998
2026-07-06,357.529999
2026-07-07,337.040009
2026-07-08,320.589996
2026-07-09,338.309998
2026-07-10,325.910004
2026-07-13,330.299988
2026-07-14,352.890015
2026-07-15,354.019989
2026-07-16,353.989990
2026-07-17,358.679993
2026-07-20,348.660004
2026-07-21,342.149994
2026-07-22,335.279999
2026-07-23,325.630005
2026-07-24,323.790009
2026-07-27,317.320007
2026-07-28,319.000000
2026-07-29,314.149994
2026-07-30,325.679993
2026-07-31,331.829987
2026-08-03,347.130005
2026-08-04,366.339996
2026-08-05,362.660004
2026-08-06,359.489990
2026-08-07,363.859985
2026-08-10,385.040009
2026-08-11,383.799988
2026-08-12,387.010010
2026-08-13,396.000000
2026-08-14,384.269989
2026-08-17,375.760010
2026-08-18,374.140015
2026-08-19,359.760010
2026-08-20,349.559998
2026-08-21,357.869995
2026-08-24,350.899994
2026-08-25,339.899994
2026-08-26,339.309998
2026-08-27,382.850006
2026-08-28,371.589996
2026-08-31,382.130005
2026-09-01,362.089996
2026-09-02,328.480011
2026-09-03,331.940002
2026-09-04,333.260010
2026-09-08,336.980011
2026-09-09,335.100006
