date,track,key,ret,nav,rebalanced,w_SPMO,w_TQQQ,w_QLD,w_XLU,w_BOXX,px_SPMO,px_TQQQ,px_QLD,px_XLU,px_BOXX,qqq,eff,in_a,spell_start,raw,held
2026-09-23,v2,A|0|0,0.00000000,100.000000,1,0.500000,0.500000,0.000000,0.000000,0.000000,151.92,78.64,96.2,39.77,118.302,741.17,A,1,2026-08-04,0,0
2026-09-23,fastcut,A|0|0,0.00000000,100.000000,1,0.500000,0.500000,0.000000,0.000000,0.000000,151.92,78.64,96.2,39.77,118.302,741.17,A,1,2026-08-04,0,0
2026-09-23,sep19,A|0|0,0.00000000,100.000000,1,0.500000,0.500000,0.000000,0.000000,0.000000,151.92,78.64,96.2,39.77,118.302,741.17,A,1,2026-08-04,0,0
2026-09-24,v2,A|0|0,0.00037325,100.037325,0,0.500504,0.499496,0.000000,0.000000,0.000000,152.13,78.59,96.115,39.375,118.295,741.07,A,1,2026-08-04,0,0
2026-09-24,fastcut,A|0|0,0.00037325,100.037325,0,0.500504,0.499496,0.000000,0.000000,0.000000,152.13,78.59,96.115,39.375,118.295,741.07,A,1,2026-08-04,0,0
2026-09-24,sep19,A|0|0,0.00037325,100.037325,0,0.500504,0.499496,0.000000,0.000000,0.000000,152.13,78.59,96.115,39.375,118.295,741.07,A,1,2026-08-04,0,0
2026-09-25,v2,A|0|0,0.00908352,100.946016,0,0.498639,0.501361,0.000000,0.000000,0.000000,152.94,79.5999,96.91,39.53,118.34,744.44,A,1,2026-08-04,0,0
2026-09-25,fastcut,A|0|0,0.00908352,100.946016,0,0.498639,0.501361,0.000000,0.000000,0.000000,152.94,79.5999,96.91,39.53,118.34,744.44,A,1,2026-08-04,0,0
2026-09-25,sep19,A|0|0,0.00908352,100.946016,0,0.498639,0.501361,0.000000,0.000000,0.000000,152.94,79.5999,96.91,39.53,118.34,744.44,A,1,2026-08-04,0,0
2026-09-28,v2,A|0|0,-0.02182697,98.742671,0,0.503999,0.496001,0.000000,0.000000,0.000000,151.21,77.03,94.865,39.27,118.33,736.54,A,1,2026-08-04,0,0
2026-09-28,fastcut,A|0|0,-0.02182697,98.742671,0,0.503999,0.496001,0.000000,0.000000,0.000000,151.21,77.03,94.865,39.27,118.33,736.54,A,1,2026-08-04,0,0
2026-09-28,sep19,A|0|0,-0.02182697,98.742671,0,0.503999,0.496001,0.000000,0.000000,0.000000,151.21,77.03,94.865,39.27,118.33,736.54,A,1,2026-08-04,0,0
2026-09-29,v2,A|0|0,0.00283773,99.022876,0,0.502706,0.497294,0.000000,0.000000,0.000000,151.25,77.45,95.225,39.72,118.36,737.96,A,1,2026-08-04,0,0
2026-09-29,fastcut,A|0|0,0.00283773,99.022876,0,0.502706,0.497294,0.000000,0.000000,0.000000,151.25,77.45,95.225,39.72,118.36,737.96,A,1,2026-08-04,0,0
2026-09-29,sep19,A|0|0,0.00283773,99.022876,0,0.502706,0.497294,0.000000,0.000000,0.000000,151.25,77.45,95.225,39.72,118.36,737.96,A,1,2026-08-04,0,0
2026-09-30,v2,A|0|0,0.00439109,99.457694,0,0.501236,0.498764,0.000000,0.000000,0.000000,151.47,78.02,95.61,39.44,118.38,739.71,A,1,2026-08-04,0,0
2026-09-30,fastcut,A|0|0,0.00439109,99.457694,0,0.501236,0.498764,0.000000,0.000000,0.000000,151.47,78.02,95.61,39.44,118.38,739.71,A,1,2026-08-04,0,0
2026-09-30,sep19,A|0|0,0.00439109,99.457694,0,0.501236,0.498764,0.000000,0.000000,0.000000,151.47,78.02,95.61,39.44,118.38,739.71,A,1,2026-08-04,0,0
2026-10-01,v2,A|0|0,0.00849780,100.302866,0,0.501065,0.498935,0.000000,0.000000,0.000000,152.705,78.71,96.18,39.67,118.4,742.04,A,1,2026-08-04,0,0
2026-10-01,fastcut,A|0|0,0.00849780,100.302866,0,0.501065,0.498935,0.000000,0.000000,0.000000,152.705,78.71,96.18,39.67,118.4,742.04,A,1,2026-08-04,0,0
2026-10-01,sep19,A|0|0,0.00849780,100.302866,0,0.501065,0.498935,0.000000,0.000000,0.000000,152.705,78.71,96.18,39.67,118.4,742.04,A,1,2026-08-04,0,0
2026-10-02,v2,A|0|0,0.01640281,101.948115,0,0.494835,0.505165,0.000000,0.000000,0.000000,153.28,81.0,98.13,39.82,118.45,749.53,A,1,2026-08-04,0,0
2026-10-02,fastcut,A|0|0,0.01640281,101.948115,0,0.494835,0.505165,0.000000,0.000000,0.000000,153.28,81.0,98.13,39.82,118.45,749.53,A,1,2026-08-04,0,0
2026-10-02,sep19,A|0|0,0.01640281,101.948115,0,0.494835,0.505165,0.000000,0.000000,0.000000,153.28,81.0,98.13,39.82,118.45,749.53,A,1,2026-08-04,0,0
2026-10-05,v2,A|0|0,0.01296334,103.269703,0,0.488247,0.511753,0.000000,0.000000,0.000000,153.2,83.12,99.88,39.95,118.46,756.18,A,1,2026-08-04,0,0
2026-10-05,fastcut,A|0|0,0.01296334,103.269703,0,0.488247,0.511753,0.000000,0.000000,0.000000,153.2,83.12,99.88,39.95,118.46,756.18,A,1,2026-08-04,0,0
2026-10-05,sep19,A|0|0,0.01296334,103.269703,0,0.488247,0.511753,0.000000,0.000000,0.000000,153.2,83.12,99.88,39.95,118.46,756.18,A,1,2026-08-04,0,0
