d,c
2009-06-25,1.205556
2009-06-26,1.199306
2009-06-29,1.233333
2009-06-30,1.203889
2009-07-01,1.216806
2009-07-02,1.116389
2009-07-06,1.119444
2009-07-07,1.049722
2009-07-08,1.050972
2009-07-09,1.057500
2009-07-10,1.047361
2009-07-13,1.123889
2009-07-14,1.146944
2009-07-15,1.245000
2009-07-16,1.278333
2009-07-17,1.276111
2009-07-20,1.314861
2009-07-21,1.336667
2009-07-22,1.334167
2009-07-23,1.422778
2009-07-24,1.441389
2009-07-27,1.453611
2009-07-28,1.441250
2009-07-29,1.422083
2009-07-30,1.466528
2009-07-31,1.470833
2009-08-03,1.544861
2009-08-04,1.559722
2009-08-05,1.548611
2009-08-06,1.519583
2009-08-07,1.579861
2009-08-10,1.568889
2009-08-11,1.509167
2009-08-12,1.561667
2009-08-13,1.596936
2009-08-14,1.558750
2009-08-17,1.442917
2009-08-18,1.482500
2009-08-19,1.516528
2009-08-20,1.566111
2009-08-21,1.653611
2009-08-24,1.653333
2009-08-25,1.664306
2009-08-26,1.663889
2009-08-27,1.679306
2009-08-28,1.673333
2009-08-31,1.632222
2009-09-01,1.520694
2009-09-02,1.506250
2009-09-03,1.539583
2009-09-04,1.606944
2009-09-08,1.649167
2009-09-09,1.687917
2009-09-10,1.739306
2009-09-11,1.736806
2009-09-14,1.766111
2009-09-15,1.785139
2009-09-16,1.865556
2009-09-17,1.856667
2009-09-18,1.862083
2009-09-21,1.846389
2009-09-22,1.881111
2009-09-23,1.830694
2009-09-24,1.770694
2009-09-25,1.743471
2009-09-28,1.834306
2009-09-29,1.823889
2009-09-30,1.799861
2009-10-01,1.663750
2009-10-02,1.665833
2009-10-05,1.714028
2009-10-06,1.789444
2009-10-07,1.803139
2009-10-08,1.846806
2009-10-09,1.876389
2009-10-12,1.900556
2009-10-13,1.890417
2009-10-14,1.986528
2009-10-15,2.004444
2009-10-16,1.961528
2009-10-19,2.010000
2009-10-20,1.980139
2009-10-21,1.977083
2009-10-22,1.980972
2009-10-23,1.915139
2009-10-26,1.847639
2009-10-27,1.825139
2009-10-28,1.722778
2009-10-29,1.832083
2009-10-30,1.675694
2009-11-02,1.709722
2009-11-03,1.726528
2009-11-04,1.735694
2009-11-05,1.735556
2009-11-06,1.852083
2009-11-09,1.976389
2009-11-10,1.974722
2009-11-11,2.007639
2009-11-12,1.943750
2009-11-13,1.979167
2009-11-16,2.063750
2009-11-17,2.065139
2009-11-18,2.068472
2009-11-19,1.987222
2009-11-20,1.969583
2009-11-23,2.042639
2009-11-24,2.047917
2009-11-25,2.069028
2009-11-27,1.969035
2009-11-30,1.990556
2009-12-01,2.055972
2009-12-02,2.061806
2009-12-03,2.012639
2009-12-04,2.044444
2009-12-07,2.035000
2009-12-08,1.970833
2009-12-09,1.987778
2009-12-10,2.022361
2009-12-11,2.052222
2009-12-14,2.090694
2009-12-15,2.060139
2009-12-16,2.069444
2009-12-17,1.997222
2009-12-18,2.028750
2009-12-21,2.087917
2009-12-22,2.112775
2009-12-23,2.125972
2009-12-24,2.159306
2009-12-28,2.173611
2009-12-29,2.159306
2009-12-30,2.152639
2009-12-31,2.092639
2010-01-04,2.197917
2010-01-05,2.216806
2010-01-06,2.223194
2010-01-07,2.250278
2010-01-08,2.272222
2010-01-11,2.280278
2010-01-12,2.218333
2010-01-13,2.274861
2010-01-14,2.291806
2010-01-15,2.215833
2010-01-19,2.298889
2010-01-20,2.229306
2010-01-21,2.098750
2010-01-22,1.962639
2010-01-25,1.987083
2010-01-26,1.961806
2010-01-27,1.991112
2010-01-28,1.921389
2010-01-29,1.858472
2010-02-01,1.945417
2010-02-02,2.017500
2010-02-03,1.987500
2010-02-04,1.804722
2010-02-05,1.815556
2010-02-08,1.776528
2010-02-09,1.840694
2010-02-10,1.830556
2010-02-11,1.885417
2010-02-12,1.880250
2010-02-16,1.970139
2010-02-17,1.997639
2010-02-18,2.035417
2010-02-19,2.048722
2010-02-22,2.045431
2010-02-23,1.971806
2010-02-24,2.027222
2010-02-25,2.020417
2010-02-26,2.023750
2010-03-01,2.085556
2010-03-02,2.100000
2010-03-03,2.108333
2010-03-04,2.126944
2010-03-05,2.219444
2010-03-08,2.219167
2010-03-09,2.230264
2010-03-10,2.260556
2010-03-11,2.289722
2010-03-12,2.288056
2010-03-15,2.291806
2010-03-16,2.346528
2010-03-17,2.386806
2010-03-18,2.384861
2010-03-19,2.346111
2010-03-22,2.384306
2010-03-23,2.436806
2010-03-24,2.399722
2010-03-25,2.386667
2010-03-26,2.387917
2010-03-29,2.428889
2010-03-30,2.433194
2010-03-31,2.406389
2010-04-01,2.457500
2010-04-05,2.515417
2010-04-06,2.533750
2010-04-07,2.493611
2010-04-08,2.515417
2010-04-09,2.565139
2010-04-12,2.579583
2010-04-13,2.587639
2010-04-14,2.670556
2010-04-15,2.681111
2010-04-16,2.550814
2010-04-19,2.576667
2010-04-20,2.646750
2010-04-21,2.632083
2010-04-22,2.656389
2010-04-23,2.708750
2010-04-26,2.677083
2010-04-27,2.487500
2010-04-28,2.541111
2010-04-29,2.638333
2010-04-30,2.504583
2010-05-03,2.605139
2010-05-04,2.417085
2010-05-05,2.376806
2010-05-06,2.140028
2010-05-07,2.045694
2010-05-10,2.314000
2010-05-11,2.290972
2010-05-12,2.388194
2010-05-13,2.298726
2010-05-14,2.175139
2010-05-17,2.177500
2010-05-18,2.090694
2010-05-19,2.053611
2010-05-20,1.817639
2010-05-21,1.884167
2010-05-24,1.825833
2010-05-25,1.828786
2010-05-26,1.794028
2010-05-27,1.977917
2010-05-28,1.899722
2010-06-01,1.808194
2010-06-02,1.946528
2010-06-03,1.969167
2010-06-04,1.770139
2010-06-07,1.695833
2010-06-08,1.745000
2010-06-09,1.718611
2010-06-10,1.873056
2010-06-11,1.898056
2010-06-14,1.891944
2010-06-15,2.017222
2010-06-16,2.015972
2010-06-17,2.025556
2010-06-18,2.031528
2010-06-21,2.010833
2010-06-22,1.912500
2010-06-23,1.894444
2010-06-24,1.801111
2010-06-25,1.835556
2010-06-28,1.804167
2010-06-29,1.638194
2010-06-30,1.582778
2010-07-01,1.572222
2010-07-02,1.545000
2010-07-06,1.574028
2010-07-07,1.722639
2010-07-08,1.773194
2010-07-09,1.811528
2010-07-12,1.816389
2010-07-13,1.898333
2010-07-14,1.899722
2010-07-15,1.899861
2010-07-16,1.742778
2010-07-19,1.775139
2010-07-20,1.831111
2010-07-21,1.764028
2010-07-22,1.878889
2010-07-23,1.927224
2010-07-26,1.990000
2010-07-27,1.984792
2010-07-28,1.945417
2010-07-29,1.920694
2010-07-30,1.917917
2010-08-02,2.047500
2010-08-03,2.018611
2010-08-04,2.058731
2010-08-05,2.051389
2010-08-06,2.025972
2010-08-09,2.059583
2010-08-10,2.061806
2010-08-11,1.861111
2010-08-12,1.827361
2010-08-13,1.827361
2010-08-16,1.805694
2010-08-17,1.868889
2010-08-18,1.881944
2010-08-19,1.882778
2010-08-20,1.787083
2010-08-23,1.745139
2010-08-24,1.670556
2010-08-25,1.684306
2010-08-26,1.651389
2010-08-27,1.728889
2010-08-30,1.655000
2010-08-31,1.659722
2010-09-01,1.803194
2010-09-02,1.853611
2010-09-03,1.924028
2010-09-07,1.862778
2010-09-08,1.899028
2010-09-09,1.925694
2010-09-10,1.955694
2010-09-13,2.019472
2010-09-14,2.015001
2010-09-15,2.041250
2010-09-16,2.037500
2010-09-17,2.039028
2010-09-20,2.135972
2010-09-21,2.117917
2010-09-22,2.088194
2010-09-23,2.035833
2010-09-24,2.159722
2010-09-27,2.131250
2010-09-28,2.154444
2010-09-29,2.140139
2010-09-30,2.122083
2010-10-01,2.149306
2010-10-04,2.100528
2010-10-05,2.225694
2010-10-06,2.227778
2010-10-07,2.218889
2010-10-08,2.253889
2010-10-11,2.261528
2010-10-12,2.283750
2010-10-13,2.333333
2010-10-14,2.317917
2010-10-15,2.323889
2010-10-18,2.291528
2010-10-19,2.259583
2010-10-20,2.328611
2010-10-21,2.344125
2010-10-22,2.358333
2010-10-25,2.374861
2010-10-26,2.376944
2010-10-27,2.359306
2010-10-28,2.366112
2010-10-29,2.364444
2010-11-01,2.366750
2010-11-02,2.423069
2010-11-03,2.451667
2010-11-04,2.593333
2010-11-05,2.623889
2010-11-08,2.609444
2010-11-09,2.551944
2010-11-10,2.581111
2010-11-11,2.549583
2010-11-12,2.461944
2010-11-15,2.449722
2010-11-16,2.337917
2010-11-17,2.338472
2010-11-18,2.443333
2010-11-19,2.463333
2010-11-22,2.457361
2010-11-23,2.350137
2010-11-24,2.452778
2010-11-26,2.396806
2010-11-29,2.390833
2010-11-30,2.350139
2010-12-01,2.496944
2010-12-02,2.593333
2010-12-03,2.615417
2010-12-06,2.607222
2010-12-07,2.610417
2010-12-08,2.638611
2010-12-09,2.672778
2010-12-10,2.718611
2010-12-13,2.724028
2010-12-14,2.729028
2010-12-15,2.691958
2010-12-16,2.738889
2010-12-17,2.750694
2010-12-20,2.765556
2010-12-21,2.817729
2010-12-22,2.846250
2010-12-23,2.833333
2010-12-27,2.833333
2010-12-28,2.849028
2010-12-29,2.855832
2010-12-30,2.845833
2010-12-31,2.840972
2011-01-04,2.924722
2011-01-05,2.968889
2011-01-06,2.951667
2011-01-07,2.935417
2011-01-10,2.924167
2011-01-11,2.953750
2011-01-12,3.035417
2011-01-13,3.026944
2011-01-14,3.079583
2011-01-18,3.102778
2011-01-19,3.099861
2011-01-20,2.999583
2011-01-21,3.022917
2011-01-24,3.069861
2011-01-25,3.073889
2011-01-26,3.110556
2011-01-27,3.132778
2011-01-28,2.967042
2011-01-31,3.033889
2011-02-01,3.177500
2011-02-02,3.159958
2011-02-03,3.180000
2011-02-04,3.212083
2011-02-07,3.269861
2011-02-08,3.314444
2011-02-09,3.291667
2011-02-10,3.296389
2011-02-11,3.355139
2011-02-14,3.373472
2011-02-15,3.347361
2011-02-16,3.404444
2011-02-17,3.440417
2011-02-18,3.460139
2011-02-22,3.255417
2011-02-23,3.194444
2011-02-24,3.189861
2011-02-25,3.282500
2011-02-28,3.345000
2011-03-01,3.180000
2011-03-02,3.196667
2011-03-03,3.362083
2011-03-04,3.290833
2011-03-07,3.207083
2011-03-08,3.292083
2011-03-09,3.281250
2011-03-10,3.097500
2011-03-11,3.162500
2011-03-14,3.107504
2011-03-15,3.002083
2011-03-16,2.832500
2011-03-17,2.937083
2011-03-18,2.977083
2011-03-21,3.110837
2011-03-22,3.082083
2011-03-23,3.106250
2011-03-24,3.195121
2011-03-25,3.220833
2011-03-28,3.201250
2011-03-29,3.264167
2011-03-30,3.331250
2011-03-31,3.321250
2011-04-01,3.360717
2011-04-04,3.368750
2011-04-05,3.369167
2011-04-06,3.394167
2011-04-07,3.372917
2011-04-08,3.342500
2011-04-11,3.310417
2011-04-12,3.237083
2011-04-13,3.231667
2011-04-14,3.239333
2011-04-15,3.266250
2011-04-18,3.167917
2011-04-19,3.213750
2011-04-20,3.350833
2011-04-21,3.400000
2011-04-25,3.387500
2011-04-26,3.476667
2011-04-27,3.541667
2011-04-28,3.576667
2011-04-29,3.611250
2011-05-02,3.584167
2011-05-03,3.548333
2011-05-04,3.478750
2011-05-05,3.384583
2011-05-06,3.424167
2011-05-09,3.472083
2011-05-10,3.557083
2011-05-11,3.442083
2011-05-12,3.493750
2011-05-13,3.410000
2011-05-16,3.346667
2011-05-17,3.347500
2011-05-18,3.437083
2011-05-19,3.459583
2011-05-20,3.375417
2011-05-23,3.258333
2011-05-24,3.252083
2011-05-25,3.281250
2011-05-26,3.320000
2011-05-27,3.363750
2011-05-31,3.469167
2011-06-01,3.241250
2011-06-02,3.223333
2011-06-03,3.130833
2011-06-06,3.027500
2011-06-07,3.020417
2011-06-08,2.984583
2011-06-09,3.047500
2011-06-10,2.925000
2011-06-13,2.930000
2011-06-14,3.041667
2011-06-15,2.879583
2011-06-16,2.894583
2011-06-17,2.923333
2011-06-20,2.971667
2011-06-21,3.089583
2011-06-22,3.036667
2011-06-23,3.008750
2011-06-24,2.904167
2011-06-27,2.980000
2011-06-28,3.096250
2011-06-29,3.176667
2011-06-30,3.265417
2011-07-01,3.412083
2011-07-05,3.398333
2011-07-06,3.411250
2011-07-07,3.527917
2011-07-08,3.450000
2011-07-11,3.267917
2011-07-12,3.219167
2011-07-13,3.254583
2011-07-14,3.185833
2011-07-15,3.232917
2011-07-18,3.157500
2011-07-19,3.309167
2011-07-20,3.303333
2011-07-21,3.439583
2011-07-22,3.447917
2011-07-25,3.390417
2011-07-26,3.352917
2011-07-27,3.151250
2011-07-28,3.123750
2011-07-29,3.056667
2011-08-01,3.014167
2011-08-02,2.790833
2011-08-03,2.830417
2011-08-04,2.430000
2011-08-05,2.419583
2011-08-08,1.941667
2011-08-09,2.211667
2011-08-10,1.921250
2011-08-11,2.177500
2011-08-12,2.225417
2011-08-15,2.358333
2011-08-16,2.300833
2011-08-17,2.307921
2011-08-18,2.006250
2011-08-19,1.913333
2011-08-22,1.915833
2011-08-23,2.102083
2011-08-24,2.190000
2011-08-25,2.090000
2011-08-26,2.181667
2011-08-29,2.368333
2011-08-30,2.386667
2011-08-31,2.416667
2011-09-01,2.345000
2011-09-02,2.164167
2011-09-06,2.116667
2011-09-07,2.294167
2011-09-08,2.222083
2011-09-09,2.050000
2011-09-12,2.088750
2011-09-13,2.140833
2011-09-14,2.232500
2011-09-15,2.348750
2011-09-16,2.389583
2011-09-19,2.318750
2011-09-20,2.312083
2011-09-21,2.101250
2011-09-22,1.902083
2011-09-23,1.930833
2011-09-26,2.070000
2011-09-27,2.135417
2011-09-28,2.006667
2011-09-29,2.058333
2011-09-30,1.911667
2011-10-03,1.742083
2011-10-04,1.845833
2011-10-05,1.958333
2011-10-06,2.064167
2011-10-07,2.021667
2011-10-10,2.228333
2011-10-11,2.230000
2011-10-12,2.293333
2011-10-13,2.276250
2011-10-14,2.393333
2011-10-17,2.256667
2011-10-18,2.389833
2011-10-19,2.305833
2011-10-20,2.333750
2011-10-21,2.465833
2011-10-24,2.562500
2011-10-25,2.410417
2011-10-26,2.482917
2011-10-27,2.736667
2011-10-28,2.747083
2011-10-31,2.535000
2011-11-01,2.331250
2011-11-02,2.443333
2011-11-03,2.574583
2011-11-04,2.528750
2011-11-07,2.574583
2011-11-08,2.674167
2011-11-09,2.379583
2011-11-10,2.444583
2011-11-11,2.586250
2011-11-14,2.508750
2011-11-15,2.550000
2011-11-16,2.425000
2011-11-17,2.309583
2011-11-18,2.299167
2011-11-21,2.166667
2011-11-22,2.143333
2011-11-23,2.004583
2011-11-25,1.983750
2011-11-28,2.162125
2011-11-29,2.179167
2011-11-30,2.450000
2011-12-01,2.446250
2011-12-02,2.442500
2011-12-05,2.521667
2011-12-06,2.523750
2011-12-07,2.553333
2011-12-08,2.385417
2011-12-09,2.504583
2011-12-12,2.396667
2011-12-13,2.326250
2011-12-14,2.250000
2011-12-15,2.274167
2011-12-16,2.287083
2011-12-19,2.212500
2011-12-20,2.415375
2011-12-21,2.428750
2011-12-22,2.499167
2011-12-23,2.557917
2011-12-27,2.559583
2011-12-28,2.469500
2011-12-29,2.539583
2011-12-30,2.506250
2012-01-03,2.627500
2012-01-04,2.631667
2012-01-05,2.658333
2012-01-06,2.638750
2012-01-09,2.651667
2012-01-10,2.720833
2012-01-11,2.728333
2012-01-12,2.745833
2012-01-13,2.716667
2012-01-17,2.732500
2012-01-18,2.823750
2012-01-19,2.867917
2012-01-20,2.874162
2012-01-23,2.876667
2012-01-24,2.868333
2012-01-25,2.938750
2012-01-26,2.896667
2012-01-27,2.890833
2012-01-30,2.861250
2012-01-31,2.854583
2012-02-01,2.930833
2012-02-02,2.946667
2012-02-03,3.072083
2012-02-06,3.065000
2012-02-07,3.088333
2012-02-08,3.110833
2012-02-09,3.123750
2012-02-10,3.062500
2012-02-13,3.125000
2012-02-14,3.112917
2012-02-15,3.068333
2012-02-16,3.167500
2012-02-17,3.197500
2012-02-21,3.202500
2012-02-22,3.166250
2012-02-23,3.214167
2012-02-24,3.230417
2012-02-27,3.245000
2012-02-28,3.275833
2012-02-29,3.232500
2012-03-01,3.290000
2012-03-02,3.260000
2012-03-05,3.217500
2012-03-06,3.074167
2012-03-07,3.140000
2012-03-08,3.234167
2012-03-09,3.270417
2012-03-12,3.271667
2012-03-13,3.451250
2012-03-14,3.437083
2012-03-15,3.493333
2012-03-16,3.516250
2012-03-19,3.554167
2012-03-20,3.520417
2012-03-21,3.505417
2012-03-22,3.427083
2012-03-23,3.460833
2012-03-26,3.605000
2012-03-27,3.572917
2012-03-28,3.520417
2012-03-29,3.501250
2012-03-30,3.532917
2012-04-02,3.620417
2012-04-03,3.577917
2012-04-04,3.474300
2012-04-05,3.466250
2012-04-09,3.352500
2012-04-10,3.180417
2012-04-11,3.247500
2012-04-12,3.388750
2012-04-13,3.259583
2012-04-16,3.250417
2012-04-17,3.397083
2012-04-18,3.365000
2012-04-19,3.302500
2012-04-20,3.316250
2012-04-23,3.235417
2012-04-24,3.272917
2012-04-25,3.408333
2012-04-26,3.475833
2012-04-27,3.497500
2012-04-30,3.448750
2012-05-01,3.513750
2012-05-02,3.486250
2012-05-03,3.409583
2012-05-04,3.241667
2012-05-07,3.246250
2012-05-08,3.207500
2012-05-09,3.147917
2012-05-10,3.168333
2012-05-11,3.139167
2012-05-14,3.036250
2012-05-15,2.985000
2012-05-16,2.950417
2012-05-17,2.813333
2012-05-18,2.743750
2012-05-21,2.887500
2012-05-22,2.890833
2012-05-23,2.902917
2012-05-24,2.922917
2012-05-25,2.896708
2012-05-29,2.998750
2012-05-30,2.866667
2012-05-31,2.850417
2012-06-01,2.634167
2012-06-04,2.633333
2012-06-05,2.684167
2012-06-06,2.874167
2012-06-07,2.872917
2012-06-08,2.942917
2012-06-11,2.833750
2012-06-12,2.934167
2012-06-13,2.873446
2012-06-14,2.965833
2012-06-15,3.050833
2012-06-18,3.069583
2012-06-19,3.160875
2012-06-20,3.143333
2012-06-21,2.932917
2012-06-22,3.000000
2012-06-25,2.853333
2012-06-26,2.899583
2012-06-27,2.979583
2012-06-28,2.951667
2012-06-29,3.176250
2012-07-02,3.199167
2012-07-03,3.263750
2012-07-05,3.217917
2012-07-06,3.126667
2012-07-09,3.117083
2012-07-10,3.034583
2012-07-11,3.033333
2012-07-12,2.994167
2012-07-13,3.141667
2012-07-16,3.115417
2012-07-17,3.182500
2012-07-18,3.255000
2012-07-19,3.277083
2012-07-20,3.188333
2012-07-23,3.090833
2012-07-24,3.015000
2012-07-25,3.012500
2012-07-26,3.160417
2012-07-27,3.341250
2012-07-30,3.333750
2012-07-31,3.287958
2012-08-01,3.262917
2012-08-02,3.190417
2012-08-03,3.379583
2012-08-06,3.396250
2012-08-07,3.447500
2012-08-08,3.462500
2012-08-09,3.472083
2012-08-10,3.487500
2012-08-13,3.482917
2012-08-14,3.485417
2012-08-15,3.494583
2012-08-16,3.570000
2012-08-17,3.587583
2012-08-20,3.588750
2012-08-21,3.555833
2012-08-22,3.555833
2012-08-23,3.472917
2012-08-24,3.536667
2012-08-27,3.536667
2012-08-28,3.525833
2012-08-29,3.532917
2012-08-30,3.456667
2012-08-31,3.502500
2012-09-04,3.485833
2012-09-05,3.487083
2012-09-06,3.696667
2012-09-07,3.745833
2012-09-10,3.680833
2012-09-11,3.709167
2012-09-12,3.744583
2012-09-13,3.924583
2012-09-14,3.972917
2012-09-17,3.937500
2012-09-18,3.923333
2012-09-19,3.929583
2012-09-20,3.929167
2012-09-21,3.920833
2012-09-24,3.903750
2012-09-25,3.783542
2012-09-26,3.716250
2012-09-27,3.825417
2012-09-28,3.765833
2012-10-01,3.790833
2012-10-02,3.807500
2012-10-03,3.853750
2012-10-04,3.940583
2012-10-05,3.935833
2012-10-08,3.893750
2012-10-09,3.781667
2012-10-10,3.714167
2012-10-11,3.717917
2012-10-12,3.672500
2012-10-15,3.772083
2012-10-16,3.884167
2012-10-17,3.935833
2012-10-18,3.907083
2012-10-19,3.702917
2012-10-22,3.710833
2012-10-23,3.559000
2012-10-24,3.528333
2012-10-25,3.557917
2012-10-26,3.550833
2012-10-31,3.541250
2012-11-01,3.662500
2012-11-02,3.558750
2012-11-05,3.585000
2012-11-06,3.664167
2012-11-07,3.419542
2012-11-08,3.291250
2012-11-09,3.297917
2012-11-12,3.310417
2012-11-13,3.280000
2012-11-14,3.146250
2012-11-15,3.127917
2012-11-16,3.172917
2012-11-19,3.360833
2012-11-20,3.376250
2012-11-21,3.394167
2012-11-23,3.527250
2012-11-26,3.506667
2012-11-27,3.457500
2012-11-28,3.534167
2012-11-29,3.588333
2012-11-30,3.577083
2012-12-03,3.530417
2012-12-04,3.512917
2012-12-05,3.531667
2012-12-06,3.570667
2012-12-07,3.602083
2012-12-10,3.612500
2012-12-11,3.682500
2012-12-12,3.690833
2012-12-13,3.626667
2012-12-14,3.577500
2012-12-17,3.703750
2012-12-18,3.833333
2012-12-19,3.752917
2012-12-20,3.809583
2012-12-21,3.710000
2012-12-24,3.660833
2012-12-26,3.619583
2012-12-27,3.610833
2012-12-28,3.486250
2012-12-31,3.677083
2013-01-02,3.950417
2013-01-03,3.918333
2013-01-04,3.977083
2013-01-07,3.947917
2013-01-08,3.904583
2013-01-09,3.939583
2013-01-10,4.025000
2013-01-11,4.033750
2013-01-14,4.015833
2013-01-15,4.025000
2013-01-16,4.024583
2013-01-17,4.098333
2013-01-18,4.134167
2013-01-22,4.192500
2013-01-23,4.211667
2013-01-24,4.218333
2013-01-25,4.290000
2013-01-28,4.274167
2013-01-29,4.324167
2013-01-30,4.277917
2013-01-31,4.242917
2013-02-01,4.372500
2013-02-04,4.226667
2013-02-05,4.353750
2013-02-06,4.362500
2013-02-07,4.349583
2013-02-08,4.418750
2013-02-11,4.412500
2013-02-12,4.434167
2013-02-13,4.449583
2013-02-14,4.463333
2013-02-15,4.449167
2013-02-19,4.537500
2013-02-20,4.369583
2013-02-21,4.293333
2013-02-22,4.418750
2013-02-25,4.169167
2013-02-26,4.254167
2013-02-27,4.411667
2013-02-28,4.394000
2013-03-01,4.435417
2013-03-04,4.493750
2013-03-05,4.618750
2013-03-06,4.642500
2013-03-07,4.668333
2013-03-08,4.727083
2013-03-11,4.777083
2013-03-12,4.743333
2013-03-13,4.762083
2013-03-14,4.840000
2013-03-15,4.821250
2013-03-18,4.737917
2013-03-19,4.707083
2013-03-20,4.803750
2013-03-21,4.681667
2013-03-22,4.790000
2013-03-25,4.742500
2013-03-26,4.852083
2013-03-27,4.845833
2013-03-28,4.878333
2013-04-01,4.831833
2013-04-02,4.899583
2013-04-03,4.749583
2013-04-04,4.813750
2013-04-05,4.745000
2013-04-08,4.833333
2013-04-09,4.896250
2013-04-10,5.079167
2013-04-11,5.127500
2013-04-12,5.086250
2013-04-15,4.740000
2013-04-16,4.936667
2013-04-17,4.722917
2013-04-18,4.635833
2013-04-19,4.755000
2013-04-22,4.824583
2013-04-23,4.969583
2013-04-24,4.979167
2013-04-25,5.041250
2013-04-26,5.009167
2013-04-29,5.110417
2013-04-30,5.144167
2013-05-01,5.007083
2013-05-02,5.150000
2013-05-03,5.305417
2013-05-06,5.348750
2013-05-07,5.427083
2013-05-08,5.502917
2013-05-09,5.459583
2013-05-10,5.511250
2013-05-13,5.520417
2013-05-14,5.694583
2013-05-15,5.782083
2013-05-16,5.700000
2013-05-17,5.870417
2013-05-20,5.868750
2013-05-21,5.892083
2013-05-22,5.755833
2013-05-23,5.710000
2013-05-24,5.689583
2013-05-28,5.795417
2013-05-29,5.719583
2013-05-30,5.745792
2013-05-31,5.494167
2013-06-03,5.582500
2013-06-04,5.508750
2013-06-05,5.262500
2013-06-06,5.412083
2013-06-07,5.620417
2013-06-10,5.620833
2013-06-11,5.453333
2013-06-12,5.310833
2013-06-13,5.556667
2013-06-14,5.452500
2013-06-17,5.578333
2013-06-18,5.705833
2013-06-19,5.475833
2013-06-20,5.063333
2013-06-21,5.105000
2013-06-24,4.913333
2013-06-25,5.060708
2013-06-26,5.201667
2013-06-27,5.300833
2013-06-28,5.205000
2013-07-01,5.323333
2013-07-02,5.302500
2013-07-03,5.319167
2013-07-05,5.485000
2013-07-08,5.577500
2013-07-09,5.690000
2013-07-10,5.701667
2013-07-11,5.942500
2013-07-12,5.944167
2013-07-15,6.021667
2013-07-16,5.948333
2013-07-17,5.989167
2013-07-18,6.086667
2013-07-19,6.126667
2013-07-22,6.158333
2013-07-23,6.121667
2013-07-24,6.054167
2013-07-25,6.091667
2013-07-26,6.111667
2013-07-29,6.050833
2013-07-30,6.058333
2013-07-31,6.059167
2013-08-01,6.274508
2013-08-02,6.306667
2013-08-05,6.282500
2013-08-06,6.180000
2013-08-07,6.113333
2013-08-08,6.180000
2013-08-09,6.126667
2013-08-12,6.099167
2013-08-13,6.164167
2013-08-14,6.065000
2013-08-15,5.800833
2013-08-16,5.752500
2013-08-19,5.644167
2013-08-20,5.723333
2013-08-21,5.617500
2013-08-22,5.762500
2013-08-23,5.824167
2013-08-26,5.769167
2013-08-27,5.477500
2013-08-28,5.535833
2013-08-29,5.568333
2013-08-30,5.500833
2013-09-03,5.584167
2013-09-04,5.725000
2013-09-05,5.734167
2013-09-06,5.749167
2013-09-09,5.921667
2013-09-10,6.050000
2013-09-11,6.106667
2013-09-12,6.065833
2013-09-13,6.097500
2013-09-16,6.209167
2013-09-17,6.283333
2013-09-18,6.505417
2013-09-19,6.482500
2013-09-20,6.332500
2013-09-23,6.249167
2013-09-24,6.208333
2013-09-25,6.148333
2013-09-26,6.217500
2013-09-27,6.134167
2013-09-30,6.025833
2013-10-01,6.178333
2013-10-02,6.153333
2013-10-03,5.991667
2013-10-04,6.120000
2013-10-07,5.967500
2013-10-08,5.753333
2013-10-09,5.757500
2013-10-10,6.131667
2013-10-11,6.255833
2013-10-14,6.337500
2013-10-15,6.191250
2013-10-16,6.451667
2013-10-17,6.583333
2013-10-18,6.700000
2013-10-21,6.716667
2013-10-22,6.826667
2013-10-23,6.736667
2013-10-24,6.798333
2013-10-25,6.886667
2013-10-28,6.915833
2013-10-29,7.040833
2013-10-30,6.927500
2013-10-31,6.855000
2013-11-01,6.910833
2013-11-04,6.987500
2013-11-05,6.920833
2013-11-06,7.019167
2013-11-07,6.754167
2013-11-08,7.024167
2013-11-11,7.025000
2013-11-12,6.995833
2013-11-13,7.150000
2013-11-14,7.265000
2013-11-15,7.360000
2013-11-18,7.292500
2013-11-19,7.237500
2013-11-20,7.173333
2013-11-21,7.337500
2013-11-22,7.441667
2013-11-25,7.438333
2013-11-26,7.426667
2013-11-27,7.480000
2013-11-29,7.463333
2013-12-02,7.410000
2013-12-03,7.325833
2013-12-04,7.301675
2013-12-05,7.219167
2013-12-06,7.449167
2013-12-09,7.505000
2013-12-10,7.432500
2013-12-11,7.173333
2013-12-12,7.111667
2013-12-13,7.094167
2013-12-16,7.229167
2013-12-17,7.157500
2013-12-18,7.529167
2013-12-19,7.511667
2013-12-20,7.636667
2013-12-23,7.752500
2013-12-24,7.810833
2013-12-26,7.928333
2013-12-27,7.923333
2013-12-30,7.915833
2013-12-31,8.025833
2014-01-02,7.796667
2014-01-03,7.783333
2014-01-06,7.731667
2014-01-07,7.865833
2014-01-08,7.874167
2014-01-09,7.880000
2014-01-10,7.947500
2014-01-13,7.638333
2014-01-14,7.876667
2014-01-15,8.007500
2014-01-16,7.974167
2014-01-17,7.870833
2014-01-21,7.940000
2014-01-22,7.957500
2014-01-23,7.766667
2014-01-24,7.257500
2014-01-27,7.154167
2014-01-28,7.280000
2014-01-29,7.062500
2014-01-30,7.301667
2014-01-31,7.165833
2014-02-03,6.680833
2014-02-04,6.815833
2014-02-05,6.792500
2014-02-06,7.055000
2014-02-07,7.333333
2014-02-10,7.366667
2014-02-11,7.604167
2014-02-12,7.625000
2014-02-13,7.740833
2014-02-14,7.858333
2014-02-18,7.893333
2014-02-19,7.730833
2014-02-20,7.859167
2014-02-21,7.848333
2014-02-24,7.965000
2014-02-25,7.960000
2014-02-26,7.960833
2014-02-27,8.092500
2014-02-28,8.144167
2014-03-03,7.975000
2014-03-04,8.313333
2014-03-05,8.319167
2014-03-06,8.395833
2014-03-07,8.395000
2014-03-10,8.388333
2014-03-11,8.263333
2014-03-12,8.269167
2014-03-13,7.994167
2014-03-14,7.920833
2014-03-17,8.129167
2014-03-18,8.310000
2014-03-19,8.185833
2014-03-20,8.315000
2014-03-21,8.222500
2014-03-24,8.115833
2014-03-25,8.235833
2014-03-26,8.051667
2014-03-27,8.004167
2014-03-28,8.116667
2014-03-31,8.318750
2014-04-01,8.485833
2014-04-02,8.573333
2014-04-03,8.531667
2014-04-04,8.235000
2014-04-07,7.952500
2014-04-08,8.058333
2014-04-09,8.317500
2014-04-10,7.790000
2014-04-11,7.578333
2014-04-14,7.755000
2014-04-15,7.915000
2014-04-16,8.164167
2014-04-17,8.195833
2014-04-21,8.289167
2014-04-22,8.392500
2014-04-23,8.340833
2014-04-24,8.390833
2014-04-25,8.180833
2014-04-28,8.257500
2014-04-29,8.373333
2014-04-30,8.456667
2014-05-01,8.452500
2014-05-02,8.418333
2014-05-05,8.462500
2014-05-06,8.241667
2014-05-07,8.387500
2014-05-08,8.359167
2014-05-09,8.399167
2014-05-12,8.635833
2014-05-13,8.660833
2014-05-14,8.536667
2014-05-15,8.303333
2014-05-16,8.399167
2014-05-19,8.490833
2014-05-20,8.325833
2014-05-21,8.533333
2014-05-22,8.601667
2014-05-23,8.702500
2014-05-27,8.866667
2014-05-28,8.841667
2014-05-29,8.979167
2014-05-30,9.016667
2014-06-02,9.056667
2014-06-03,9.042500
2014-06-04,9.086667
2014-06-05,9.275000
2014-06-06,9.406667
2014-06-09,9.432500
2014-06-10,9.439167
2014-06-11,9.344167
2014-06-12,9.140000
2014-06-13,9.223333
2014-06-16,9.239167
2014-06-17,9.313333
2014-06-18,9.525833
2014-06-19,9.557500
2014-06-20,9.615833
2014-06-23,9.604167
2014-06-24,9.430000
2014-06-25,9.547500
2014-06-26,9.533333
2014-06-27,9.586667
2014-06-30,9.571667
2014-07-01,9.758333
2014-07-02,9.784167
2014-07-03,9.931667
2014-07-07,9.833333
2014-07-08,9.645833
2014-07-09,9.766667
2014-07-10,9.649167
2014-07-11,9.695000
2014-07-14,9.830833
2014-07-15,9.780000
2014-07-16,9.886667
2014-07-17,9.547500
2014-07-18,9.838333
2014-07-21,9.778333
2014-07-22,9.910000
2014-07-23,9.976667
2014-07-24,9.978750
2014-07-25,9.842500
2014-07-28,9.848333
2014-07-29,9.723333
2014-07-30,9.723333
2014-07-31,9.146667
2014-08-01,9.058333
2014-08-04,9.253333
2014-08-05,8.979167
2014-08-06,8.988333
2014-08-07,8.840833
2014-08-08,9.149167
2014-08-11,9.236667
2014-08-12,9.192500
2014-08-13,9.391667
2014-08-14,9.510000
2014-08-15,9.505833
2014-08-18,9.740000
2014-08-19,9.893333
2014-08-20,9.976667
2014-08-21,10.065000
2014-08-22,10.012500
2014-08-25,10.162500
2014-08-26,10.190000
2014-08-27,10.179167
2014-08-28,10.157500
2014-08-29,10.240000
2014-09-02,10.219167
2014-09-03,10.213333
2014-09-04,10.155833
2014-09-05,10.300000
2014-09-08,10.220833
2014-09-09,10.028333
2014-09-10,10.141667
2014-09-11,10.164500
2014-09-12,9.991667
2014-09-15,9.967500
2014-09-16,10.194167
2014-09-17,10.231667
2014-09-18,10.391667
2014-09-19,10.375000
2014-09-22,10.121667
2014-09-23,9.950000
2014-09-24,10.180000
2014-09-25,9.685833
2014-09-26,9.922500
2014-09-29,9.860833
2014-09-30,9.780000
2014-10-01,9.386667
2014-10-02,9.380833
2014-10-03,9.691667
2014-10-06,9.655833
2014-10-07,9.215000
2014-10-08,9.699167
2014-10-09,9.110833
2014-10-10,8.800833
2014-10-13,8.366667
2014-10-14,8.410000
2014-10-15,8.205000
2014-10-16,8.200000
2014-10-17,8.508333
2014-10-20,8.749167
2014-10-21,9.265833
2014-10-22,9.072500
2014-10-23,9.390833
2014-10-24,9.589167
2014-10-27,9.555833
2014-10-28,9.874167
2014-10-29,9.848333
2014-10-30,10.039167
2014-10-31,10.370000
2014-11-03,10.386667
2014-11-04,10.286667
2014-11-05,10.473333
2014-11-06,10.605000
2014-11-07,10.633333
2014-11-10,10.722500
2014-11-11,10.754167
2014-11-12,10.723333
2014-11-13,10.755000
2014-11-14,10.766667
2014-11-17,10.787500
2014-11-18,10.971667
2014-11-19,10.915833
2014-11-20,10.972500
2014-11-21,11.157500
2014-11-24,11.244167
2014-11-25,11.234167
2014-11-26,11.309167
2014-11-28,11.235000
2014-12-01,11.005833
2014-12-02,11.201667
2014-12-03,11.345000
2014-12-04,11.300833
2014-12-05,11.350833
2014-12-08,11.130000
2014-12-09,11.096667
2014-12-10,10.571667
2014-12-11,10.717500
2014-12-12,10.208333
2014-12-15,9.980000
2014-12-16,9.757500
2014-12-17,10.348333
2014-12-18,11.085833
2014-12-19,11.229167
2014-12-22,11.366667
2014-12-23,11.429167
2014-12-24,11.428333
2014-12-26,11.530000
2014-12-29,11.571667
2014-12-30,11.394167
2014-12-31,11.050833
2015-01-02,11.020833
2015-01-05,10.427500
2015-01-06,10.145000
2015-01-07,10.519167
2015-01-08,11.074167
2015-01-09,10.802500
2015-01-12,10.541667
2015-01-13,10.455000
2015-01-14,10.271667
2015-01-15,9.990833
2015-01-16,10.363333
2015-01-20,10.445833
2015-01-21,10.599167
2015-01-22,11.077500
2015-01-23,10.884167
2015-01-26,10.975000
2015-01-27,10.537500
2015-01-28,10.108333
2015-01-29,10.408333
2015-01-30,10.004167
2015-02-02,10.370000
2015-02-03,10.823283
2015-02-04,10.700833
2015-02-05,11.034167
2015-02-06,10.936667
2015-02-09,10.787500
2015-02-10,11.135000
2015-02-11,11.153333
2015-02-12,11.471667
2015-02-13,11.620000
2015-02-17,11.680000
2015-02-18,11.668333
2015-02-19,11.645833
2015-02-20,11.857500
2015-02-23,11.849167
2015-02-24,11.949167
2015-02-25,11.910000
2015-02-26,11.870833
2015-02-27,11.753333
2015-03-02,11.973333
2015-03-03,11.825000
2015-03-04,11.669167
2015-03-05,11.710000
2015-03-06,11.207500
2015-03-09,11.355000
2015-03-10,10.800000
2015-03-11,10.720833
2015-03-12,11.130000
2015-03-13,10.925000
2015-03-16,11.370833
2015-03-17,11.261667
2015-03-18,11.657500
2015-03-19,11.501667
2015-03-20,11.805833
2015-03-23,11.742500
2015-03-24,11.535833
2015-03-25,11.017500
2015-03-26,10.945000
2015-03-27,11.011667
2015-03-30,11.418333
2015-03-31,11.121667
2015-04-01,11.005000
2015-04-02,11.104167
2015-04-06,11.340833
2015-04-07,11.245833
2015-04-08,11.365000
2015-04-09,11.519167
2015-04-10,11.699167
2015-04-13,11.546667
2015-04-14,11.608333
2015-04-15,11.761667
2015-04-16,11.750833
2015-04-17,11.345000
2015-04-20,11.653333
2015-04-21,11.614167
2015-04-22,11.783333
2015-04-23,11.872500
2015-04-24,11.957500
2015-04-27,11.800000
2015-04-28,11.908333
2015-04-29,11.763333
2015-04-30,11.410000
2015-05-01,11.775000
2015-05-04,11.889167
2015-05-05,11.465833
2015-05-06,11.328333
2015-05-07,11.465833
2015-05-08,11.911667
2015-05-11,11.747500
2015-05-12,11.635000
2015-05-13,11.648333
2015-05-14,12.013333
2015-05-15,12.049167
2015-05-18,12.160833
2015-05-19,12.144167
2015-05-20,12.121667
2015-05-21,12.225000
2015-05-22,12.140000
2015-05-26,11.755667
2015-05-27,12.070000
2015-05-28,12.038333
2015-05-29,11.801667
2015-06-01,11.878333
2015-06-02,11.845000
2015-06-03,11.936667
2015-06-04,11.660000
2015-06-05,11.585000
2015-06-08,11.368333
2015-06-09,11.350000
2015-06-10,11.768333
2015-06-11,11.875000
2015-06-12,11.595000
2015-06-15,11.441667
2015-06-16,11.643333
2015-06-17,11.700000
2015-06-18,12.045000
2015-06-19,11.836667
2015-06-22,12.078333
2015-06-23,12.105000
2015-06-24,11.836667
2015-06-25,11.720000
2015-06-26,11.721667
2015-06-29,10.990000
2015-06-30,11.066667
2015-07-01,11.313333
2015-07-02,11.278333
2015-07-06,11.186667
2015-07-07,11.386667
2015-07-08,10.823333
2015-07-09,10.876667
2015-07-10,11.290000
2015-07-13,11.658333
2015-07-14,11.821667
2015-07-15,11.800000
2015-07-16,12.068333
2015-07-17,12.106667
2015-07-20,12.131667
2015-07-21,11.978333
2015-07-22,11.906667
2015-07-23,11.710000
2015-07-24,11.355000
2015-07-27,11.151667
2015-07-28,11.558333
2015-07-29,11.796667
2015-07-30,11.798333
2015-07-31,11.750000
2015-08-03,11.621667
2015-08-04,11.558333
2015-08-05,11.671667
2015-08-06,11.416667
2015-08-07,11.318333
2015-08-10,11.741667
2015-08-11,11.426667
2015-08-12,11.458333
2015-08-13,11.425000
2015-08-14,11.545000
2015-08-17,11.740000
2015-08-18,11.638333
2015-08-19,11.368333
2015-08-20,10.650000
2015-08-21,9.651667
2015-08-24,8.540000
2015-08-25,8.140000
2015-08-26,9.100000
2015-08-27,9.780000
2015-08-28,9.781667
2015-08-31,9.533333
2015-09-01,8.686667
2015-09-02,9.170000
2015-09-03,9.185000
2015-09-04,8.776667
2015-09-08,9.438333
2015-09-09,9.055000
2015-09-10,9.201667
2015-09-11,9.331667
2015-09-14,9.216667
2015-09-15,9.580000
2015-09-16,9.813333
2015-09-17,9.763333
2015-09-18,9.275000
2015-09-21,9.418333
2015-09-22,9.056667
2015-09-23,8.998333
2015-09-24,8.920000
2015-09-25,8.896667
2015-09-28,8.223333
2015-09-29,8.241667
2015-09-30,8.710000
2015-10-01,8.780000
2015-10-02,9.146667
2015-10-05,9.650000
2015-10-06,9.550000
2015-10-07,9.796667
2015-10-08,10.050000
2015-10-09,10.068333
2015-10-12,10.111667
2015-10-13,9.910000
2015-10-14,9.758333
2015-10-15,10.203333
2015-10-16,10.341667
2015-10-19,10.363333
2015-10-20,10.318333
2015-10-21,10.138333
2015-10-22,10.640000
2015-10-23,10.993333
2015-10-26,10.923333
2015-10-27,10.843333
2015-10-28,11.218333
2015-10-29,11.216667
2015-10-30,11.043333
2015-11-02,11.438333
2015-11-03,11.536667
2015-11-04,11.453333
2015-11-05,11.406667
2015-11-06,11.383333
2015-11-09,11.070000
2015-11-10,11.128333
2015-11-11,11.008333
2015-11-12,10.553333
2015-11-13,10.196667
2015-11-16,10.658333
2015-11-17,10.621667
2015-11-18,11.131667
2015-11-19,11.115000
2015-11-20,11.236667
2015-11-23,11.188333
2015-11-24,11.241667
2015-11-25,11.228333
2015-11-27,11.260000
2015-11-30,11.133333
2015-12-01,11.448333
2015-12-02,11.085000
2015-12-03,10.623333
2015-12-04,11.245000
2015-12-07,11.040000
2015-12-08,10.816667
2015-12-09,10.570000
2015-12-10,10.631667
2015-12-11,10.008333
2015-12-14,10.181667
2015-12-15,10.495000
2015-12-16,10.953333
2015-12-17,10.466667
2015-12-18,9.873333
2015-12-21,10.143333
2015-12-22,10.393333
2015-12-23,10.773333
2015-12-24,10.698333
2015-12-28,10.650000
2015-12-29,10.985000
2015-12-30,10.756667
2015-12-31,10.436667
2016-01-04,9.986667
2016-01-05,10.041667
2016-01-06,9.659667
2016-01-07,8.963333
2016-01-08,8.665000
2016-01-11,8.680000
2016-01-12,8.903333
2016-01-13,8.231667
2016-01-14,8.633333
2016-01-15,8.068333
2016-01-19,8.115000
2016-01-20,7.806667
2016-01-21,7.920000
2016-01-22,8.420000
2016-01-25,8.045000
2016-01-26,8.365000
2016-01-27,8.091667
2016-01-28,8.218333
2016-01-29,8.831667
2016-02-01,8.805000
2016-02-02,8.333333
2016-02-03,8.473333
2016-02-04,8.510000
2016-02-05,8.023333
2016-02-08,7.693333
2016-02-09,7.691667
2016-02-10,7.683383
2016-02-11,7.405000
2016-02-12,7.838333
2016-02-16,8.226667
2016-02-17,8.635000
2016-02-18,8.528333
2016-02-19,8.526667
2016-02-22,8.885000
2016-02-23,8.561667
2016-02-24,8.675000
2016-02-25,8.980000
2016-02-26,8.926667
2016-02-29,8.683333
2016-03-01,9.328333
2016-03-02,9.456667
2016-03-03,9.553333
2016-03-04,9.655000
2016-03-07,9.675000
2016-03-08,9.353333
2016-03-09,9.498333
2016-03-10,9.515000
2016-03-11,9.980000
2016-03-14,9.943333
2016-03-15,9.898333
2016-03-16,10.076667
2016-03-17,10.263333
2016-03-18,10.383333
2016-03-21,10.421667
2016-03-22,10.411667
2016-03-23,10.206667
2016-03-24,10.181667
2016-03-28,10.206667
2016-03-29,10.496667
2016-03-30,10.621667
2016-03-31,10.550000
2016-04-01,10.746667
2016-04-04,10.648333
2016-04-05,10.336667
2016-04-06,10.658333
2016-04-07,10.286667
2016-04-08,10.368333
2016-04-11,10.288333
2016-04-12,10.585000
2016-04-13,10.895000
2016-04-14,10.903333
2016-04-15,10.853333
2016-04-18,11.091667
2016-04-19,11.196667
2016-04-20,11.223333
2016-04-21,11.046667
2016-04-22,11.053333
2016-04-25,10.988333
2016-04-26,11.048333
2016-04-27,11.106667
2016-04-28,10.813333
2016-04-29,10.635000
2016-05-02,10.871667
2016-05-03,10.591667
2016-05-04,10.405000
2016-05-05,10.413333
2016-05-06,10.515000
2016-05-09,10.555000
2016-05-10,10.936667
2016-05-11,10.636667
2016-05-12,10.635000
2016-05-13,10.353333
2016-05-16,10.660000
2016-05-17,10.370000
2016-05-18,10.383333
2016-05-19,10.273333
2016-05-20,10.460000
2016-05-23,10.408333
2016-05-24,10.820000
2016-05-25,11.036667
2016-05-26,11.048333
2016-05-27,11.183333
2016-05-31,11.130000
2016-06-01,11.191667
2016-06-02,11.300000
2016-06-03,11.201667
2016-06-06,11.366667
2016-06-07,11.408333
2016-06-08,11.521667
2016-06-09,11.478333
2016-06-10,11.148333
2016-06-13,10.900000
2016-06-14,10.840000
2016-06-15,10.781667
2016-06-16,10.880000
2016-06-17,10.756667
2016-06-20,10.963333
2016-06-21,11.055000
2016-06-22,10.980000
2016-06-23,11.415000
2016-06-24,10.178333
2016-06-27,9.625000
2016-06-28,10.146667
2016-06-29,10.678333
2016-06-30,11.093333
2016-07-01,11.171667
2016-07-05,10.945000
2016-07-06,11.128333
2016-07-07,11.105000
2016-07-08,11.596667
2016-07-11,11.721667
2016-07-12,11.978333
2016-07-13,11.980000
2016-07-14,12.165000
2016-07-15,12.128333
2016-07-18,12.226667
2016-07-19,12.183333
2016-07-20,12.340000
2016-07-21,12.196667
2016-07-22,12.361667
2016-07-25,12.268333
2016-07-26,12.273333
2016-07-27,12.243333
2016-07-28,12.283333
2016-07-29,12.328333
2016-08-01,12.298333
2016-08-02,12.061667
2016-08-03,12.170000
2016-08-04,12.213333
2016-08-05,12.511667
2016-08-08,12.486667
2016-08-09,12.500000
2016-08-10,12.410000
2016-08-11,12.588333
2016-08-12,12.551667
2016-08-15,12.668333
2016-08-16,12.460000
2016-08-17,12.526667
2016-08-18,12.615000
2016-08-19,12.556667
2016-08-22,12.553333
2016-08-23,12.625000
2016-08-24,12.446667
2016-08-25,12.395000
2016-08-26,12.336667
2016-08-29,12.513333
2016-08-30,12.446667
2016-08-31,12.341667
2016-09-01,12.351667
2016-09-02,12.510000
2016-09-06,12.630000
2016-09-07,12.626667
2016-09-08,12.531667
2016-09-09,11.638333
2016-09-12,12.123333
2016-09-13,11.598333
2016-09-14,11.581667
2016-09-15,11.933333
2016-09-16,11.798333
2016-09-19,11.795000
2016-09-20,11.810000
2016-09-21,12.200000
2016-09-22,12.420000
2016-09-23,12.226667
2016-09-26,11.925000
2016-09-27,12.150000
2016-09-28,12.325000
2016-09-29,11.991667
2016-09-30,12.273333
2016-10-03,12.156667
2016-10-04,11.988333
2016-10-05,12.146667
2016-10-06,12.166667
2016-10-07,12.035000
2016-10-10,12.216667
2016-10-11,11.771667
2016-10-12,11.815000
2016-10-13,11.695000
2016-10-14,11.706667
2016-10-17,11.593333
2016-10-18,11.791667
2016-10-19,11.890000
2016-10-20,11.825000
2016-10-21,11.831667
2016-10-24,11.981667
2016-10-25,11.880000
2016-10-26,11.805000
2016-10-27,11.705000
2016-10-28,11.591667
2016-10-31,11.583333
2016-11-01,11.350000
2016-11-02,11.133333
2016-11-03,10.985000
2016-11-04,10.933333
2016-11-07,11.653333
2016-11-08,11.811667
2016-11-09,12.213333
2016-11-10,12.288333
2016-11-11,12.206667
2016-11-14,12.230000
2016-11-15,12.515000
2016-11-16,12.451667
2016-11-17,12.633333
2016-11-18,12.550000
2016-11-21,12.831667
2016-11-22,12.906667
2016-11-23,12.930000
2016-11-25,13.078333
2016-11-28,12.893333
2016-11-29,12.966667
2016-11-30,12.863333
2016-12-01,12.715000
2016-12-02,12.738333
2016-12-05,12.953333
2016-12-06,13.096667
2016-12-07,13.596667
2016-12-08,13.700000
2016-12-09,13.945000
2016-12-12,13.906667
2016-12-13,14.171667
2016-12-14,13.848333
2016-12-15,13.990000
2016-12-16,13.930000
2016-12-19,14.006667
2016-12-20,14.155000
2016-12-21,14.050000
2016-12-22,13.983333
2016-12-23,14.025000
2016-12-27,14.131667
2016-12-28,13.795000
2016-12-29,13.771667
2016-12-30,13.630000
2017-01-03,13.925000
2017-01-04,14.173333
2017-01-05,14.130000
2017-01-06,14.290000
2017-01-09,14.155000
2017-01-10,14.131667
2017-01-11,14.246667
2017-01-12,14.153333
2017-01-13,14.241667
2017-01-17,14.110000
2017-01-18,14.183333
2017-01-19,14.035000
2017-01-20,14.180000
2017-01-23,14.070000
2017-01-24,14.338333
2017-01-25,14.686667
2017-01-26,14.653333
2017-01-27,14.601667
2017-01-30,14.338333
2017-01-31,14.330000
2017-02-01,14.338333
2017-02-02,14.358333
2017-02-03,14.646667
2017-02-06,14.585000
2017-02-07,14.575000
2017-02-08,14.633333
2017-02-09,14.883333
2017-02-10,15.058333
2017-02-13,15.288333
2017-02-14,15.485000
2017-02-15,15.716667
2017-02-16,15.686667
2017-02-17,15.748333
2017-02-21,16.020000
2017-02-22,15.991667
2017-02-23,16.031667
2017-02-24,16.085000
2017-02-27,16.156667
2017-02-28,16.036667
2017-03-01,16.683333
2017-03-02,16.400000
2017-03-03,16.415000
2017-03-06,16.271667
2017-03-07,16.126667
2017-03-08,16.021667
2017-03-09,16.078333
2017-03-10,16.236667
2017-03-13,16.261667
2017-03-14,16.095000
2017-03-15,16.476667
2017-03-16,16.411667
2017-03-17,16.303333
2017-03-20,16.245000
2017-03-21,15.638333
2017-03-22,15.733333
2017-03-23,15.680000
2017-03-24,15.648333
2017-03-27,15.591667
2017-03-28,15.916667
2017-03-29,15.990000
2017-03-30,16.115000
2017-03-31,16.001667
2017-04-03,15.940000
2017-04-04,15.966667
2017-04-05,15.805000
2017-04-06,15.935000
2017-04-07,15.888333
2017-04-10,15.913333
2017-04-11,15.856667
2017-04-12,15.656667
2017-04-13,15.358333
2017-04-17,15.746667
2017-04-18,15.596667
2017-04-19,15.516667
2017-04-20,15.878333
2017-04-21,15.745000
2017-04-24,16.245000
2017-04-25,16.530000
2017-04-26,16.506667
2017-04-27,16.546667
2017-04-28,16.445000
2017-05-01,16.548333
2017-05-02,16.576667
2017-05-03,16.523333
2017-05-04,16.555000
2017-05-05,16.763333
2017-05-08,16.753333
2017-05-09,16.708333
2017-05-10,16.785000
2017-05-11,16.693333
2017-05-12,16.610000
2017-05-15,16.856667
2017-05-16,16.820000
2017-05-17,15.935000
2017-05-18,16.100000
2017-05-19,16.413333
2017-05-22,16.676667
2017-05-23,16.781667
2017-05-24,16.876667
2017-05-25,17.115000
2017-05-26,17.123333
2017-05-30,17.081667
2017-05-31,17.053333
2017-06-01,17.451667
2017-06-02,17.620000
2017-06-05,17.596667
2017-06-06,17.438333
2017-06-07,17.516667
2017-06-08,17.538333
2017-06-09,17.465000
2017-06-12,17.441667
2017-06-13,17.693333
2017-06-14,17.631667
2017-06-15,17.520000
2017-06-16,17.520000
2017-06-19,17.963333
2017-06-20,17.620000
2017-06-21,17.583333
2017-06-22,17.563333
2017-06-23,17.638333
2017-06-26,17.653333
2017-06-27,17.243333
2017-06-28,17.676667
2017-06-29,17.230000
2017-06-30,17.311667
2017-07-03,17.396667
2017-07-05,17.510000
2017-07-06,17.043333
2017-07-07,17.356667
2017-07-10,17.405000
2017-07-11,17.365000
2017-07-12,17.756667
2017-07-13,17.840000
2017-07-14,18.076667
2017-07-17,18.078333
2017-07-18,18.106667
2017-07-19,18.400000
2017-07-20,18.413333
2017-07-21,18.376667
2017-07-24,18.358333
2017-07-25,18.468333
2017-07-26,18.483333
2017-07-27,18.440000
2017-07-28,18.353333
2017-07-31,18.328333
2017-08-01,18.436667
2017-08-02,18.458333
2017-08-03,18.371667
2017-08-04,18.450000
2017-08-07,18.548333
2017-08-08,18.433333
2017-08-09,18.405000
2017-08-10,17.640000
2017-08-11,17.706667
2017-08-14,18.226667
2017-08-15,18.223333
2017-08-16,18.305000
2017-08-17,17.458333
2017-08-18,17.360000
2017-08-21,17.413333
2017-08-22,17.926667
2017-08-23,17.748333
2017-08-24,17.626667
2017-08-25,17.743333
2017-08-28,17.746667
2017-08-29,17.796667
2017-08-30,18.061667
2017-08-31,18.366667
2017-09-01,18.466667
2017-09-05,18.048333
2017-09-06,18.231667
2017-09-07,18.218333
2017-09-08,18.141667
2017-09-11,18.713333
2017-09-12,18.918333
2017-09-13,18.953333
2017-09-14,18.926667
2017-09-15,19.010000
2017-09-18,19.111667
2017-09-19,19.156667
2017-09-20,19.186667
2017-09-21,19.023333
2017-09-22,19.033333
2017-09-25,18.915000
2017-09-26,18.948333
2017-09-27,19.153333
2017-09-28,19.226667
2017-09-29,19.411667
2017-10-02,19.658333
2017-10-03,19.800000
2017-10-04,19.863333
2017-10-05,20.205000
2017-10-06,20.153333
2017-10-09,20.053333
2017-10-10,20.188333
2017-10-11,20.283333
2017-10-12,20.196667
2017-10-13,20.250000
2017-10-16,20.338333
2017-10-17,20.381667
2017-10-18,20.440000
2017-10-19,20.458333
2017-10-20,20.751667
2017-10-23,20.525000
2017-10-24,20.621667
2017-10-25,20.335000
2017-10-26,20.376667
2017-10-27,20.895000
2017-10-30,20.663333
2017-10-31,20.738333
2017-11-01,20.845000
2017-11-02,20.858333
2017-11-03,21.046667
2017-11-06,21.131667
2017-11-07,21.113333
2017-11-08,21.216667
2017-11-09,20.973333
2017-11-10,20.945000
2017-11-13,21.000000
2017-11-14,20.868333
2017-11-15,20.545000
2017-11-16,21.036667
2017-11-17,20.880000
2017-11-20,20.968333
2017-11-21,21.375000
2017-11-22,21.311667
2017-11-24,21.448333
2017-11-27,21.435000
2017-11-28,22.070000
2017-11-29,22.030000
2017-11-30,22.578333
2017-12-01,22.455000
2017-12-04,22.368333
2017-12-05,22.133333
2017-12-06,22.133333
2017-12-07,22.341667
2017-12-08,22.700000
2017-12-11,22.918333
2017-12-12,23.030000
2017-12-13,23.016667
2017-12-14,22.735000
2017-12-15,23.288333
2017-12-18,23.733333
2017-12-19,23.461667
2017-12-20,23.420000
2017-12-21,23.541667
2017-12-22,23.520000
2017-12-26,23.428333
2017-12-27,23.478333
2017-12-28,23.586667
2017-12-29,23.358333
2018-01-02,23.836667
2018-01-03,24.271667
2018-01-04,24.578333
2018-01-05,25.058333
2018-01-08,25.183333
2018-01-09,25.361667
2018-01-10,25.243333
2018-01-11,25.765000
2018-01-12,26.273333
2018-01-16,26.000000
2018-01-17,26.746667
2018-01-18,26.625000
2018-01-19,26.951667
2018-01-22,27.613333
2018-01-23,27.806667
2018-01-24,27.755000
2018-01-25,27.791667
2018-01-26,28.740000
2018-01-29,28.151667
2018-01-30,27.276667
2018-01-31,27.613333
2018-02-01,27.226667
2018-02-02,25.466667
2018-02-05,22.335000
2018-02-06,23.625000
2018-02-07,23.178333
2018-02-08,20.596667
2018-02-09,21.551667
2018-02-12,22.396667
2018-02-13,22.593333
2018-02-14,23.521667
2018-02-15,24.381667
2018-02-16,24.400000
2018-02-20,23.970000
2018-02-21,23.586667
2018-02-22,23.683333
2018-02-23,24.811667
2018-02-26,25.673333
2018-02-27,24.681667
2018-02-28,23.876667
2018-03-01,22.905000
2018-03-02,23.258333
2018-03-05,24.043333
2018-03-06,24.233333
2018-03-07,24.206667
2018-03-08,24.530000
2018-03-09,25.806667
2018-03-12,25.715000
2018-03-13,25.220000
2018-03-14,24.816667
2018-03-15,24.728333
2018-03-16,24.813333
2018-03-19,23.801667
2018-03-20,23.908333
2018-03-21,23.770000
2018-03-22,22.191667
2018-03-23,20.548333
2018-03-26,22.250000
2018-03-27,21.081667
2018-03-28,20.905000
2018-03-29,21.788333
2018-04-02,20.293333
2018-04-03,21.061667
2018-04-04,21.793333
2018-04-05,22.236667
2018-04-06,20.773333
2018-04-09,21.021667
2018-04-10,22.025000
2018-04-11,21.698333
2018-04-12,22.213333
2018-04-13,22.020000
2018-04-16,22.550000
2018-04-17,23.281667
2018-04-18,23.330000
2018-04-19,22.921667
2018-04-20,22.345000
2018-04-23,22.335000
2018-04-24,21.440000
2018-04-25,21.585000
2018-04-26,22.243333
2018-04-27,22.280000
2018-04-30,21.758333
2018-05-01,21.878333
2018-05-02,21.416667
2018-05-03,21.271667
2018-05-04,22.101667
2018-05-07,22.318333
2018-05-08,22.325000
2018-05-09,22.978333
2018-05-10,23.608333
2018-05-11,23.741667
2018-05-14,23.843333
2018-05-15,23.333333
2018-05-16,23.630000
2018-05-17,23.573333
2018-05-18,23.390000
2018-05-21,23.913333
2018-05-22,23.710000
2018-05-23,23.893333
2018-05-24,23.760000
2018-05-25,23.560000
2018-05-29,22.785000
2018-05-30,23.655000
2018-05-31,23.165000
2018-06-01,23.895000
2018-06-04,24.235000
2018-06-05,24.305000
2018-06-06,24.915000
2018-06-07,24.880000
2018-06-08,25.075000
2018-06-11,25.180000
2018-06-12,25.290000
2018-06-13,25.000000
2018-06-14,25.210000
2018-06-15,25.105000
2018-06-18,24.925000
2018-06-19,24.650000
2018-06-20,24.725000
2018-06-21,24.275000
2018-06-22,24.390000
2018-06-25,23.420000
2018-06-26,23.545000
2018-06-27,22.955000
2018-06-28,23.365000
2018-06-29,23.440000
2018-07-02,23.570000
2018-07-03,23.300000
2018-07-05,23.885000
2018-07-06,24.460000
2018-07-09,25.135000
2018-07-10,25.400000
2018-07-11,24.865000
2018-07-12,25.500000
2018-07-13,25.550000
2018-07-16,25.495000
2018-07-17,25.815000
2018-07-18,25.960000
2018-07-19,25.660000
2018-07-20,25.570000
2018-07-23,25.720000
2018-07-24,26.070000
2018-07-25,26.780000
2018-07-26,26.525000
2018-07-27,26.010000
2018-07-30,25.575000
2018-07-31,25.955000
2018-08-01,25.850000
2018-08-02,26.230000
2018-08-03,26.585000
2018-08-06,26.875000
2018-08-07,27.115000
2018-08-08,27.055000
2018-08-09,26.950000
2018-08-10,26.405000
2018-08-13,26.125000
2018-08-14,26.615000
2018-08-15,26.030000
2018-08-16,26.620000
2018-08-17,26.880000
2018-08-20,27.085000
2018-08-21,27.235000
2018-08-22,27.220000
2018-08-23,27.065000
2018-08-24,27.555000
2018-08-27,28.195000
2018-08-28,28.235000
2018-08-29,28.695000
2018-08-30,28.325000
2018-08-31,28.315000
2018-09-04,28.190000
2018-09-05,27.960000
2018-09-06,27.690000
2018-09-07,27.510000
2018-09-10,27.665000
2018-09-11,27.955000
2018-09-12,27.960000
2018-09-13,28.420000
2018-09-14,28.450000
2018-09-17,27.975000
2018-09-18,28.425000
2018-09-19,28.520000
2018-09-20,29.185000
2018-09-21,29.105000
2018-09-24,28.835000
2018-09-25,28.720000
2018-09-26,28.435000
2018-09-27,28.665000
2018-09-28,28.635000
2018-10-01,28.960000
2018-10-02,28.930000
2018-10-03,28.970000
2018-10-04,28.275000
2018-10-05,27.825000
2018-10-08,27.780000
2018-10-09,27.670000
2018-10-10,25.005000
2018-10-11,23.385000
2018-10-12,24.330000
2018-10-15,23.920000
2018-10-16,25.420000
2018-10-17,25.475000
2018-10-18,24.380000
2018-10-19,24.310000
2018-10-22,24.005000
2018-10-23,23.595000
2018-10-24,21.435000
2018-10-25,22.625000
2018-10-26,21.395000
2018-10-29,21.025000
2018-10-30,22.000000
2018-10-31,22.685000
2018-11-01,23.395000
2018-11-02,22.935000
2018-11-05,23.355000
2018-11-06,23.775000
2018-11-07,25.285000
2018-11-08,25.135000
2018-11-09,24.440000
2018-11-12,23.020000
2018-11-13,22.905000
2018-11-14,22.405000
2018-11-15,23.120000
2018-11-16,23.285000
2018-11-19,22.145000
2018-11-20,20.885000
2018-11-21,21.085000
2018-11-23,20.660000
2018-11-26,21.635000
2018-11-27,21.845000
2018-11-28,23.340000
2018-11-29,23.190000
2018-11-30,23.655000
2018-12-03,24.535000
2018-12-04,22.205000
2018-12-06,22.065000
2018-12-07,20.520000
2018-12-10,20.615000
2018-12-11,20.610000
2018-12-12,20.935000
2018-12-13,20.910000
2018-12-14,19.740000
2018-12-17,18.545000
2018-12-18,18.510000
2018-12-19,17.660000
2018-12-20,16.795000
2018-12-21,15.740000
2018-12-24,14.500000
2018-12-26,16.575000
2018-12-27,17.015000
2018-12-28,16.935000
2018-12-31,17.390000
